ISO-10303-21;
HEADER;
FILE_DESCRIPTION( ( 'STEP AP214' ), '1' );
FILE_NAME( 'C:/Users/KMIROS~1/AppData/Local/Temp/psolqas08452679826.stp', '2019-02-18T07:45:26', ( '' ), ( '' ), ' ', 'PARTsolutions', ' ' );
FILE_SCHEMA( ( 'AUTOMOTIVE_DESIGN { 1 0 10303 214 1 1 1 1 }' ) );
ENDSEC;
DATA;
#1 = PRODUCT_DEFINITION_CONTEXT( '', #9, 'design' );
#2 = APPLICATION_PROTOCOL_DEFINITION( 'international standard', 'automotive_design', 2001, #9 );
#3 = PRODUCT_CATEGORY_RELATIONSHIP( 'NONE', 'NONE', #10, #11 );
#4 = SHAPE_DEFINITION_REPRESENTATION( #12, #13 );
#5 =  ( GEOMETRIC_REPRESENTATION_CONTEXT( 3 )GLOBAL_UNCERTAINTY_ASSIGNED_CONTEXT( ( #16 ) )GLOBAL_UNIT_ASSIGNED_CONTEXT( ( #18, #19, #20 ) )REPRESENTATION_CONTEXT( 'NONE', 'WORKSPACE' ) );
#9 = APPLICATION_CONTEXT( 'core data for automotive mechanical design processes' );
#10 = PRODUCT_CATEGORY( 'part', 'NONE' );
#11 = PRODUCT_RELATED_PRODUCT_CATEGORY( 'detail', ' ', ( #22 ) );
#12 = PRODUCT_DEFINITION_SHAPE( 'NONE', 'NONE', #23 );
#13 = ADVANCED_BREP_SHAPE_REPRESENTATION( '1', ( #24, #25 ), #5 );
#16 = UNCERTAINTY_MEASURE_WITH_UNIT( LENGTH_MEASURE( 1.00000000000000E-06 ), #18, '', '' );
#18 =  ( CONVERSION_BASED_UNIT( 'METRE', #28 )LENGTH_UNIT(  )NAMED_UNIT( #31 ) );
#19 =  ( NAMED_UNIT( #33 )PLANE_ANGLE_UNIT(  )SI_UNIT( $, .RADIAN. ) );
#20 =  ( NAMED_UNIT( #33 )SI_UNIT( $, .STERADIAN. )SOLID_ANGLE_UNIT(  ) );
#22 = PRODUCT( '1', '1', 'PART-1-DESC', ( #39 ) );
#23 = PRODUCT_DEFINITION( 'NONE', 'NONE', #40, #1 );
#24 = MANIFOLD_SOLID_BREP( '1', #41 );
#25 = AXIS2_PLACEMENT_3D( '', #42, #43, #44 );
#28 = LENGTH_MEASURE_WITH_UNIT( LENGTH_MEASURE( 1.00000000000000 ), #45 );
#31 = DIMENSIONAL_EXPONENTS( 1.00000000000000, 0.000000000000000, 0.000000000000000, 0.000000000000000, 0.000000000000000, 0.000000000000000, 0.000000000000000 );
#33 = DIMENSIONAL_EXPONENTS( 0.000000000000000, 0.000000000000000, 0.000000000000000, 0.000000000000000, 0.000000000000000, 0.000000000000000, 0.000000000000000 );
#39 = PRODUCT_CONTEXT( '', #9, 'mechanical' );
#40 = PRODUCT_DEFINITION_FORMATION_WITH_SPECIFIED_SOURCE( ' ', 'NONE', #22, .NOT_KNOWN. );
#41 = CLOSED_SHELL( '', ( #46, #47, #48, #49, #50, #51, #52, #53, #54, #55, #56, #57, #58, #59, #60, #61, #62, #63, #64, #65, #66, #67, #68, #69, #70, #71, #72, #73, #74, #75, #76, #77, #78, #79, #80, #81, #82, #83, #84, #85, #86, #87, #88, #89, #90, #91, #92, #93, #94, #95, #96, #97, #98, #99, #100, #101, #102, #103, #104, #105, #106, #107, #108, #109, #110, #111, #112, #113, #114, #115, #116, #117, #118, #119, #120, #121, #122, #123, #124, #125, #126, #127, #128, #129, #130, #131, #132, #133, #134, #135, #136, #137, #138, #139, #140, #141, #142, #143, #144, #145, #146, #147, #148, #149, #150, #151, #152, #153, #154, #155, #156, #157, #158, #159, #160, #161, #162, #163, #164, #165, #166, #167, #168, #169, #170, #171, #172, #173, #174, #175, #176, #177, #178, #179, #180, #181, #182, #183, #184, #185, #186, #187, #188, #189, #190, #191, #192, #193, #194, #195, #196, #197, #198, #199, #200, #201, #202, #203, #204, #205, #206, #207, #208, #209, #210, #211, #212, #213, #214, #215, #216, #217, #218, #219, #220, #221, #222, #223, #224, #225, #226, #227, #228, #229, #230, #231, #232, #233, #234, #235, #236, #237, #238, #239, #240, #241, #242, #243, #244, #245, #246, #247, #248, #249, #250, #251, #252, #253, #254, #255, #256, #257, #258, #259, #260, #261, #262, #263, #264, #265, #266, #267, #268, #269, #270, #271, #272, #273, #274, #275, #276, #277, #278, #279, #280, #281 ) );
#42 = CARTESIAN_POINT( '', ( 0.000000000000000, 0.000000000000000, 0.000000000000000 ) );
#43 = DIRECTION( '', ( 0.000000000000000, 0.000000000000000, 1.00000000000000 ) );
#44 = DIRECTION( '', ( 1.00000000000000, 0.000000000000000, 0.000000000000000 ) );
#45 =  ( LENGTH_UNIT(  )NAMED_UNIT( #31 )SI_UNIT( $, .METRE. ) );
#46 = ADVANCED_FACE( '', ( #283 ), #284, .F. );
#47 = ADVANCED_FACE( '', ( #285 ), #286, .F. );
#48 = ADVANCED_FACE( '', ( #287 ), #288, .F. );
#49 = ADVANCED_FACE( '', ( #289 ), #290, .T. );
#50 = ADVANCED_FACE( '', ( #291 ), #292, .F. );
#51 = ADVANCED_FACE( '', ( #293 ), #294, .T. );
#52 = ADVANCED_FACE( '', ( #295 ), #296, .T. );
#53 = ADVANCED_FACE( '', ( #297 ), #298, .T. );
#54 = ADVANCED_FACE( '', ( #299 ), #300, .F. );
#55 = ADVANCED_FACE( '', ( #301 ), #302, .F. );
#56 = ADVANCED_FACE( '', ( #303 ), #304, .T. );
#57 = ADVANCED_FACE( '', ( #305 ), #306, .T. );
#58 = ADVANCED_FACE( '', ( #307 ), #308, .F. );
#59 = ADVANCED_FACE( '', ( #309, #310, #311 ), #312, .T. );
#60 = ADVANCED_FACE( '', ( #313 ), #314, .F. );
#61 = ADVANCED_FACE( '', ( #315 ), #316, .F. );
#62 = ADVANCED_FACE( '', ( #317 ), #318, .T. );
#63 = ADVANCED_FACE( '', ( #319 ), #320, .T. );
#64 = ADVANCED_FACE( '', ( #321 ), #322, .T. );
#65 = ADVANCED_FACE( '', ( #323 ), #324, .F. );
#66 = ADVANCED_FACE( '', ( #325 ), #326, .T. );
#67 = ADVANCED_FACE( '', ( #327 ), #328, .T. );
#68 = ADVANCED_FACE( '', ( #329 ), #330, .T. );
#69 = ADVANCED_FACE( '', ( #331 ), #332, .F. );
#70 = ADVANCED_FACE( '', ( #333 ), #334, .T. );
#71 = ADVANCED_FACE( '', ( #335 ), #336, .T. );
#72 = ADVANCED_FACE( '', ( #337 ), #338, .T. );
#73 = ADVANCED_FACE( '', ( #339 ), #340, .T. );
#74 = ADVANCED_FACE( '', ( #341 ), #342, .T. );
#75 = ADVANCED_FACE( '', ( #343 ), #344, .T. );
#76 = ADVANCED_FACE( '', ( #345 ), #346, .F. );
#77 = ADVANCED_FACE( '', ( #347 ), #348, .T. );
#78 = ADVANCED_FACE( '', ( #349 ), #350, .T. );
#79 = ADVANCED_FACE( '', ( #351 ), #352, .T. );
#80 = ADVANCED_FACE( '', ( #353 ), #354, .T. );
#81 = ADVANCED_FACE( '', ( #355 ), #356, .F. );
#82 = ADVANCED_FACE( '', ( #357 ), #358, .T. );
#83 = ADVANCED_FACE( '', ( #359 ), #360, .F. );
#84 = ADVANCED_FACE( '', ( #361 ), #362, .T. );
#85 = ADVANCED_FACE( '', ( #363 ), #364, .T. );
#86 = ADVANCED_FACE( '', ( #365 ), #366, .T. );
#87 = ADVANCED_FACE( '', ( #367 ), #368, .T. );
#88 = ADVANCED_FACE( '', ( #369 ), #370, .F. );
#89 = ADVANCED_FACE( '', ( #371 ), #372, .T. );
#90 = ADVANCED_FACE( '', ( #373, #374 ), #375, .T. );
#91 = ADVANCED_FACE( '', ( #376 ), #377, .F. );
#92 = ADVANCED_FACE( '', ( #378 ), #379, .F. );
#93 = ADVANCED_FACE( '', ( #380 ), #381, .F. );
#94 = ADVANCED_FACE( '', ( #382 ), #383, .F. );
#95 = ADVANCED_FACE( '', ( #384 ), #385, .F. );
#96 = ADVANCED_FACE( '', ( #386 ), #387, .T. );
#97 = ADVANCED_FACE( '', ( #388 ), #389, .F. );
#98 = ADVANCED_FACE( '', ( #390 ), #391, .T. );
#99 = ADVANCED_FACE( '', ( #392 ), #393, .T. );
#100 = ADVANCED_FACE( '', ( #394 ), #395, .T. );
#101 = ADVANCED_FACE( '', ( #396 ), #397, .F. );
#102 = ADVANCED_FACE( '', ( #398 ), #399, .T. );
#103 = ADVANCED_FACE( '', ( #400 ), #401, .F. );
#104 = ADVANCED_FACE( '', ( #402 ), #403, .T. );
#105 = ADVANCED_FACE( '', ( #404 ), #405, .T. );
#106 = ADVANCED_FACE( '', ( #406 ), #407, .T. );
#107 = ADVANCED_FACE( '', ( #408 ), #409, .T. );
#108 = ADVANCED_FACE( '', ( #410 ), #411, .T. );
#109 = ADVANCED_FACE( '', ( #412 ), #413, .T. );
#110 = ADVANCED_FACE( '', ( #414 ), #415, .T. );
#111 = ADVANCED_FACE( '', ( #416 ), #417, .F. );
#112 = ADVANCED_FACE( '', ( #418 ), #419, .T. );
#113 = ADVANCED_FACE( '', ( #420 ), #421, .F. );
#114 = ADVANCED_FACE( '', ( #422 ), #423, .T. );
#115 = ADVANCED_FACE( '', ( #424 ), #425, .T. );
#116 = ADVANCED_FACE( '', ( #426 ), #427, .F. );
#117 = ADVANCED_FACE( '', ( #428 ), #429, .F. );
#118 = ADVANCED_FACE( '', ( #430 ), #431, .F. );
#119 = ADVANCED_FACE( '', ( #432 ), #433, .T. );
#120 = ADVANCED_FACE( '', ( #434 ), #435, .T. );
#121 = ADVANCED_FACE( '', ( #436 ), #437, .T. );
#122 = ADVANCED_FACE( '', ( #438 ), #439, .F. );
#123 = ADVANCED_FACE( '', ( #440 ), #441, .F. );
#124 = ADVANCED_FACE( '', ( #442 ), #443, .F. );
#125 = ADVANCED_FACE( '', ( #444 ), #445, .F. );
#126 = ADVANCED_FACE( '', ( #446 ), #447, .F. );
#127 = ADVANCED_FACE( '', ( #448 ), #449, .F. );
#128 = ADVANCED_FACE( '', ( #450 ), #451, .T. );
#129 = ADVANCED_FACE( '', ( #452 ), #453, .T. );
#130 = ADVANCED_FACE( '', ( #454 ), #455, .T. );
#131 = ADVANCED_FACE( '', ( #456 ), #457, .T. );
#132 = ADVANCED_FACE( '', ( #458 ), #459, .T. );
#133 = ADVANCED_FACE( '', ( #460, #461 ), #462, .F. );
#134 = ADVANCED_FACE( '', ( #463 ), #464, .T. );
#135 = ADVANCED_FACE( '', ( #465 ), #466, .F. );
#136 = ADVANCED_FACE( '', ( #467 ), #468, .F. );
#137 = ADVANCED_FACE( '', ( #469 ), #470, .T. );
#138 = ADVANCED_FACE( '', ( #471 ), #472, .F. );
#139 = ADVANCED_FACE( '', ( #473, #474 ), #475, .F. );
#140 = ADVANCED_FACE( '', ( #476 ), #477, .T. );
#141 = ADVANCED_FACE( '', ( #478 ), #479, .F. );
#142 = ADVANCED_FACE( '', ( #480 ), #481, .T. );
#143 = ADVANCED_FACE( '', ( #482 ), #483, .T. );
#144 = ADVANCED_FACE( '', ( #484 ), #485, .T. );
#145 = ADVANCED_FACE( '', ( #486 ), #487, .T. );
#146 = ADVANCED_FACE( '', ( #488 ), #489, .F. );
#147 = ADVANCED_FACE( '', ( #490 ), #491, .F. );
#148 = ADVANCED_FACE( '', ( #492 ), #493, .F. );
#149 = ADVANCED_FACE( '', ( #494 ), #495, .F. );
#150 = ADVANCED_FACE( '', ( #496 ), #497, .T. );
#151 = ADVANCED_FACE( '', ( #498 ), #499, .T. );
#152 = ADVANCED_FACE( '', ( #500 ), #501, .F. );
#153 = ADVANCED_FACE( '', ( #502 ), #503, .F. );
#154 = ADVANCED_FACE( '', ( #504 ), #505, .F. );
#155 = ADVANCED_FACE( '', ( #506 ), #507, .F. );
#156 = ADVANCED_FACE( '', ( #508 ), #509, .F. );
#157 = ADVANCED_FACE( '', ( #510 ), #511, .T. );
#158 = ADVANCED_FACE( '', ( #512 ), #513, .F. );
#159 = ADVANCED_FACE( '', ( #514 ), #515, .F. );
#160 = ADVANCED_FACE( '', ( #516 ), #517, .T. );
#161 = ADVANCED_FACE( '', ( #518 ), #519, .T. );
#162 = ADVANCED_FACE( '', ( #520 ), #521, .T. );
#163 = ADVANCED_FACE( '', ( #522 ), #523, .T. );
#164 = ADVANCED_FACE( '', ( #524 ), #525, .T. );
#165 = ADVANCED_FACE( '', ( #526 ), #527, .T. );
#166 = ADVANCED_FACE( '', ( #528 ), #529, .T. );
#167 = ADVANCED_FACE( '', ( #530 ), #531, .T. );
#168 = ADVANCED_FACE( '', ( #532 ), #533, .F. );
#169 = ADVANCED_FACE( '', ( #534 ), #535, .T. );
#170 = ADVANCED_FACE( '', ( #536 ), #537, .T. );
#171 = ADVANCED_FACE( '', ( #538 ), #539, .T. );
#172 = ADVANCED_FACE( '', ( #540 ), #541, .T. );
#173 = ADVANCED_FACE( '', ( #542 ), #543, .T. );
#174 = ADVANCED_FACE( '', ( #544 ), #545, .T. );
#175 = ADVANCED_FACE( '', ( #546 ), #547, .T. );
#176 = ADVANCED_FACE( '', ( #548 ), #549, .T. );
#177 = ADVANCED_FACE( '', ( #550 ), #551, .F. );
#178 = ADVANCED_FACE( '', ( #552 ), #553, .F. );
#179 = ADVANCED_FACE( '', ( #554 ), #555, .F. );
#180 = ADVANCED_FACE( '', ( #556 ), #557, .T. );
#181 = ADVANCED_FACE( '', ( #558 ), #559, .T. );
#182 = ADVANCED_FACE( '', ( #560 ), #561, .T. );
#183 = ADVANCED_FACE( '', ( #562 ), #563, .T. );
#184 = ADVANCED_FACE( '', ( #564 ), #565, .T. );
#185 = ADVANCED_FACE( '', ( #566 ), #567, .T. );
#186 = ADVANCED_FACE( '', ( #568 ), #569, .T. );
#187 = ADVANCED_FACE( '', ( #570, #571 ), #572, .F. );
#188 = ADVANCED_FACE( '', ( #573 ), #574, .T. );
#189 = ADVANCED_FACE( '', ( #575 ), #576, .T. );
#190 = ADVANCED_FACE( '', ( #577 ), #578, .T. );
#191 = ADVANCED_FACE( '', ( #579 ), #580, .T. );
#192 = ADVANCED_FACE( '', ( #581 ), #582, .F. );
#193 = ADVANCED_FACE( '', ( #583 ), #584, .F. );
#194 = ADVANCED_FACE( '', ( #585 ), #586, .T. );
#195 = ADVANCED_FACE( '', ( #587 ), #588, .F. );
#196 = ADVANCED_FACE( '', ( #589 ), #590, .T. );
#197 = ADVANCED_FACE( '', ( #591 ), #592, .F. );
#198 = ADVANCED_FACE( '', ( #593 ), #594, .F. );
#199 = ADVANCED_FACE( '', ( #595 ), #596, .F. );
#200 = ADVANCED_FACE( '', ( #597 ), #598, .F. );
#201 = ADVANCED_FACE( '', ( #599 ), #600, .T. );
#202 = ADVANCED_FACE( '', ( #601 ), #602, .T. );
#203 = ADVANCED_FACE( '', ( #603 ), #604, .T. );
#204 = ADVANCED_FACE( '', ( #605 ), #606, .F. );
#205 = ADVANCED_FACE( '', ( #607 ), #608, .F. );
#206 = ADVANCED_FACE( '', ( #609 ), #610, .F. );
#207 = ADVANCED_FACE( '', ( #611 ), #612, .T. );
#208 = ADVANCED_FACE( '', ( #613 ), #614, .T. );
#209 = ADVANCED_FACE( '', ( #615 ), #616, .F. );
#210 = ADVANCED_FACE( '', ( #617 ), #618, .F. );
#211 = ADVANCED_FACE( '', ( #619 ), #620, .T. );
#212 = ADVANCED_FACE( '', ( #621 ), #622, .F. );
#213 = ADVANCED_FACE( '', ( #623 ), #624, .T. );
#214 = ADVANCED_FACE( '', ( #625 ), #626, .T. );
#215 = ADVANCED_FACE( '', ( #627 ), #628, .T. );
#216 = ADVANCED_FACE( '', ( #629 ), #630, .T. );
#217 = ADVANCED_FACE( '', ( #631 ), #632, .F. );
#218 = ADVANCED_FACE( '', ( #633 ), #634, .T. );
#219 = ADVANCED_FACE( '', ( #635 ), #636, .T. );
#220 = ADVANCED_FACE( '', ( #637 ), #638, .T. );
#221 = ADVANCED_FACE( '', ( #639 ), #640, .T. );
#222 = ADVANCED_FACE( '', ( #641 ), #642, .T. );
#223 = ADVANCED_FACE( '', ( #643 ), #644, .F. );
#224 = ADVANCED_FACE( '', ( #645 ), #646, .T. );
#225 = ADVANCED_FACE( '', ( #647 ), #648, .T. );
#226 = ADVANCED_FACE( '', ( #649 ), #650, .T. );
#227 = ADVANCED_FACE( '', ( #651 ), #652, .T. );
#228 = ADVANCED_FACE( '', ( #653 ), #654, .F. );
#229 = ADVANCED_FACE( '', ( #655 ), #656, .T. );
#230 = ADVANCED_FACE( '', ( #657 ), #658, .T. );
#231 = ADVANCED_FACE( '', ( #659 ), #660, .F. );
#232 = ADVANCED_FACE( '', ( #661 ), #662, .T. );
#233 = ADVANCED_FACE( '', ( #663 ), #664, .T. );
#234 = ADVANCED_FACE( '', ( #665 ), #666, .T. );
#235 = ADVANCED_FACE( '', ( #667 ), #668, .T. );
#236 = ADVANCED_FACE( '', ( #669 ), #670, .T. );
#237 = ADVANCED_FACE( '', ( #671 ), #672, .F. );
#238 = ADVANCED_FACE( '', ( #673 ), #674, .F. );
#239 = ADVANCED_FACE( '', ( #675 ), #676, .T. );
#240 = ADVANCED_FACE( '', ( #677 ), #678, .T. );
#241 = ADVANCED_FACE( '', ( #679 ), #680, .F. );
#242 = ADVANCED_FACE( '', ( #681 ), #682, .T. );
#243 = ADVANCED_FACE( '', ( #683 ), #684, .T. );
#244 = ADVANCED_FACE( '', ( #685 ), #686, .T. );
#245 = ADVANCED_FACE( '', ( #687 ), #688, .T. );
#246 = ADVANCED_FACE( '', ( #689 ), #690, .T. );
#247 = ADVANCED_FACE( '', ( #691 ), #692, .F. );
#248 = ADVANCED_FACE( '', ( #693 ), #694, .T. );
#249 = ADVANCED_FACE( '', ( #695, #696, #697 ), #698, .F. );
#250 = ADVANCED_FACE( '', ( #699 ), #700, .T. );
#251 = ADVANCED_FACE( '', ( #701 ), #702, .T. );
#252 = ADVANCED_FACE( '', ( #703 ), #704, .T. );
#253 = ADVANCED_FACE( '', ( #705 ), #706, .T. );
#254 = ADVANCED_FACE( '', ( #707 ), #708, .T. );
#255 = ADVANCED_FACE( '', ( #709 ), #710, .T. );
#256 = ADVANCED_FACE( '', ( #711 ), #712, .T. );
#257 = ADVANCED_FACE( '', ( #713 ), #714, .T. );
#258 = ADVANCED_FACE( '', ( #715 ), #716, .T. );
#259 = ADVANCED_FACE( '', ( #717 ), #718, .T. );
#260 = ADVANCED_FACE( '', ( #719 ), #720, .T. );
#261 = ADVANCED_FACE( '', ( #721 ), #722, .T. );
#262 = ADVANCED_FACE( '', ( #723 ), #724, .F. );
#263 = ADVANCED_FACE( '', ( #725 ), #726, .T. );
#264 = ADVANCED_FACE( '', ( #727 ), #728, .F. );
#265 = ADVANCED_FACE( '', ( #729 ), #730, .F. );
#266 = ADVANCED_FACE( '', ( #731 ), #732, .F. );
#267 = ADVANCED_FACE( '', ( #733 ), #734, .F. );
#268 = ADVANCED_FACE( '', ( #735 ), #736, .F. );
#269 = ADVANCED_FACE( '', ( #737 ), #738, .T. );
#270 = ADVANCED_FACE( '', ( #739 ), #740, .F. );
#271 = ADVANCED_FACE( '', ( #741 ), #742, .F. );
#272 = ADVANCED_FACE( '', ( #743 ), #744, .F. );
#273 = ADVANCED_FACE( '', ( #745 ), #746, .F. );
#274 = ADVANCED_FACE( '', ( #747 ), #748, .T. );
#275 = ADVANCED_FACE( '', ( #749 ), #750, .F. );
#276 = ADVANCED_FACE( '', ( #751 ), #752, .F. );
#277 = ADVANCED_FACE( '', ( #753 ), #754, .F. );
#278 = ADVANCED_FACE( '', ( #755 ), #756, .F. );
#279 = ADVANCED_FACE( '', ( #757 ), #758, .T. );
#280 = ADVANCED_FACE( '', ( #759 ), #760, .T. );
#281 = ADVANCED_FACE( '', ( #761 ), #762, .T. );
#283 = FACE_OUTER_BOUND( '', #763, .T. );
#284 = PLANE( '', #764 );
#285 = FACE_OUTER_BOUND( '', #765, .T. );
#286 = PLANE( '', #766 );
#287 = FACE_OUTER_BOUND( '', #767, .T. );
#288 = CYLINDRICAL_SURFACE( '', #768, 0.000400000000000000 );
#289 = FACE_OUTER_BOUND( '', #769, .T. );
#290 = PLANE( '', #770 );
#291 = FACE_OUTER_BOUND( '', #771, .T. );
#292 = CYLINDRICAL_SURFACE( '', #772, 0.000400000000000000 );
#293 = FACE_OUTER_BOUND( '', #773, .T. );
#294 = CYLINDRICAL_SURFACE( '', #774, 0.000500000000000000 );
#295 = FACE_OUTER_BOUND( '', #775, .T. );
#296 = CYLINDRICAL_SURFACE( '', #776, 0.000100000000000000 );
#297 = FACE_OUTER_BOUND( '', #777, .T. );
#298 = CYLINDRICAL_SURFACE( '', #778, 0.000100000000000000 );
#299 = FACE_OUTER_BOUND( '', #779, .T. );
#300 = PLANE( '', #780 );
#301 = FACE_OUTER_BOUND( '', #781, .T. );
#302 = PLANE( '', #782 );
#303 = FACE_OUTER_BOUND( '', #783, .T. );
#304 = PLANE( '', #784 );
#305 = FACE_OUTER_BOUND( '', #785, .T. );
#306 = PLANE( '', #786 );
#307 = FACE_OUTER_BOUND( '', #787, .T. );
#308 = PLANE( '', #788 );
#309 = FACE_OUTER_BOUND( '', #789, .T. );
#310 = FACE_BOUND( '', #790, .T. );
#311 = FACE_BOUND( '', #791, .T. );
#312 = PLANE( '', #792 );
#313 = FACE_OUTER_BOUND( '', #793, .T. );
#314 = PLANE( '', #794 );
#315 = FACE_OUTER_BOUND( '', #795, .T. );
#316 = PLANE( '', #796 );
#317 = FACE_OUTER_BOUND( '', #797, .T. );
#318 = CYLINDRICAL_SURFACE( '', #798, 0.000100000000000000 );
#319 = FACE_OUTER_BOUND( '', #799, .T. );
#320 = CYLINDRICAL_SURFACE( '', #800, 0.000100000000000000 );
#321 = FACE_OUTER_BOUND( '', #801, .T. );
#322 = PLANE( '', #802 );
#323 = FACE_OUTER_BOUND( '', #803, .T. );
#324 = PLANE( '', #804 );
#325 = FACE_OUTER_BOUND( '', #805, .T. );
#326 = PLANE( '', #806 );
#327 = FACE_OUTER_BOUND( '', #807, .T. );
#328 = CYLINDRICAL_SURFACE( '', #808, 0.000100000200000000 );
#329 = FACE_OUTER_BOUND( '', #809, .T. );
#330 = PLANE( '', #810 );
#331 = FACE_OUTER_BOUND( '', #811, .T. );
#332 = PLANE( '', #812 );
#333 = FACE_OUTER_BOUND( '', #813, .T. );
#334 = CONICAL_SURFACE( '', #814, 0.00132898080000000, 0.436332313000000 );
#335 = FACE_OUTER_BOUND( '', #815, .T. );
#336 = CYLINDRICAL_SURFACE( '', #816, 0.000100000200000000 );
#337 = FACE_OUTER_BOUND( '', #817, .T. );
#338 = CYLINDRICAL_SURFACE( '', #818, 0.000100000200000000 );
#339 = FACE_OUTER_BOUND( '', #819, .T. );
#340 = CYLINDRICAL_SURFACE( '', #820, 0.000100000000000000 );
#341 = FACE_OUTER_BOUND( '', #821, .T. );
#342 = PLANE( '', #822 );
#343 = FACE_OUTER_BOUND( '', #823, .T. );
#344 = CYLINDRICAL_SURFACE( '', #824, 0.000100000000000000 );
#345 = FACE_OUTER_BOUND( '', #825, .T. );
#346 = PLANE( '', #826 );
#347 = FACE_OUTER_BOUND( '', #827, .T. );
#348 = CYLINDRICAL_SURFACE( '', #828, 0.000100000000000000 );
#349 = FACE_OUTER_BOUND( '', #829, .T. );
#350 = PLANE( '', #830 );
#351 = FACE_OUTER_BOUND( '', #831, .T. );
#352 = PLANE( '', #832 );
#353 = FACE_OUTER_BOUND( '', #833, .T. );
#354 = PLANE( '', #834 );
#355 = FACE_OUTER_BOUND( '', #835, .T. );
#356 = PLANE( '', #836 );
#357 = FACE_OUTER_BOUND( '', #837, .T. );
#358 = CYLINDRICAL_SURFACE( '', #838, 0.000500000000000000 );
#359 = FACE_OUTER_BOUND( '', #839, .T. );
#360 = PLANE( '', #840 );
#361 = FACE_OUTER_BOUND( '', #841, .T. );
#362 = PLANE( '', #842 );
#363 = FACE_OUTER_BOUND( '', #843, .T. );
#364 = CYLINDRICAL_SURFACE( '', #844, 0.000100000000000000 );
#365 = FACE_OUTER_BOUND( '', #845, .T. );
#366 = CYLINDRICAL_SURFACE( '', #846, 0.000100000000000000 );
#367 = FACE_OUTER_BOUND( '', #847, .T. );
#368 = PLANE( '', #848 );
#369 = FACE_OUTER_BOUND( '', #849, .T. );
#370 = PLANE( '', #850 );
#371 = FACE_OUTER_BOUND( '', #851, .T. );
#372 = PLANE( '', #852 );
#373 = FACE_OUTER_BOUND( '', #853, .T. );
#374 = FACE_BOUND( '', #854, .T. );
#375 = PLANE( '', #855 );
#376 = FACE_OUTER_BOUND( '', #856, .T. );
#377 = PLANE( '', #857 );
#378 = FACE_OUTER_BOUND( '', #858, .T. );
#379 = PLANE( '', #859 );
#380 = FACE_OUTER_BOUND( '', #860, .T. );
#381 = PLANE( '', #861 );
#382 = FACE_OUTER_BOUND( '', #862, .T. );
#383 = CYLINDRICAL_SURFACE( '', #863, 0.000850000000000000 );
#384 = FACE_OUTER_BOUND( '', #864, .T. );
#385 = CYLINDRICAL_SURFACE( '', #865, 0.000850000000000000 );
#386 = FACE_OUTER_BOUND( '', #866, .T. );
#387 = PLANE( '', #867 );
#388 = FACE_OUTER_BOUND( '', #868, .T. );
#389 = PLANE( '', #869 );
#390 = FACE_OUTER_BOUND( '', #870, .T. );
#391 = PLANE( '', #871 );
#392 = FACE_OUTER_BOUND( '', #872, .T. );
#393 = PLANE( '', #873 );
#394 = FACE_OUTER_BOUND( '', #874, .T. );
#395 = PLANE( '', #875 );
#396 = FACE_OUTER_BOUND( '', #876, .T. );
#397 = PLANE( '', #877 );
#398 = FACE_OUTER_BOUND( '', #878, .T. );
#399 = PLANE( '', #879 );
#400 = FACE_OUTER_BOUND( '', #880, .T. );
#401 = PLANE( '', #881 );
#402 = FACE_OUTER_BOUND( '', #882, .T. );
#403 = CONICAL_SURFACE( '', #883, 0.00130398080000000, 0.436332313000000 );
#404 = FACE_OUTER_BOUND( '', #884, .T. );
#405 = CYLINDRICAL_SURFACE( '', #885, 0.000100000000000000 );
#406 = FACE_OUTER_BOUND( '', #886, .T. );
#407 = PLANE( '', #887 );
#408 = FACE_OUTER_BOUND( '', #888, .T. );
#409 = PLANE( '', #889 );
#410 = FACE_OUTER_BOUND( '', #890, .T. );
#411 = CYLINDRICAL_SURFACE( '', #891, 0.000100000000000000 );
#412 = FACE_OUTER_BOUND( '', #892, .T. );
#413 = PLANE( '', #893 );
#414 = FACE_OUTER_BOUND( '', #894, .T. );
#415 = PLANE( '', #895 );
#416 = FACE_OUTER_BOUND( '', #896, .T. );
#417 = PLANE( '', #897 );
#418 = FACE_OUTER_BOUND( '', #898, .T. );
#419 = CYLINDRICAL_SURFACE( '', #899, 0.000100000000000000 );
#420 = FACE_OUTER_BOUND( '', #900, .T. );
#421 = PLANE( '', #901 );
#422 = FACE_OUTER_BOUND( '', #902, .T. );
#423 = CYLINDRICAL_SURFACE( '', #903, 0.000100000000000000 );
#424 = FACE_OUTER_BOUND( '', #904, .T. );
#425 = CYLINDRICAL_SURFACE( '', #905, 0.000100000000000000 );
#426 = FACE_OUTER_BOUND( '', #906, .T. );
#427 = PLANE( '', #907 );
#428 = FACE_OUTER_BOUND( '', #908, .T. );
#429 = PLANE( '', #909 );
#430 = FACE_OUTER_BOUND( '', #910, .T. );
#431 = PLANE( '', #911 );
#432 = FACE_OUTER_BOUND( '', #912, .T. );
#433 = CYLINDRICAL_SURFACE( '', #913, 0.00152500000000000 );
#434 = FACE_OUTER_BOUND( '', #914, .T. );
#435 = PLANE( '', #915 );
#436 = FACE_OUTER_BOUND( '', #916, .T. );
#437 = CYLINDRICAL_SURFACE( '', #917, 0.000100000000000000 );
#438 = FACE_OUTER_BOUND( '', #918, .T. );
#439 = PLANE( '', #919 );
#440 = FACE_OUTER_BOUND( '', #920, .T. );
#441 = PLANE( '', #921 );
#442 = FACE_OUTER_BOUND( '', #922, .T. );
#443 = CYLINDRICAL_SURFACE( '', #923, 0.000400000000000000 );
#444 = FACE_OUTER_BOUND( '', #924, .T. );
#445 = CYLINDRICAL_SURFACE( '', #925, 0.000400000000000000 );
#446 = FACE_OUTER_BOUND( '', #926, .T. );
#447 = CYLINDRICAL_SURFACE( '', #927, 0.000500000000000000 );
#448 = FACE_OUTER_BOUND( '', #928, .T. );
#449 = PLANE( '', #929 );
#450 = FACE_OUTER_BOUND( '', #930, .T. );
#451 = PLANE( '', #931 );
#452 = FACE_OUTER_BOUND( '', #932, .T. );
#453 = PLANE( '', #933 );
#454 = FACE_OUTER_BOUND( '', #934, .T. );
#455 = CYLINDRICAL_SURFACE( '', #935, 0.000100000000000000 );
#456 = FACE_OUTER_BOUND( '', #936, .T. );
#457 = PLANE( '', #937 );
#458 = FACE_OUTER_BOUND( '', #938, .T. );
#459 = CYLINDRICAL_SURFACE( '', #939, 0.000100000000000000 );
#460 = FACE_OUTER_BOUND( '', #940, .T. );
#461 = FACE_BOUND( '', #941, .T. );
#462 = PLANE( '', #942 );
#463 = FACE_OUTER_BOUND( '', #943, .T. );
#464 = CYLINDRICAL_SURFACE( '', #944, 0.000100000000000000 );
#465 = FACE_OUTER_BOUND( '', #945, .T. );
#466 = PLANE( '', #946 );
#467 = FACE_OUTER_BOUND( '', #947, .T. );
#468 = PLANE( '', #948 );
#469 = FACE_OUTER_BOUND( '', #949, .T. );
#470 = PLANE( '', #950 );
#471 = FACE_OUTER_BOUND( '', #951, .T. );
#472 = PLANE( '', #952 );
#473 = FACE_OUTER_BOUND( '', #953, .T. );
#474 = FACE_BOUND( '', #954, .T. );
#475 = PLANE( '', #955 );
#476 = FACE_OUTER_BOUND( '', #956, .T. );
#477 = PLANE( '', #957 );
#478 = FACE_OUTER_BOUND( '', #958, .T. );
#479 = PLANE( '', #959 );
#480 = FACE_OUTER_BOUND( '', #960, .T. );
#481 = PLANE( '', #961 );
#482 = FACE_OUTER_BOUND( '', #962, .T. );
#483 = PLANE( '', #963 );
#484 = FACE_OUTER_BOUND( '', #964, .T. );
#485 = PLANE( '', #965 );
#486 = FACE_OUTER_BOUND( '', #966, .T. );
#487 = CYLINDRICAL_SURFACE( '', #967, 0.000100000000000000 );
#488 = FACE_OUTER_BOUND( '', #968, .T. );
#489 = CYLINDRICAL_SURFACE( '', #969, 0.000500000000000000 );
#490 = FACE_OUTER_BOUND( '', #970, .T. );
#491 = CYLINDRICAL_SURFACE( '', #971, 0.000500000000000000 );
#492 = FACE_OUTER_BOUND( '', #972, .T. );
#493 = CYLINDRICAL_SURFACE( '', #973, 0.000500000000000000 );
#494 = FACE_OUTER_BOUND( '', #974, .T. );
#495 = PLANE( '', #975 );
#496 = FACE_OUTER_BOUND( '', #976, .T. );
#497 = CYLINDRICAL_SURFACE( '', #977, 0.00152500000000000 );
#498 = FACE_OUTER_BOUND( '', #978, .T. );
#499 = CYLINDRICAL_SURFACE( '', #979, 0.000100000000000000 );
#500 = FACE_OUTER_BOUND( '', #980, .T. );
#501 = CYLINDRICAL_SURFACE( '', #981, 0.000850000000000000 );
#502 = FACE_OUTER_BOUND( '', #982, .T. );
#503 = PLANE( '', #983 );
#504 = FACE_OUTER_BOUND( '', #984, .T. );
#505 = PLANE( '', #985 );
#506 = FACE_OUTER_BOUND( '', #986, .T. );
#507 = PLANE( '', #987 );
#508 = FACE_OUTER_BOUND( '', #988, .T. );
#509 = PLANE( '', #989 );
#510 = FACE_OUTER_BOUND( '', #990, .T. );
#511 = CYLINDRICAL_SURFACE( '', #991, 0.000100000000000000 );
#512 = FACE_OUTER_BOUND( '', #992, .T. );
#513 = PLANE( '', #993 );
#514 = FACE_OUTER_BOUND( '', #994, .T. );
#515 = PLANE( '', #995 );
#516 = FACE_OUTER_BOUND( '', #996, .T. );
#517 = CYLINDRICAL_SURFACE( '', #997, 0.000500000000000000 );
#518 = FACE_OUTER_BOUND( '', #998, .T. );
#519 = CYLINDRICAL_SURFACE( '', #999, 0.00147500000000000 );
#520 = FACE_OUTER_BOUND( '', #1000, .T. );
#521 = CYLINDRICAL_SURFACE( '', #1001, 0.000100000000000000 );
#522 = FACE_OUTER_BOUND( '', #1002, .T. );
#523 = CYLINDRICAL_SURFACE( '', #1003, 0.000100000000000000 );
#524 = FACE_OUTER_BOUND( '', #1004, .T. );
#525 = PLANE( '', #1005 );
#526 = FACE_OUTER_BOUND( '', #1006, .T. );
#527 = PLANE( '', #1007 );
#528 = FACE_OUTER_BOUND( '', #1008, .T. );
#529 = PLANE( '', #1009 );
#530 = FACE_OUTER_BOUND( '', #1010, .T. );
#531 = CYLINDRICAL_SURFACE( '', #1011, 0.000100000000000000 );
#532 = FACE_OUTER_BOUND( '', #1012, .T. );
#533 = PLANE( '', #1013 );
#534 = FACE_OUTER_BOUND( '', #1014, .T. );
#535 = PLANE( '', #1015 );
#536 = FACE_OUTER_BOUND( '', #1016, .T. );
#537 = PLANE( '', #1017 );
#538 = FACE_OUTER_BOUND( '', #1018, .T. );
#539 = CYLINDRICAL_SURFACE( '', #1019, 0.00147500000000000 );
#540 = FACE_OUTER_BOUND( '', #1020, .T. );
#541 = PLANE( '', #1021 );
#542 = FACE_OUTER_BOUND( '', #1022, .T. );
#543 = CYLINDRICAL_SURFACE( '', #1023, 0.000100000000000000 );
#544 = FACE_OUTER_BOUND( '', #1024, .T. );
#545 = CONICAL_SURFACE( '', #1025, 0.00130398080000000, 0.436332313000000 );
#546 = FACE_OUTER_BOUND( '', #1026, .T. );
#547 = PLANE( '', #1027 );
#548 = FACE_OUTER_BOUND( '', #1028, .T. );
#549 = CYLINDRICAL_SURFACE( '', #1029, 0.000100000200000000 );
#550 = FACE_OUTER_BOUND( '', #1030, .T. );
#551 = CYLINDRICAL_SURFACE( '', #1031, 0.000500000000000000 );
#552 = FACE_OUTER_BOUND( '', #1032, .T. );
#553 = PLANE( '', #1033 );
#554 = FACE_OUTER_BOUND( '', #1034, .T. );
#555 = PLANE( '', #1035 );
#556 = FACE_OUTER_BOUND( '', #1036, .T. );
#557 = PLANE( '', #1037 );
#558 = FACE_OUTER_BOUND( '', #1038, .T. );
#559 = PLANE( '', #1039 );
#560 = FACE_OUTER_BOUND( '', #1040, .T. );
#561 = PLANE( '', #1041 );
#562 = FACE_OUTER_BOUND( '', #1042, .T. );
#563 = PLANE( '', #1043 );
#564 = FACE_OUTER_BOUND( '', #1044, .T. );
#565 = PLANE( '', #1045 );
#566 = FACE_OUTER_BOUND( '', #1046, .T. );
#567 = PLANE( '', #1047 );
#568 = FACE_OUTER_BOUND( '', #1048, .T. );
#569 = PLANE( '', #1049 );
#570 = FACE_OUTER_BOUND( '', #1050, .T. );
#571 = FACE_BOUND( '', #1051, .T. );
#572 = PLANE( '', #1052 );
#573 = FACE_OUTER_BOUND( '', #1053, .T. );
#574 = PLANE( '', #1054 );
#575 = FACE_OUTER_BOUND( '', #1055, .T. );
#576 = PLANE( '', #1056 );
#577 = FACE_OUTER_BOUND( '', #1057, .T. );
#578 = PLANE( '', #1058 );
#579 = FACE_OUTER_BOUND( '', #1059, .T. );
#580 = PLANE( '', #1060 );
#581 = FACE_OUTER_BOUND( '', #1061, .T. );
#582 = PLANE( '', #1062 );
#583 = FACE_OUTER_BOUND( '', #1063, .T. );
#584 = PLANE( '', #1064 );
#585 = FACE_OUTER_BOUND( '', #1065, .T. );
#586 = PLANE( '', #1066 );
#587 = FACE_OUTER_BOUND( '', #1067, .T. );
#588 = PLANE( '', #1068 );
#589 = FACE_OUTER_BOUND( '', #1069, .T. );
#590 = PLANE( '', #1070 );
#591 = FACE_OUTER_BOUND( '', #1071, .T. );
#592 = PLANE( '', #1072 );
#593 = FACE_OUTER_BOUND( '', #1073, .T. );
#594 = PLANE( '', #1074 );
#595 = FACE_OUTER_BOUND( '', #1075, .T. );
#596 = PLANE( '', #1076 );
#597 = FACE_OUTER_BOUND( '', #1077, .T. );
#598 = CYLINDRICAL_SURFACE( '', #1078, 0.000850000000000000 );
#599 = FACE_OUTER_BOUND( '', #1079, .T. );
#600 = PLANE( '', #1080 );
#601 = FACE_OUTER_BOUND( '', #1081, .T. );
#602 = CONICAL_SURFACE( '', #1082, 0.00130398080000000, 0.436332313000000 );
#603 = FACE_OUTER_BOUND( '', #1083, .T. );
#604 = PLANE( '', #1084 );
#605 = FACE_OUTER_BOUND( '', #1085, .T. );
#606 = CYLINDRICAL_SURFACE( '', #1086, 0.000850000000000000 );
#607 = FACE_OUTER_BOUND( '', #1087, .T. );
#608 = PLANE( '', #1088 );
#609 = FACE_OUTER_BOUND( '', #1089, .T. );
#610 = PLANE( '', #1090 );
#611 = FACE_OUTER_BOUND( '', #1091, .T. );
#612 = CONICAL_SURFACE( '', #1092, 0.00132898080000000, 0.436332313000000 );
#613 = FACE_OUTER_BOUND( '', #1093, .T. );
#614 = PLANE( '', #1094 );
#615 = FACE_OUTER_BOUND( '', #1095, .T. );
#616 = PLANE( '', #1096 );
#617 = FACE_OUTER_BOUND( '', #1097, .T. );
#618 = CYLINDRICAL_SURFACE( '', #1098, 0.000500000000000000 );
#619 = FACE_OUTER_BOUND( '', #1099, .T. );
#620 = PLANE( '', #1100 );
#621 = FACE_OUTER_BOUND( '', #1101, .T. );
#622 = CYLINDRICAL_SURFACE( '', #1102, 0.000702669000000000 );
#623 = FACE_OUTER_BOUND( '', #1103, .T. );
#624 = PLANE( '', #1104 );
#625 = FACE_OUTER_BOUND( '', #1105, .T. );
#626 = PLANE( '', #1106 );
#627 = FACE_OUTER_BOUND( '', #1107, .T. );
#628 = CYLINDRICAL_SURFACE( '', #1108, 0.000100000000000000 );
#629 = FACE_OUTER_BOUND( '', #1109, .T. );
#630 = PLANE( '', #1110 );
#631 = FACE_OUTER_BOUND( '', #1111, .T. );
#632 = PLANE( '', #1112 );
#633 = FACE_OUTER_BOUND( '', #1113, .T. );
#634 = PLANE( '', #1114 );
#635 = FACE_OUTER_BOUND( '', #1115, .T. );
#636 = PLANE( '', #1116 );
#637 = FACE_OUTER_BOUND( '', #1117, .T. );
#638 = PLANE( '', #1118 );
#639 = FACE_OUTER_BOUND( '', #1119, .T. );
#640 = PLANE( '', #1120 );
#641 = FACE_OUTER_BOUND( '', #1121, .T. );
#642 = PLANE( '', #1122 );
#643 = FACE_OUTER_BOUND( '', #1123, .T. );
#644 = PLANE( '', #1124 );
#645 = FACE_OUTER_BOUND( '', #1125, .T. );
#646 = PLANE( '', #1126 );
#647 = FACE_OUTER_BOUND( '', #1127, .T. );
#648 = PLANE( '', #1128 );
#649 = FACE_OUTER_BOUND( '', #1129, .T. );
#650 = PLANE( '', #1130 );
#651 = FACE_OUTER_BOUND( '', #1131, .T. );
#652 = PLANE( '', #1132 );
#653 = FACE_OUTER_BOUND( '', #1133, .T. );
#654 = PLANE( '', #1134 );
#655 = FACE_OUTER_BOUND( '', #1135, .T. );
#656 = CYLINDRICAL_SURFACE( '', #1136, 0.000100000000000000 );
#657 = FACE_OUTER_BOUND( '', #1137, .T. );
#658 = CYLINDRICAL_SURFACE( '', #1138, 0.000100000000000000 );
#659 = FACE_OUTER_BOUND( '', #1139, .T. );
#660 = CYLINDRICAL_SURFACE( '', #1140, 0.000500000000000000 );
#661 = FACE_OUTER_BOUND( '', #1141, .T. );
#662 = PLANE( '', #1142 );
#663 = FACE_OUTER_BOUND( '', #1143, .T. );
#664 = CYLINDRICAL_SURFACE( '', #1144, 0.000100000000000000 );
#665 = FACE_OUTER_BOUND( '', #1145, .T. );
#666 = PLANE( '', #1146 );
#667 = FACE_OUTER_BOUND( '', #1147, .T. );
#668 = PLANE( '', #1148 );
#669 = FACE_OUTER_BOUND( '', #1149, .T. );
#670 = CYLINDRICAL_SURFACE( '', #1150, 0.000100000000000000 );
#671 = FACE_OUTER_BOUND( '', #1151, .T. );
#672 = PLANE( '', #1152 );
#673 = FACE_OUTER_BOUND( '', #1153, .T. );
#674 = PLANE( '', #1154 );
#675 = FACE_OUTER_BOUND( '', #1155, .T. );
#676 = PLANE( '', #1156 );
#677 = FACE_OUTER_BOUND( '', #1157, .T. );
#678 = PLANE( '', #1158 );
#679 = FACE_OUTER_BOUND( '', #1159, .T. );
#680 = CYLINDRICAL_SURFACE( '', #1160, 0.000850000000000000 );
#681 = FACE_OUTER_BOUND( '', #1161, .T. );
#682 = PLANE( '', #1162 );
#683 = FACE_OUTER_BOUND( '', #1163, .T. );
#684 = PLANE( '', #1164 );
#685 = FACE_OUTER_BOUND( '', #1165, .T. );
#686 = PLANE( '', #1166 );
#687 = FACE_OUTER_BOUND( '', #1167, .T. );
#688 = PLANE( '', #1168 );
#689 = FACE_OUTER_BOUND( '', #1169, .T. );
#690 = PLANE( '', #1170 );
#691 = FACE_OUTER_BOUND( '', #1171, .T. );
#692 = PLANE( '', #1172 );
#693 = FACE_OUTER_BOUND( '', #1173, .T. );
#694 = PLANE( '', #1174 );
#695 = FACE_OUTER_BOUND( '', #1175, .T. );
#696 = FACE_BOUND( '', #1176, .T. );
#697 = FACE_BOUND( '', #1177, .T. );
#698 = PLANE( '', #1178 );
#699 = FACE_OUTER_BOUND( '', #1179, .T. );
#700 = PLANE( '', #1180 );
#701 = FACE_OUTER_BOUND( '', #1181, .T. );
#702 = PLANE( '', #1182 );
#703 = FACE_OUTER_BOUND( '', #1183, .T. );
#704 = PLANE( '', #1184 );
#705 = FACE_OUTER_BOUND( '', #1185, .T. );
#706 = CYLINDRICAL_SURFACE( '', #1186, 0.000500000000000000 );
#707 = FACE_OUTER_BOUND( '', #1187, .T. );
#708 = CYLINDRICAL_SURFACE( '', #1188, 0.000100000000000000 );
#709 = FACE_OUTER_BOUND( '', #1189, .T. );
#710 = CONICAL_SURFACE( '', #1190, 0.00132898080000000, 0.436332313000000 );
#711 = FACE_OUTER_BOUND( '', #1191, .T. );
#712 = CONICAL_SURFACE( '', #1192, 0.00132898080000000, 0.436332313000000 );
#713 = FACE_OUTER_BOUND( '', #1193, .T. );
#714 = CYLINDRICAL_SURFACE( '', #1194, 0.000100000000000000 );
#715 = FACE_OUTER_BOUND( '', #1195, .T. );
#716 = CYLINDRICAL_SURFACE( '', #1196, 0.00147500000000000 );
#717 = FACE_OUTER_BOUND( '', #1197, .T. );
#718 = CYLINDRICAL_SURFACE( '', #1198, 0.00147500000000000 );
#719 = FACE_OUTER_BOUND( '', #1199, .T. );
#720 = PLANE( '', #1200 );
#721 = FACE_OUTER_BOUND( '', #1201, .T. );
#722 = PLANE( '', #1202 );
#723 = FACE_OUTER_BOUND( '', #1203, .T. );
#724 = CYLINDRICAL_SURFACE( '', #1204, 0.000850000000000000 );
#725 = FACE_OUTER_BOUND( '', #1205, .T. );
#726 = PLANE( '', #1206 );
#727 = FACE_OUTER_BOUND( '', #1207, .T. );
#728 = PLANE( '', #1208 );
#729 = FACE_OUTER_BOUND( '', #1209, .T. );
#730 = PLANE( '', #1210 );
#731 = FACE_OUTER_BOUND( '', #1211, .T. );
#732 = PLANE( '', #1212 );
#733 = FACE_OUTER_BOUND( '', #1213, .T. );
#734 = PLANE( '', #1214 );
#735 = FACE_OUTER_BOUND( '', #1215, .T. );
#736 = PLANE( '', #1216 );
#737 = FACE_OUTER_BOUND( '', #1217, .T. );
#738 = PLANE( '', #1218 );
#739 = FACE_OUTER_BOUND( '', #1219, .T. );
#740 = PLANE( '', #1220 );
#741 = FACE_OUTER_BOUND( '', #1221, .T. );
#742 = CYLINDRICAL_SURFACE( '', #1222, 0.000500000000000000 );
#743 = FACE_OUTER_BOUND( '', #1223, .T. );
#744 = PLANE( '', #1224 );
#745 = FACE_OUTER_BOUND( '', #1225, .T. );
#746 = PLANE( '', #1226 );
#747 = FACE_OUTER_BOUND( '', #1227, .T. );
#748 = CONICAL_SURFACE( '', #1228, 0.00130398080000000, 0.436332313000000 );
#749 = FACE_OUTER_BOUND( '', #1229, .T. );
#750 = CYLINDRICAL_SURFACE( '', #1230, 0.000850000000000000 );
#751 = FACE_OUTER_BOUND( '', #1231, .T. );
#752 = PLANE( '', #1232 );
#753 = FACE_OUTER_BOUND( '', #1233, .T. );
#754 = CYLINDRICAL_SURFACE( '', #1234, 0.000702669000000000 );
#755 = FACE_OUTER_BOUND( '', #1235, .T. );
#756 = PLANE( '', #1236 );
#757 = FACE_OUTER_BOUND( '', #1237, .T. );
#758 = PLANE( '', #1238 );
#759 = FACE_OUTER_BOUND( '', #1239, .T. );
#760 = PLANE( '', #1240 );
#761 = FACE_OUTER_BOUND( '', #1241, .T. );
#762 = PLANE( '', #1242 );
#763 = EDGE_LOOP( '', ( #1243, #1244, #1245, #1246, #1247, #1248 ) );
#764 = AXIS2_PLACEMENT_3D( '', #1249, #1250, #1251 );
#765 = EDGE_LOOP( '', ( #1252, #1253, #1254, #1255, #1256, #1257, #1258, #1259, #1260, #1261, #1262, #1263 ) );
#766 = AXIS2_PLACEMENT_3D( '', #1264, #1265, #1266 );
#767 = EDGE_LOOP( '', ( #1267, #1268, #1269, #1270, #1271 ) );
#768 = AXIS2_PLACEMENT_3D( '', #1272, #1273, #1274 );
#769 = EDGE_LOOP( '', ( #1275, #1276, #1277, #1278, #1279, #1280, #1281, #1282, #1283, #1284, #1285, #1286 ) );
#770 = AXIS2_PLACEMENT_3D( '', #1287, #1288, #1289 );
#771 = EDGE_LOOP( '', ( #1290, #1291, #1292, #1293, #1294 ) );
#772 = AXIS2_PLACEMENT_3D( '', #1295, #1296, #1297 );
#773 = EDGE_LOOP( '', ( #1298, #1299, #1300, #1301 ) );
#774 = AXIS2_PLACEMENT_3D( '', #1302, #1303, #1304 );
#775 = EDGE_LOOP( '', ( #1305, #1306, #1307, #1308 ) );
#776 = AXIS2_PLACEMENT_3D( '', #1309, #1310, #1311 );
#777 = EDGE_LOOP( '', ( #1312, #1313, #1314, #1315 ) );
#778 = AXIS2_PLACEMENT_3D( '', #1316, #1317, #1318 );
#779 = EDGE_LOOP( '', ( #1319, #1320, #1321, #1322 ) );
#780 = AXIS2_PLACEMENT_3D( '', #1323, #1324, #1325 );
#781 = EDGE_LOOP( '', ( #1326, #1327, #1328, #1329 ) );
#782 = AXIS2_PLACEMENT_3D( '', #1330, #1331, #1332 );
#783 = EDGE_LOOP( '', ( #1333, #1334, #1335, #1336 ) );
#784 = AXIS2_PLACEMENT_3D( '', #1337, #1338, #1339 );
#785 = EDGE_LOOP( '', ( #1340, #1341, #1342, #1343, #1344, #1345, #1346, #1347, #1348, #1349 ) );
#786 = AXIS2_PLACEMENT_3D( '', #1350, #1351, #1352 );
#787 = EDGE_LOOP( '', ( #1353, #1354, #1355 ) );
#788 = AXIS2_PLACEMENT_3D( '', #1356, #1357, #1358 );
#789 = EDGE_LOOP( '', ( #1359, #1360, #1361, #1362, #1363, #1364, #1365, #1366, #1367, #1368 ) );
#790 = EDGE_LOOP( '', ( #1369, #1370, #1371, #1372, #1373, #1374, #1375, #1376, #1377, #1378, #1379, #1380, #1381, #1382, #1383, #1384, #1385, #1386, #1387, #1388, #1389, #1390, #1391, #1392 ) );
#791 = EDGE_LOOP( '', ( #1393, #1394, #1395, #1396, #1397, #1398, #1399, #1400, #1401, #1402, #1403, #1404, #1405, #1406, #1407, #1408, #1409, #1410, #1411, #1412, #1413, #1414, #1415, #1416 ) );
#792 = AXIS2_PLACEMENT_3D( '', #1417, #1418, #1419 );
#793 = EDGE_LOOP( '', ( #1420, #1421, #1422 ) );
#794 = AXIS2_PLACEMENT_3D( '', #1423, #1424, #1425 );
#795 = EDGE_LOOP( '', ( #1426, #1427, #1428, #1429 ) );
#796 = AXIS2_PLACEMENT_3D( '', #1430, #1431, #1432 );
#797 = EDGE_LOOP( '', ( #1433, #1434, #1435, #1436 ) );
#798 = AXIS2_PLACEMENT_3D( '', #1437, #1438, #1439 );
#799 = EDGE_LOOP( '', ( #1440, #1441, #1442, #1443 ) );
#800 = AXIS2_PLACEMENT_3D( '', #1444, #1445, #1446 );
#801 = EDGE_LOOP( '', ( #1447, #1448, #1449, #1450 ) );
#802 = AXIS2_PLACEMENT_3D( '', #1451, #1452, #1453 );
#803 = EDGE_LOOP( '', ( #1454, #1455, #1456, #1457, #1458 ) );
#804 = AXIS2_PLACEMENT_3D( '', #1459, #1460, #1461 );
#805 = EDGE_LOOP( '', ( #1462, #1463, #1464, #1465 ) );
#806 = AXIS2_PLACEMENT_3D( '', #1466, #1467, #1468 );
#807 = EDGE_LOOP( '', ( #1469, #1470, #1471, #1472 ) );
#808 = AXIS2_PLACEMENT_3D( '', #1473, #1474, #1475 );
#809 = EDGE_LOOP( '', ( #1476, #1477, #1478, #1479, #1480, #1481, #1482, #1483, #1484, #1485 ) );
#810 = AXIS2_PLACEMENT_3D( '', #1486, #1487, #1488 );
#811 = EDGE_LOOP( '', ( #1489, #1490, #1491, #1492 ) );
#812 = AXIS2_PLACEMENT_3D( '', #1493, #1494, #1495 );
#813 = EDGE_LOOP( '', ( #1496, #1497, #1498, #1499, #1500, #1501, #1502, #1503 ) );
#814 = AXIS2_PLACEMENT_3D( '', #1504, #1505, #1506 );
#815 = EDGE_LOOP( '', ( #1507, #1508, #1509, #1510 ) );
#816 = AXIS2_PLACEMENT_3D( '', #1511, #1512, #1513 );
#817 = EDGE_LOOP( '', ( #1514, #1515, #1516, #1517 ) );
#818 = AXIS2_PLACEMENT_3D( '', #1518, #1519, #1520 );
#819 = EDGE_LOOP( '', ( #1521, #1522, #1523, #1524, #1525 ) );
#820 = AXIS2_PLACEMENT_3D( '', #1526, #1527, #1528 );
#821 = EDGE_LOOP( '', ( #1529, #1530, #1531, #1532, #1533, #1534 ) );
#822 = AXIS2_PLACEMENT_3D( '', #1535, #1536, #1537 );
#823 = EDGE_LOOP( '', ( #1538, #1539, #1540, #1541, #1542 ) );
#824 = AXIS2_PLACEMENT_3D( '', #1543, #1544, #1545 );
#825 = EDGE_LOOP( '', ( #1546, #1547, #1548, #1549, #1550, #1551 ) );
#826 = AXIS2_PLACEMENT_3D( '', #1552, #1553, #1554 );
#827 = EDGE_LOOP( '', ( #1555, #1556, #1557, #1558, #1559 ) );
#828 = AXIS2_PLACEMENT_3D( '', #1560, #1561, #1562 );
#829 = EDGE_LOOP( '', ( #1563, #1564, #1565, #1566, #1567, #1568 ) );
#830 = AXIS2_PLACEMENT_3D( '', #1569, #1570, #1571 );
#831 = EDGE_LOOP( '', ( #1572, #1573, #1574, #1575 ) );
#832 = AXIS2_PLACEMENT_3D( '', #1576, #1577, #1578 );
#833 = EDGE_LOOP( '', ( #1579, #1580, #1581, #1582 ) );
#834 = AXIS2_PLACEMENT_3D( '', #1583, #1584, #1585 );
#835 = EDGE_LOOP( '', ( #1586, #1587, #1588, #1589 ) );
#836 = AXIS2_PLACEMENT_3D( '', #1590, #1591, #1592 );
#837 = EDGE_LOOP( '', ( #1593, #1594, #1595, #1596 ) );
#838 = AXIS2_PLACEMENT_3D( '', #1597, #1598, #1599 );
#839 = EDGE_LOOP( '', ( #1600, #1601, #1602, #1603, #1604, #1605 ) );
#840 = AXIS2_PLACEMENT_3D( '', #1606, #1607, #1608 );
#841 = EDGE_LOOP( '', ( #1609, #1610, #1611, #1612 ) );
#842 = AXIS2_PLACEMENT_3D( '', #1613, #1614, #1615 );
#843 = EDGE_LOOP( '', ( #1616, #1617, #1618, #1619, #1620 ) );
#844 = AXIS2_PLACEMENT_3D( '', #1621, #1622, #1623 );
#845 = EDGE_LOOP( '', ( #1624, #1625, #1626, #1627, #1628 ) );
#846 = AXIS2_PLACEMENT_3D( '', #1629, #1630, #1631 );
#847 = EDGE_LOOP( '', ( #1632, #1633, #1634, #1635 ) );
#848 = AXIS2_PLACEMENT_3D( '', #1636, #1637, #1638 );
#849 = EDGE_LOOP( '', ( #1639, #1640, #1641, #1642 ) );
#850 = AXIS2_PLACEMENT_3D( '', #1643, #1644, #1645 );
#851 = EDGE_LOOP( '', ( #1646, #1647, #1648, #1649 ) );
#852 = AXIS2_PLACEMENT_3D( '', #1650, #1651, #1652 );
#853 = EDGE_LOOP( '', ( #1653, #1654, #1655, #1656 ) );
#854 = EDGE_LOOP( '', ( #1657, #1658, #1659, #1660, #1661, #1662, #1663, #1664, #1665, #1666, #1667, #1668, #1669 ) );
#855 = AXIS2_PLACEMENT_3D( '', #1670, #1671, #1672 );
#856 = EDGE_LOOP( '', ( #1673, #1674, #1675, #1676 ) );
#857 = AXIS2_PLACEMENT_3D( '', #1677, #1678, #1679 );
#858 = EDGE_LOOP( '', ( #1680, #1681, #1682, #1683 ) );
#859 = AXIS2_PLACEMENT_3D( '', #1684, #1685, #1686 );
#860 = EDGE_LOOP( '', ( #1687, #1688, #1689, #1690 ) );
#861 = AXIS2_PLACEMENT_3D( '', #1691, #1692, #1693 );
#862 = EDGE_LOOP( '', ( #1694, #1695, #1696, #1697, #1698, #1699 ) );
#863 = AXIS2_PLACEMENT_3D( '', #1700, #1701, #1702 );
#864 = EDGE_LOOP( '', ( #1703, #1704, #1705, #1706, #1707, #1708 ) );
#865 = AXIS2_PLACEMENT_3D( '', #1709, #1710, #1711 );
#866 = EDGE_LOOP( '', ( #1712, #1713, #1714, #1715 ) );
#867 = AXIS2_PLACEMENT_3D( '', #1716, #1717, #1718 );
#868 = EDGE_LOOP( '', ( #1719, #1720, #1721, #1722 ) );
#869 = AXIS2_PLACEMENT_3D( '', #1723, #1724, #1725 );
#870 = EDGE_LOOP( '', ( #1726, #1727, #1728, #1729 ) );
#871 = AXIS2_PLACEMENT_3D( '', #1730, #1731, #1732 );
#872 = EDGE_LOOP( '', ( #1733, #1734, #1735, #1736 ) );
#873 = AXIS2_PLACEMENT_3D( '', #1737, #1738, #1739 );
#874 = EDGE_LOOP( '', ( #1740, #1741, #1742, #1743, #1744 ) );
#875 = AXIS2_PLACEMENT_3D( '', #1745, #1746, #1747 );
#876 = EDGE_LOOP( '', ( #1748, #1749, #1750, #1751 ) );
#877 = AXIS2_PLACEMENT_3D( '', #1752, #1753, #1754 );
#878 = EDGE_LOOP( '', ( #1755, #1756, #1757, #1758, #1759 ) );
#879 = AXIS2_PLACEMENT_3D( '', #1760, #1761, #1762 );
#880 = EDGE_LOOP( '', ( #1763, #1764, #1765, #1766, #1767, #1768 ) );
#881 = AXIS2_PLACEMENT_3D( '', #1769, #1770, #1771 );
#882 = EDGE_LOOP( '', ( #1772, #1773, #1774, #1775, #1776, #1777, #1778, #1779 ) );
#883 = AXIS2_PLACEMENT_3D( '', #1780, #1781, #1782 );
#884 = EDGE_LOOP( '', ( #1783, #1784, #1785, #1786 ) );
#885 = AXIS2_PLACEMENT_3D( '', #1787, #1788, #1789 );
#886 = EDGE_LOOP( '', ( #1790, #1791, #1792, #1793, #1794 ) );
#887 = AXIS2_PLACEMENT_3D( '', #1795, #1796, #1797 );
#888 = EDGE_LOOP( '', ( #1798, #1799, #1800, #1801 ) );
#889 = AXIS2_PLACEMENT_3D( '', #1802, #1803, #1804 );
#890 = EDGE_LOOP( '', ( #1805, #1806, #1807, #1808, #1809 ) );
#891 = AXIS2_PLACEMENT_3D( '', #1810, #1811, #1812 );
#892 = EDGE_LOOP( '', ( #1813, #1814, #1815, #1816, #1817, #1818 ) );
#893 = AXIS2_PLACEMENT_3D( '', #1819, #1820, #1821 );
#894 = EDGE_LOOP( '', ( #1822, #1823, #1824, #1825 ) );
#895 = AXIS2_PLACEMENT_3D( '', #1826, #1827, #1828 );
#896 = EDGE_LOOP( '', ( #1829, #1830, #1831, #1832, #1833, #1834 ) );
#897 = AXIS2_PLACEMENT_3D( '', #1835, #1836, #1837 );
#898 = EDGE_LOOP( '', ( #1838, #1839, #1840, #1841, #1842 ) );
#899 = AXIS2_PLACEMENT_3D( '', #1843, #1844, #1845 );
#900 = EDGE_LOOP( '', ( #1846, #1847, #1848, #1849, #1850, #1851 ) );
#901 = AXIS2_PLACEMENT_3D( '', #1852, #1853, #1854 );
#902 = EDGE_LOOP( '', ( #1855, #1856, #1857, #1858, #1859 ) );
#903 = AXIS2_PLACEMENT_3D( '', #1860, #1861, #1862 );
#904 = EDGE_LOOP( '', ( #1863, #1864, #1865, #1866 ) );
#905 = AXIS2_PLACEMENT_3D( '', #1867, #1868, #1869 );
#906 = EDGE_LOOP( '', ( #1870, #1871, #1872, #1873 ) );
#907 = AXIS2_PLACEMENT_3D( '', #1874, #1875, #1876 );
#908 = EDGE_LOOP( '', ( #1877, #1878, #1879, #1880 ) );
#909 = AXIS2_PLACEMENT_3D( '', #1881, #1882, #1883 );
#910 = EDGE_LOOP( '', ( #1884, #1885, #1886, #1887 ) );
#911 = AXIS2_PLACEMENT_3D( '', #1888, #1889, #1890 );
#912 = EDGE_LOOP( '', ( #1891, #1892, #1893, #1894, #1895, #1896, #1897, #1898, #1899, #1900, #1901, #1902, #1903, #1904 ) );
#913 = AXIS2_PLACEMENT_3D( '', #1905, #1906, #1907 );
#914 = EDGE_LOOP( '', ( #1908, #1909, #1910, #1911, #1912 ) );
#915 = AXIS2_PLACEMENT_3D( '', #1913, #1914, #1915 );
#916 = EDGE_LOOP( '', ( #1916, #1917, #1918, #1919 ) );
#917 = AXIS2_PLACEMENT_3D( '', #1920, #1921, #1922 );
#918 = EDGE_LOOP( '', ( #1923, #1924, #1925, #1926 ) );
#919 = AXIS2_PLACEMENT_3D( '', #1927, #1928, #1929 );
#920 = EDGE_LOOP( '', ( #1930, #1931, #1932, #1933 ) );
#921 = AXIS2_PLACEMENT_3D( '', #1934, #1935, #1936 );
#922 = EDGE_LOOP( '', ( #1937, #1938, #1939, #1940, #1941 ) );
#923 = AXIS2_PLACEMENT_3D( '', #1942, #1943, #1944 );
#924 = EDGE_LOOP( '', ( #1945, #1946, #1947, #1948, #1949 ) );
#925 = AXIS2_PLACEMENT_3D( '', #1950, #1951, #1952 );
#926 = EDGE_LOOP( '', ( #1953, #1954, #1955, #1956, #1957 ) );
#927 = AXIS2_PLACEMENT_3D( '', #1958, #1959, #1960 );
#928 = EDGE_LOOP( '', ( #1961, #1962, #1963, #1964 ) );
#929 = AXIS2_PLACEMENT_3D( '', #1965, #1966, #1967 );
#930 = EDGE_LOOP( '', ( #1968, #1969, #1970, #1971 ) );
#931 = AXIS2_PLACEMENT_3D( '', #1972, #1973, #1974 );
#932 = EDGE_LOOP( '', ( #1975, #1976, #1977, #1978, #1979, #1980 ) );
#933 = AXIS2_PLACEMENT_3D( '', #1981, #1982, #1983 );
#934 = EDGE_LOOP( '', ( #1984, #1985, #1986, #1987, #1988 ) );
#935 = AXIS2_PLACEMENT_3D( '', #1989, #1990, #1991 );
#936 = EDGE_LOOP( '', ( #1992, #1993, #1994, #1995, #1996, #1997 ) );
#937 = AXIS2_PLACEMENT_3D( '', #1998, #1999, #2000 );
#938 = EDGE_LOOP( '', ( #2001, #2002, #2003, #2004, #2005 ) );
#939 = AXIS2_PLACEMENT_3D( '', #2006, #2007, #2008 );
#940 = EDGE_LOOP( '', ( #2009, #2010, #2011, #2012, #2013, #2014, #2015, #2016, #2017, #2018, #2019, #2020 ) );
#941 = EDGE_LOOP( '', ( #2021, #2022, #2023, #2024 ) );
#942 = AXIS2_PLACEMENT_3D( '', #2025, #2026, #2027 );
#943 = EDGE_LOOP( '', ( #2028, #2029, #2030, #2031 ) );
#944 = AXIS2_PLACEMENT_3D( '', #2032, #2033, #2034 );
#945 = EDGE_LOOP( '', ( #2035, #2036, #2037, #2038, #2039 ) );
#946 = AXIS2_PLACEMENT_3D( '', #2040, #2041, #2042 );
#947 = EDGE_LOOP( '', ( #2043, #2044, #2045, #2046, #2047, #2048, #2049, #2050, #2051, #2052, #2053, #2054 ) );
#948 = AXIS2_PLACEMENT_3D( '', #2055, #2056, #2057 );
#949 = EDGE_LOOP( '', ( #2058, #2059, #2060, #2061 ) );
#950 = AXIS2_PLACEMENT_3D( '', #2062, #2063, #2064 );
#951 = EDGE_LOOP( '', ( #2065, #2066, #2067, #2068, #2069 ) );
#952 = AXIS2_PLACEMENT_3D( '', #2070, #2071, #2072 );
#953 = EDGE_LOOP( '', ( #2073, #2074, #2075, #2076, #2077, #2078, #2079, #2080, #2081, #2082, #2083, #2084, #2085, #2086, #2087, #2088, #2089, #2090, #2091, #2092 ) );
#954 = EDGE_LOOP( '', ( #2093, #2094, #2095, #2096, #2097, #2098, #2099, #2100 ) );
#955 = AXIS2_PLACEMENT_3D( '', #2101, #2102, #2103 );
#956 = EDGE_LOOP( '', ( #2104, #2105, #2106, #2107 ) );
#957 = AXIS2_PLACEMENT_3D( '', #2108, #2109, #2110 );
#958 = EDGE_LOOP( '', ( #2111, #2112, #2113 ) );
#959 = AXIS2_PLACEMENT_3D( '', #2114, #2115, #2116 );
#960 = EDGE_LOOP( '', ( #2117, #2118, #2119, #2120 ) );
#961 = AXIS2_PLACEMENT_3D( '', #2121, #2122, #2123 );
#962 = EDGE_LOOP( '', ( #2124, #2125, #2126, #2127 ) );
#963 = AXIS2_PLACEMENT_3D( '', #2128, #2129, #2130 );
#964 = EDGE_LOOP( '', ( #2131, #2132, #2133, #2134, #2135 ) );
#965 = AXIS2_PLACEMENT_3D( '', #2136, #2137, #2138 );
#966 = EDGE_LOOP( '', ( #2139, #2140, #2141, #2142, #2143 ) );
#967 = AXIS2_PLACEMENT_3D( '', #2144, #2145, #2146 );
#968 = EDGE_LOOP( '', ( #2147, #2148, #2149, #2150 ) );
#969 = AXIS2_PLACEMENT_3D( '', #2151, #2152, #2153 );
#970 = EDGE_LOOP( '', ( #2154, #2155, #2156, #2157, #2158 ) );
#971 = AXIS2_PLACEMENT_3D( '', #2159, #2160, #2161 );
#972 = EDGE_LOOP( '', ( #2162, #2163, #2164, #2165 ) );
#973 = AXIS2_PLACEMENT_3D( '', #2166, #2167, #2168 );
#974 = EDGE_LOOP( '', ( #2169, #2170, #2171, #2172 ) );
#975 = AXIS2_PLACEMENT_3D( '', #2173, #2174, #2175 );
#976 = EDGE_LOOP( '', ( #2176, #2177, #2178, #2179, #2180, #2181, #2182, #2183, #2184, #2185, #2186, #2187, #2188, #2189 ) );
#977 = AXIS2_PLACEMENT_3D( '', #2190, #2191, #2192 );
#978 = EDGE_LOOP( '', ( #2193, #2194, #2195, #2196 ) );
#979 = AXIS2_PLACEMENT_3D( '', #2197, #2198, #2199 );
#980 = EDGE_LOOP( '', ( #2200, #2201, #2202, #2203, #2204, #2205 ) );
#981 = AXIS2_PLACEMENT_3D( '', #2206, #2207, #2208 );
#982 = EDGE_LOOP( '', ( #2209, #2210, #2211, #2212 ) );
#983 = AXIS2_PLACEMENT_3D( '', #2213, #2214, #2215 );
#984 = EDGE_LOOP( '', ( #2216, #2217, #2218, #2219 ) );
#985 = AXIS2_PLACEMENT_3D( '', #2220, #2221, #2222 );
#986 = EDGE_LOOP( '', ( #2223, #2224, #2225, #2226 ) );
#987 = AXIS2_PLACEMENT_3D( '', #2227, #2228, #2229 );
#988 = EDGE_LOOP( '', ( #2230, #2231, #2232, #2233 ) );
#989 = AXIS2_PLACEMENT_3D( '', #2234, #2235, #2236 );
#990 = EDGE_LOOP( '', ( #2237, #2238, #2239, #2240 ) );
#991 = AXIS2_PLACEMENT_3D( '', #2241, #2242, #2243 );
#992 = EDGE_LOOP( '', ( #2244, #2245, #2246, #2247 ) );
#993 = AXIS2_PLACEMENT_3D( '', #2248, #2249, #2250 );
#994 = EDGE_LOOP( '', ( #2251, #2252, #2253, #2254 ) );
#995 = AXIS2_PLACEMENT_3D( '', #2255, #2256, #2257 );
#996 = EDGE_LOOP( '', ( #2258, #2259, #2260, #2261 ) );
#997 = AXIS2_PLACEMENT_3D( '', #2262, #2263, #2264 );
#998 = EDGE_LOOP( '', ( #2265, #2266, #2267, #2268 ) );
#999 = AXIS2_PLACEMENT_3D( '', #2269, #2270, #2271 );
#1000 = EDGE_LOOP( '', ( #2272, #2273, #2274, #2275 ) );
#1001 = AXIS2_PLACEMENT_3D( '', #2276, #2277, #2278 );
#1002 = EDGE_LOOP( '', ( #2279, #2280, #2281, #2282 ) );
#1003 = AXIS2_PLACEMENT_3D( '', #2283, #2284, #2285 );
#1004 = EDGE_LOOP( '', ( #2286, #2287, #2288, #2289 ) );
#1005 = AXIS2_PLACEMENT_3D( '', #2290, #2291, #2292 );
#1006 = EDGE_LOOP( '', ( #2293, #2294, #2295, #2296 ) );
#1007 = AXIS2_PLACEMENT_3D( '', #2297, #2298, #2299 );
#1008 = EDGE_LOOP( '', ( #2300, #2301, #2302, #2303 ) );
#1009 = AXIS2_PLACEMENT_3D( '', #2304, #2305, #2306 );
#1010 = EDGE_LOOP( '', ( #2307, #2308, #2309, #2310, #2311 ) );
#1011 = AXIS2_PLACEMENT_3D( '', #2312, #2313, #2314 );
#1012 = EDGE_LOOP( '', ( #2315, #2316, #2317, #2318, #2319, #2320 ) );
#1013 = AXIS2_PLACEMENT_3D( '', #2321, #2322, #2323 );
#1014 = EDGE_LOOP( '', ( #2324, #2325, #2326, #2327 ) );
#1015 = AXIS2_PLACEMENT_3D( '', #2328, #2329, #2330 );
#1016 = EDGE_LOOP( '', ( #2331, #2332, #2333, #2334 ) );
#1017 = AXIS2_PLACEMENT_3D( '', #2335, #2336, #2337 );
#1018 = EDGE_LOOP( '', ( #2338, #2339, #2340, #2341 ) );
#1019 = AXIS2_PLACEMENT_3D( '', #2342, #2343, #2344 );
#1020 = EDGE_LOOP( '', ( #2345, #2346, #2347, #2348 ) );
#1021 = AXIS2_PLACEMENT_3D( '', #2349, #2350, #2351 );
#1022 = EDGE_LOOP( '', ( #2352, #2353, #2354, #2355 ) );
#1023 = AXIS2_PLACEMENT_3D( '', #2356, #2357, #2358 );
#1024 = EDGE_LOOP( '', ( #2359, #2360, #2361, #2362, #2363, #2364, #2365, #2366 ) );
#1025 = AXIS2_PLACEMENT_3D( '', #2367, #2368, #2369 );
#1026 = EDGE_LOOP( '', ( #2370, #2371, #2372, #2373, #2374, #2375, #2376, #2377 ) );
#1027 = AXIS2_PLACEMENT_3D( '', #2378, #2379, #2380 );
#1028 = EDGE_LOOP( '', ( #2381, #2382, #2383, #2384 ) );
#1029 = AXIS2_PLACEMENT_3D( '', #2385, #2386, #2387 );
#1030 = EDGE_LOOP( '', ( #2388, #2389, #2390, #2391 ) );
#1031 = AXIS2_PLACEMENT_3D( '', #2392, #2393, #2394 );
#1032 = EDGE_LOOP( '', ( #2395, #2396, #2397, #2398 ) );
#1033 = AXIS2_PLACEMENT_3D( '', #2399, #2400, #2401 );
#1034 = EDGE_LOOP( '', ( #2402, #2403, #2404, #2405 ) );
#1035 = AXIS2_PLACEMENT_3D( '', #2406, #2407, #2408 );
#1036 = EDGE_LOOP( '', ( #2409, #2410, #2411, #2412 ) );
#1037 = AXIS2_PLACEMENT_3D( '', #2413, #2414, #2415 );
#1038 = EDGE_LOOP( '', ( #2416, #2417, #2418, #2419 ) );
#1039 = AXIS2_PLACEMENT_3D( '', #2420, #2421, #2422 );
#1040 = EDGE_LOOP( '', ( #2423, #2424, #2425, #2426, #2427 ) );
#1041 = AXIS2_PLACEMENT_3D( '', #2428, #2429, #2430 );
#1042 = EDGE_LOOP( '', ( #2431, #2432, #2433, #2434, #2435 ) );
#1043 = AXIS2_PLACEMENT_3D( '', #2436, #2437, #2438 );
#1044 = EDGE_LOOP( '', ( #2439, #2440, #2441, #2442 ) );
#1045 = AXIS2_PLACEMENT_3D( '', #2443, #2444, #2445 );
#1046 = EDGE_LOOP( '', ( #2446, #2447, #2448, #2449 ) );
#1047 = AXIS2_PLACEMENT_3D( '', #2450, #2451, #2452 );
#1048 = EDGE_LOOP( '', ( #2453, #2454, #2455, #2456 ) );
#1049 = AXIS2_PLACEMENT_3D( '', #2457, #2458, #2459 );
#1050 = EDGE_LOOP( '', ( #2460, #2461, #2462, #2463, #2464, #2465, #2466, #2467, #2468, #2469, #2470, #2471, #2472, #2473, #2474, #2475, #2476, #2477, #2478, #2479 ) );
#1051 = EDGE_LOOP( '', ( #2480, #2481, #2482, #2483, #2484, #2485, #2486, #2487 ) );
#1052 = AXIS2_PLACEMENT_3D( '', #2488, #2489, #2490 );
#1053 = EDGE_LOOP( '', ( #2491, #2492, #2493, #2494, #2495 ) );
#1054 = AXIS2_PLACEMENT_3D( '', #2496, #2497, #2498 );
#1055 = EDGE_LOOP( '', ( #2499, #2500, #2501, #2502 ) );
#1056 = AXIS2_PLACEMENT_3D( '', #2503, #2504, #2505 );
#1057 = EDGE_LOOP( '', ( #2506, #2507, #2508, #2509, #2510 ) );
#1058 = AXIS2_PLACEMENT_3D( '', #2511, #2512, #2513 );
#1059 = EDGE_LOOP( '', ( #2514, #2515, #2516, #2517 ) );
#1060 = AXIS2_PLACEMENT_3D( '', #2518, #2519, #2520 );
#1061 = EDGE_LOOP( '', ( #2521, #2522, #2523, #2524 ) );
#1062 = AXIS2_PLACEMENT_3D( '', #2525, #2526, #2527 );
#1063 = EDGE_LOOP( '', ( #2528, #2529, #2530, #2531 ) );
#1064 = AXIS2_PLACEMENT_3D( '', #2532, #2533, #2534 );
#1065 = EDGE_LOOP( '', ( #2535, #2536, #2537, #2538, #2539 ) );
#1066 = AXIS2_PLACEMENT_3D( '', #2540, #2541, #2542 );
#1067 = EDGE_LOOP( '', ( #2543, #2544, #2545, #2546 ) );
#1068 = AXIS2_PLACEMENT_3D( '', #2547, #2548, #2549 );
#1069 = EDGE_LOOP( '', ( #2550, #2551, #2552, #2553, #2554, #2555, #2556, #2557, #2558, #2559, #2560, #2561, #2562 ) );
#1070 = AXIS2_PLACEMENT_3D( '', #2563, #2564, #2565 );
#1071 = EDGE_LOOP( '', ( #2566, #2567, #2568, #2569 ) );
#1072 = AXIS2_PLACEMENT_3D( '', #2570, #2571, #2572 );
#1073 = EDGE_LOOP( '', ( #2573, #2574, #2575, #2576 ) );
#1074 = AXIS2_PLACEMENT_3D( '', #2577, #2578, #2579 );
#1075 = EDGE_LOOP( '', ( #2580, #2581, #2582, #2583 ) );
#1076 = AXIS2_PLACEMENT_3D( '', #2584, #2585, #2586 );
#1077 = EDGE_LOOP( '', ( #2587, #2588, #2589, #2590, #2591, #2592 ) );
#1078 = AXIS2_PLACEMENT_3D( '', #2593, #2594, #2595 );
#1079 = EDGE_LOOP( '', ( #2596, #2597, #2598, #2599 ) );
#1080 = AXIS2_PLACEMENT_3D( '', #2600, #2601, #2602 );
#1081 = EDGE_LOOP( '', ( #2603, #2604, #2605, #2606, #2607, #2608, #2609, #2610 ) );
#1082 = AXIS2_PLACEMENT_3D( '', #2611, #2612, #2613 );
#1083 = EDGE_LOOP( '', ( #2614, #2615, #2616, #2617, #2618 ) );
#1084 = AXIS2_PLACEMENT_3D( '', #2619, #2620, #2621 );
#1085 = EDGE_LOOP( '', ( #2622, #2623, #2624, #2625, #2626, #2627 ) );
#1086 = AXIS2_PLACEMENT_3D( '', #2628, #2629, #2630 );
#1087 = EDGE_LOOP( '', ( #2631, #2632, #2633, #2634, #2635, #2636, #2637, #2638 ) );
#1088 = AXIS2_PLACEMENT_3D( '', #2639, #2640, #2641 );
#1089 = EDGE_LOOP( '', ( #2642, #2643, #2644, #2645, #2646, #2647 ) );
#1090 = AXIS2_PLACEMENT_3D( '', #2648, #2649, #2650 );
#1091 = EDGE_LOOP( '', ( #2651, #2652, #2653, #2654, #2655, #2656, #2657, #2658 ) );
#1092 = AXIS2_PLACEMENT_3D( '', #2659, #2660, #2661 );
#1093 = EDGE_LOOP( '', ( #2662, #2663, #2664, #2665, #2666 ) );
#1094 = AXIS2_PLACEMENT_3D( '', #2667, #2668, #2669 );
#1095 = EDGE_LOOP( '', ( #2670, #2671, #2672, #2673, #2674, #2675, #2676, #2677, #2678, #2679, #2680, #2681 ) );
#1096 = AXIS2_PLACEMENT_3D( '', #2682, #2683, #2684 );
#1097 = EDGE_LOOP( '', ( #2685, #2686, #2687, #2688 ) );
#1098 = AXIS2_PLACEMENT_3D( '', #2689, #2690, #2691 );
#1099 = EDGE_LOOP( '', ( #2692, #2693, #2694, #2695, #2696, #2697 ) );
#1100 = AXIS2_PLACEMENT_3D( '', #2698, #2699, #2700 );
#1101 = EDGE_LOOP( '', ( #2701, #2702, #2703, #2704 ) );
#1102 = AXIS2_PLACEMENT_3D( '', #2705, #2706, #2707 );
#1103 = EDGE_LOOP( '', ( #2708, #2709, #2710, #2711 ) );
#1104 = AXIS2_PLACEMENT_3D( '', #2712, #2713, #2714 );
#1105 = EDGE_LOOP( '', ( #2715, #2716, #2717, #2718 ) );
#1106 = AXIS2_PLACEMENT_3D( '', #2719, #2720, #2721 );
#1107 = EDGE_LOOP( '', ( #2722, #2723, #2724, #2725, #2726 ) );
#1108 = AXIS2_PLACEMENT_3D( '', #2727, #2728, #2729 );
#1109 = EDGE_LOOP( '', ( #2730, #2731, #2732, #2733 ) );
#1110 = AXIS2_PLACEMENT_3D( '', #2734, #2735, #2736 );
#1111 = EDGE_LOOP( '', ( #2737, #2738, #2739, #2740 ) );
#1112 = AXIS2_PLACEMENT_3D( '', #2741, #2742, #2743 );
#1113 = EDGE_LOOP( '', ( #2744, #2745, #2746, #2747 ) );
#1114 = AXIS2_PLACEMENT_3D( '', #2748, #2749, #2750 );
#1115 = EDGE_LOOP( '', ( #2751, #2752, #2753, #2754, #2755 ) );
#1116 = AXIS2_PLACEMENT_3D( '', #2756, #2757, #2758 );
#1117 = EDGE_LOOP( '', ( #2759, #2760, #2761, #2762 ) );
#1118 = AXIS2_PLACEMENT_3D( '', #2763, #2764, #2765 );
#1119 = EDGE_LOOP( '', ( #2766, #2767, #2768, #2769 ) );
#1120 = AXIS2_PLACEMENT_3D( '', #2770, #2771, #2772 );
#1121 = EDGE_LOOP( '', ( #2773, #2774, #2775, #2776 ) );
#1122 = AXIS2_PLACEMENT_3D( '', #2777, #2778, #2779 );
#1123 = EDGE_LOOP( '', ( #2780, #2781, #2782, #2783 ) );
#1124 = AXIS2_PLACEMENT_3D( '', #2784, #2785, #2786 );
#1125 = EDGE_LOOP( '', ( #2787, #2788, #2789, #2790, #2791 ) );
#1126 = AXIS2_PLACEMENT_3D( '', #2792, #2793, #2794 );
#1127 = EDGE_LOOP( '', ( #2795, #2796, #2797, #2798 ) );
#1128 = AXIS2_PLACEMENT_3D( '', #2799, #2800, #2801 );
#1129 = EDGE_LOOP( '', ( #2802, #2803, #2804, #2805 ) );
#1130 = AXIS2_PLACEMENT_3D( '', #2806, #2807, #2808 );
#1131 = EDGE_LOOP( '', ( #2809, #2810, #2811, #2812 ) );
#1132 = AXIS2_PLACEMENT_3D( '', #2813, #2814, #2815 );
#1133 = EDGE_LOOP( '', ( #2816, #2817, #2818, #2819, #2820, #2821, #2822, #2823 ) );
#1134 = AXIS2_PLACEMENT_3D( '', #2824, #2825, #2826 );
#1135 = EDGE_LOOP( '', ( #2827, #2828, #2829, #2830, #2831 ) );
#1136 = AXIS2_PLACEMENT_3D( '', #2832, #2833, #2834 );
#1137 = EDGE_LOOP( '', ( #2835, #2836, #2837, #2838 ) );
#1138 = AXIS2_PLACEMENT_3D( '', #2839, #2840, #2841 );
#1139 = EDGE_LOOP( '', ( #2842, #2843, #2844, #2845, #2846 ) );
#1140 = AXIS2_PLACEMENT_3D( '', #2847, #2848, #2849 );
#1141 = EDGE_LOOP( '', ( #2850, #2851, #2852, #2853 ) );
#1142 = AXIS2_PLACEMENT_3D( '', #2854, #2855, #2856 );
#1143 = EDGE_LOOP( '', ( #2857, #2858, #2859, #2860, #2861 ) );
#1144 = AXIS2_PLACEMENT_3D( '', #2862, #2863, #2864 );
#1145 = EDGE_LOOP( '', ( #2865, #2866, #2867, #2868 ) );
#1146 = AXIS2_PLACEMENT_3D( '', #2869, #2870, #2871 );
#1147 = EDGE_LOOP( '', ( #2872, #2873, #2874, #2875 ) );
#1148 = AXIS2_PLACEMENT_3D( '', #2876, #2877, #2878 );
#1149 = EDGE_LOOP( '', ( #2879, #2880, #2881, #2882 ) );
#1150 = AXIS2_PLACEMENT_3D( '', #2883, #2884, #2885 );
#1151 = EDGE_LOOP( '', ( #2886, #2887, #2888, #2889 ) );
#1152 = AXIS2_PLACEMENT_3D( '', #2890, #2891, #2892 );
#1153 = EDGE_LOOP( '', ( #2893, #2894, #2895, #2896, #2897, #2898 ) );
#1154 = AXIS2_PLACEMENT_3D( '', #2899, #2900, #2901 );
#1155 = EDGE_LOOP( '', ( #2902, #2903, #2904, #2905 ) );
#1156 = AXIS2_PLACEMENT_3D( '', #2906, #2907, #2908 );
#1157 = EDGE_LOOP( '', ( #2909, #2910, #2911, #2912 ) );
#1158 = AXIS2_PLACEMENT_3D( '', #2913, #2914, #2915 );
#1159 = EDGE_LOOP( '', ( #2916, #2917, #2918, #2919, #2920, #2921 ) );
#1160 = AXIS2_PLACEMENT_3D( '', #2922, #2923, #2924 );
#1161 = EDGE_LOOP( '', ( #2925, #2926, #2927, #2928, #2929 ) );
#1162 = AXIS2_PLACEMENT_3D( '', #2930, #2931, #2932 );
#1163 = EDGE_LOOP( '', ( #2933, #2934, #2935, #2936, #2937, #2938 ) );
#1164 = AXIS2_PLACEMENT_3D( '', #2939, #2940, #2941 );
#1165 = EDGE_LOOP( '', ( #2942, #2943, #2944, #2945 ) );
#1166 = AXIS2_PLACEMENT_3D( '', #2946, #2947, #2948 );
#1167 = EDGE_LOOP( '', ( #2949, #2950, #2951, #2952 ) );
#1168 = AXIS2_PLACEMENT_3D( '', #2953, #2954, #2955 );
#1169 = EDGE_LOOP( '', ( #2956, #2957, #2958, #2959 ) );
#1170 = AXIS2_PLACEMENT_3D( '', #2960, #2961, #2962 );
#1171 = EDGE_LOOP( '', ( #2963, #2964, #2965, #2966, #2967, #2968, #2969, #2970, #2971, #2972, #2973, #2974 ) );
#1172 = AXIS2_PLACEMENT_3D( '', #2975, #2976, #2977 );
#1173 = EDGE_LOOP( '', ( #2978, #2979, #2980, #2981 ) );
#1174 = AXIS2_PLACEMENT_3D( '', #2982, #2983, #2984 );
#1175 = EDGE_LOOP( '', ( #2985, #2986, #2987, #2988, #2989, #2990, #2991, #2992, #2993, #2994, #2995, #2996, #2997, #2998, #2999, #3000, #3001, #3002, #3003, #3004, #3005, #3006, #3007, #3008, #3009, #3010, #3011, #3012, #3013, #3014, #3015, #3016, #3017, #3018, #3019, #3020, #3021, #3022, #3023, #3024, #3025, #3026, #3027, #3028 ) );
#1176 = EDGE_LOOP( '', ( #3029, #3030, #3031, #3032, #3033, #3034, #3035, #3036 ) );
#1177 = EDGE_LOOP( '', ( #3037, #3038, #3039, #3040, #3041, #3042, #3043, #3044 ) );
#1178 = AXIS2_PLACEMENT_3D( '', #3045, #3046, #3047 );
#1179 = EDGE_LOOP( '', ( #3048, #3049, #3050, #3051 ) );
#1180 = AXIS2_PLACEMENT_3D( '', #3052, #3053, #3054 );
#1181 = EDGE_LOOP( '', ( #3055, #3056, #3057, #3058 ) );
#1182 = AXIS2_PLACEMENT_3D( '', #3059, #3060, #3061 );
#1183 = EDGE_LOOP( '', ( #3062, #3063, #3064, #3065 ) );
#1184 = AXIS2_PLACEMENT_3D( '', #3066, #3067, #3068 );
#1185 = EDGE_LOOP( '', ( #3069, #3070, #3071, #3072 ) );
#1186 = AXIS2_PLACEMENT_3D( '', #3073, #3074, #3075 );
#1187 = EDGE_LOOP( '', ( #3076, #3077, #3078, #3079, #3080 ) );
#1188 = AXIS2_PLACEMENT_3D( '', #3081, #3082, #3083 );
#1189 = EDGE_LOOP( '', ( #3084, #3085, #3086, #3087, #3088, #3089, #3090, #3091 ) );
#1190 = AXIS2_PLACEMENT_3D( '', #3092, #3093, #3094 );
#1191 = EDGE_LOOP( '', ( #3095, #3096, #3097, #3098, #3099, #3100, #3101, #3102 ) );
#1192 = AXIS2_PLACEMENT_3D( '', #3103, #3104, #3105 );
#1193 = EDGE_LOOP( '', ( #3106, #3107, #3108, #3109 ) );
#1194 = AXIS2_PLACEMENT_3D( '', #3110, #3111, #3112 );
#1195 = EDGE_LOOP( '', ( #3113, #3114, #3115, #3116 ) );
#1196 = AXIS2_PLACEMENT_3D( '', #3117, #3118, #3119 );
#1197 = EDGE_LOOP( '', ( #3120, #3121, #3122, #3123 ) );
#1198 = AXIS2_PLACEMENT_3D( '', #3124, #3125, #3126 );
#1199 = EDGE_LOOP( '', ( #3127, #3128, #3129, #3130, #3131, #3132 ) );
#1200 = AXIS2_PLACEMENT_3D( '', #3133, #3134, #3135 );
#1201 = EDGE_LOOP( '', ( #3136, #3137, #3138, #3139 ) );
#1202 = AXIS2_PLACEMENT_3D( '', #3140, #3141, #3142 );
#1203 = EDGE_LOOP( '', ( #3143, #3144, #3145, #3146, #3147, #3148 ) );
#1204 = AXIS2_PLACEMENT_3D( '', #3149, #3150, #3151 );
#1205 = EDGE_LOOP( '', ( #3152, #3153, #3154, #3155, #3156 ) );
#1206 = AXIS2_PLACEMENT_3D( '', #3157, #3158, #3159 );
#1207 = EDGE_LOOP( '', ( #3160, #3161, #3162, #3163 ) );
#1208 = AXIS2_PLACEMENT_3D( '', #3164, #3165, #3166 );
#1209 = EDGE_LOOP( '', ( #3167, #3168, #3169, #3170 ) );
#1210 = AXIS2_PLACEMENT_3D( '', #3171, #3172, #3173 );
#1211 = EDGE_LOOP( '', ( #3174, #3175, #3176, #3177 ) );
#1212 = AXIS2_PLACEMENT_3D( '', #3178, #3179, #3180 );
#1213 = EDGE_LOOP( '', ( #3181, #3182, #3183, #3184 ) );
#1214 = AXIS2_PLACEMENT_3D( '', #3185, #3186, #3187 );
#1215 = EDGE_LOOP( '', ( #3188, #3189, #3190, #3191 ) );
#1216 = AXIS2_PLACEMENT_3D( '', #3192, #3193, #3194 );
#1217 = EDGE_LOOP( '', ( #3195, #3196, #3197, #3198, #3199 ) );
#1218 = AXIS2_PLACEMENT_3D( '', #3200, #3201, #3202 );
#1219 = EDGE_LOOP( '', ( #3203, #3204, #3205, #3206 ) );
#1220 = AXIS2_PLACEMENT_3D( '', #3207, #3208, #3209 );
#1221 = EDGE_LOOP( '', ( #3210, #3211, #3212, #3213, #3214 ) );
#1222 = AXIS2_PLACEMENT_3D( '', #3215, #3216, #3217 );
#1223 = EDGE_LOOP( '', ( #3218, #3219, #3220, #3221 ) );
#1224 = AXIS2_PLACEMENT_3D( '', #3222, #3223, #3224 );
#1225 = EDGE_LOOP( '', ( #3225, #3226, #3227 ) );
#1226 = AXIS2_PLACEMENT_3D( '', #3228, #3229, #3230 );
#1227 = EDGE_LOOP( '', ( #3231, #3232, #3233, #3234, #3235, #3236, #3237, #3238 ) );
#1228 = AXIS2_PLACEMENT_3D( '', #3239, #3240, #3241 );
#1229 = EDGE_LOOP( '', ( #3242, #3243, #3244, #3245, #3246, #3247 ) );
#1230 = AXIS2_PLACEMENT_3D( '', #3248, #3249, #3250 );
#1231 = EDGE_LOOP( '', ( #3251, #3252, #3253, #3254 ) );
#1232 = AXIS2_PLACEMENT_3D( '', #3255, #3256, #3257 );
#1233 = EDGE_LOOP( '', ( #3258, #3259, #3260, #3261 ) );
#1234 = AXIS2_PLACEMENT_3D( '', #3262, #3263, #3264 );
#1235 = EDGE_LOOP( '', ( #3265, #3266, #3267, #3268 ) );
#1236 = AXIS2_PLACEMENT_3D( '', #3269, #3270, #3271 );
#1237 = EDGE_LOOP( '', ( #3272, #3273, #3274, #3275 ) );
#1238 = AXIS2_PLACEMENT_3D( '', #3276, #3277, #3278 );
#1239 = EDGE_LOOP( '', ( #3279, #3280, #3281, #3282, #3283, #3284 ) );
#1240 = AXIS2_PLACEMENT_3D( '', #3285, #3286, #3287 );
#1241 = EDGE_LOOP( '', ( #3288, #3289, #3290, #3291 ) );
#1242 = AXIS2_PLACEMENT_3D( '', #3292, #3293, #3294 );
#1243 = ORIENTED_EDGE( '', *, *, #3295, .T. );
#1244 = ORIENTED_EDGE( '', *, *, #3296, .T. );
#1245 = ORIENTED_EDGE( '', *, *, #3297, .T. );
#1246 = ORIENTED_EDGE( '', *, *, #3298, .F. );
#1247 = ORIENTED_EDGE( '', *, *, #3299, .T. );
#1248 = ORIENTED_EDGE( '', *, *, #3300, .F. );
#1249 = CARTESIAN_POINT( '', ( -0.0217354230530000, 0.00523380477032800, 0.0162342311381500 ) );
#1250 = DIRECTION( '', ( 0.707106781186548, 0.000000000000000, -0.707106781186548 ) );
#1251 = DIRECTION( '', ( 0.000000000000000, -1.00000000000000, 0.000000000000000 ) );
#1252 = ORIENTED_EDGE( '', *, *, #3301, .F. );
#1253 = ORIENTED_EDGE( '', *, *, #3302, .F. );
#1254 = ORIENTED_EDGE( '', *, *, #3303, .F. );
#1255 = ORIENTED_EDGE( '', *, *, #3304, .F. );
#1256 = ORIENTED_EDGE( '', *, *, #3305, .F. );
#1257 = ORIENTED_EDGE( '', *, *, #3306, .T. );
#1258 = ORIENTED_EDGE( '', *, *, #3307, .F. );
#1259 = ORIENTED_EDGE( '', *, *, #3308, .F. );
#1260 = ORIENTED_EDGE( '', *, *, #3309, .F. );
#1261 = ORIENTED_EDGE( '', *, *, #3310, .F. );
#1262 = ORIENTED_EDGE( '', *, *, #3311, .F. );
#1263 = ORIENTED_EDGE( '', *, *, #3312, .T. );
#1264 = CARTESIAN_POINT( '', ( -0.0171987654185000, 0.00780022612653600, 0.0171252335381600 ) );
#1265 = DIRECTION( '', ( -1.00000000000000, 0.000000000000000, 0.000000000000000 ) );
#1266 = DIRECTION( '', ( 0.000000000000000, 0.000000000000000, 1.00000000000000 ) );
#1267 = ORIENTED_EDGE( '', *, *, #3313, .T. );
#1268 = ORIENTED_EDGE( '', *, *, #3314, .F. );
#1269 = ORIENTED_EDGE( '', *, *, #3315, .T. );
#1270 = ORIENTED_EDGE( '', *, *, #3301, .T. );
#1271 = ORIENTED_EDGE( '', *, *, #3316, .F. );
#1272 = CARTESIAN_POINT( '', ( -0.0167987654185000, 0.00525613577032900, -0.000945768861853000 ) );
#1273 = DIRECTION( '', ( -0.000000000000000, -0.000000000000000, -1.00000000000000 ) );
#1274 = DIRECTION( '', ( -1.00000000000000, 0.000000000000000, 0.000000000000000 ) );
#1275 = ORIENTED_EDGE( '', *, *, #3317, .T. );
#1276 = ORIENTED_EDGE( '', *, *, #3318, .F. );
#1277 = ORIENTED_EDGE( '', *, *, #3319, .T. );
#1278 = ORIENTED_EDGE( '', *, *, #3320, .F. );
#1279 = ORIENTED_EDGE( '', *, *, #3314, .T. );
#1280 = ORIENTED_EDGE( '', *, *, #3321, .F. );
#1281 = ORIENTED_EDGE( '', *, *, #3322, .T. );
#1282 = ORIENTED_EDGE( '', *, *, #3323, .F. );
#1283 = ORIENTED_EDGE( '', *, *, #3324, .T. );
#1284 = ORIENTED_EDGE( '', *, *, #3325, .F. );
#1285 = ORIENTED_EDGE( '', *, *, #3326, .T. );
#1286 = ORIENTED_EDGE( '', *, *, #3327, .F. );
#1287 = CARTESIAN_POINT( '', ( -0.0393995149937100, 0.00640024728856500, -0.0154315184370600 ) );
#1288 = DIRECTION( '', ( 0.707106781186548, 0.000000000000000, -0.707106781186548 ) );
#1289 = DIRECTION( '', ( 0.000000000000000, -1.00000000000000, 0.000000000000000 ) );
#1290 = ORIENTED_EDGE( '', *, *, #3311, .T. );
#1291 = ORIENTED_EDGE( '', *, *, #3328, .F. );
#1292 = ORIENTED_EDGE( '', *, *, #3324, .F. );
#1293 = ORIENTED_EDGE( '', *, *, #3329, .T. );
#1294 = ORIENTED_EDGE( '', *, *, #3330, .F. );
#1295 = CARTESIAN_POINT( '', ( -0.0167987654185000, 0.00586147377032900, -0.000945768861853000 ) );
#1296 = DIRECTION( '', ( -0.000000000000000, -0.000000000000000, -1.00000000000000 ) );
#1297 = DIRECTION( '', ( -1.00000000000000, 0.000000000000000, 0.000000000000000 ) );
#1298 = ORIENTED_EDGE( '', *, *, #3331, .F. );
#1299 = ORIENTED_EDGE( '', *, *, #3332, .T. );
#1300 = ORIENTED_EDGE( '', *, *, #3333, .F. );
#1301 = ORIENTED_EDGE( '', *, *, #3305, .T. );
#1302 = CARTESIAN_POINT( '', ( -0.0176995430607500, -0.00328415080500500, -1.87688618534600E-05 ) );
#1303 = DIRECTION( '', ( -0.000000000000000, 0.000000000000000, -1.00000000000000 ) );
#1304 = DIRECTION( '', ( 1.00000000000000, 0.000000000000000, 0.000000000000000 ) );
#1305 = ORIENTED_EDGE( '', *, *, #3334, .T. );
#1306 = ORIENTED_EDGE( '', *, *, #3335, .F. );
#1307 = ORIENTED_EDGE( '', *, *, #3336, .T. );
#1308 = ORIENTED_EDGE( '', *, *, #3337, .F. );
#1309 = CARTESIAN_POINT( '', ( -0.0261838024783800, 0.00577880477032900, 0.0162342311381500 ) );
#1310 = DIRECTION( '', ( -0.000000000000000, -0.000000000000000, -1.00000000000000 ) );
#1311 = DIRECTION( '', ( -1.00000000000000, 0.000000000000000, 0.000000000000000 ) );
#1312 = ORIENTED_EDGE( '', *, *, #3338, .T. );
#1313 = ORIENTED_EDGE( '', *, *, #3339, .F. );
#1314 = ORIENTED_EDGE( '', *, *, #3340, .F. );
#1315 = ORIENTED_EDGE( '', *, *, #3341, .F. );
#1316 = CARTESIAN_POINT( '', ( -0.0261838024783800, 0.00533880477032900, 0.0162342311381500 ) );
#1317 = DIRECTION( '', ( -0.000000000000000, -0.000000000000000, -1.00000000000000 ) );
#1318 = DIRECTION( '', ( -1.00000000000000, 0.000000000000000, 0.000000000000000 ) );
#1319 = ORIENTED_EDGE( '', *, *, #3342, .T. );
#1320 = ORIENTED_EDGE( '', *, *, #3343, .F. );
#1321 = ORIENTED_EDGE( '', *, *, #3344, .F. );
#1322 = ORIENTED_EDGE( '', *, *, #3345, .F. );
#1323 = CARTESIAN_POINT( '', ( -0.0275410883731000, 0.00626147377032900, 0.0102942311381500 ) );
#1324 = DIRECTION( '', ( 0.000000000000000, 1.00000000000000, 0.000000000000000 ) );
#1325 = DIRECTION( '', ( 1.00000000000000, 0.000000000000000, -0.000000000000000 ) );
#1326 = ORIENTED_EDGE( '', *, *, #3346, .F. );
#1327 = ORIENTED_EDGE( '', *, *, #3347, .F. );
#1328 = ORIENTED_EDGE( '', *, *, #3348, .F. );
#1329 = ORIENTED_EDGE( '', *, *, #3349, .T. );
#1330 = CARTESIAN_POINT( '', ( -0.0131787654185000, 0.00523880477032900, 0.0162342311381500 ) );
#1331 = DIRECTION( '', ( 0.000000000000000, 1.00000000000000, 0.000000000000000 ) );
#1332 = DIRECTION( '', ( 1.00000000000000, 0.000000000000000, -0.000000000000000 ) );
#1333 = ORIENTED_EDGE( '', *, *, #3350, .T. );
#1334 = ORIENTED_EDGE( '', *, *, #3351, .T. );
#1335 = ORIENTED_EDGE( '', *, *, #3352, .F. );
#1336 = ORIENTED_EDGE( '', *, *, #3353, .F. );
#1337 = CARTESIAN_POINT( '', ( -0.0245444225785700, 0.00457375277032800, -4.57688618544400E-05 ) );
#1338 = DIRECTION( '', ( 1.00000000000000, 0.000000000000000, 0.000000000000000 ) );
#1339 = DIRECTION( '', ( 0.000000000000000, 1.00000000000000, -0.000000000000000 ) );
#1340 = ORIENTED_EDGE( '', *, *, #3354, .F. );
#1341 = ORIENTED_EDGE( '', *, *, #3355, .F. );
#1342 = ORIENTED_EDGE( '', *, *, #3356, .T. );
#1343 = ORIENTED_EDGE( '', *, *, #3357, .F. );
#1344 = ORIENTED_EDGE( '', *, *, #3358, .T. );
#1345 = ORIENTED_EDGE( '', *, *, #3359, .T. );
#1346 = ORIENTED_EDGE( '', *, *, #3360, .T. );
#1347 = ORIENTED_EDGE( '', *, *, #3361, .F. );
#1348 = ORIENTED_EDGE( '', *, *, #3362, .F. );
#1349 = ORIENTED_EDGE( '', *, *, #3363, .F. );
#1350 = CARTESIAN_POINT( '', ( -0.0239633534135300, 0.00258679571762400, -0.00214576889469500 ) );
#1351 = DIRECTION( '', ( 0.000000000000000, 1.00000000000000, 0.000000000000000 ) );
#1352 = DIRECTION( '', ( 1.00000000000000, 0.000000000000000, -0.000000000000000 ) );
#1353 = ORIENTED_EDGE( '', *, *, #3364, .F. );
#1354 = ORIENTED_EDGE( '', *, *, #3365, .T. );
#1355 = ORIENTED_EDGE( '', *, *, #3358, .F. );
#1356 = CARTESIAN_POINT( '', ( -0.0192234230530000, 0.00268389957579600, 0.00898123113562200 ) );
#1357 = DIRECTION( '', ( 0.000000000000000, -0.999961923064171, 0.00872653549837375 ) );
#1358 = DIRECTION( '', ( -1.00000000000000, 0.000000000000000, 0.000000000000000 ) );
#1359 = ORIENTED_EDGE( '', *, *, #3366, .T. );
#1360 = ORIENTED_EDGE( '', *, *, #3367, .F. );
#1361 = ORIENTED_EDGE( '', *, *, #3368, .F. );
#1362 = ORIENTED_EDGE( '', *, *, #3369, .F. );
#1363 = ORIENTED_EDGE( '', *, *, #3370, .T. );
#1364 = ORIENTED_EDGE( '', *, *, #3306, .F. );
#1365 = ORIENTED_EDGE( '', *, *, #3333, .T. );
#1366 = ORIENTED_EDGE( '', *, *, #3371, .F. );
#1367 = ORIENTED_EDGE( '', *, *, #3372, .T. );
#1368 = ORIENTED_EDGE( '', *, *, #3373, .F. );
#1369 = ORIENTED_EDGE( '', *, *, #3374, .F. );
#1370 = ORIENTED_EDGE( '', *, *, #3363, .T. );
#1371 = ORIENTED_EDGE( '', *, *, #3375, .T. );
#1372 = ORIENTED_EDGE( '', *, *, #3376, .T. );
#1373 = ORIENTED_EDGE( '', *, *, #3377, .T. );
#1374 = ORIENTED_EDGE( '', *, *, #3378, .T. );
#1375 = ORIENTED_EDGE( '', *, *, #3379, .T. );
#1376 = ORIENTED_EDGE( '', *, *, #3380, .T. );
#1377 = ORIENTED_EDGE( '', *, *, #3381, .T. );
#1378 = ORIENTED_EDGE( '', *, *, #3382, .T. );
#1379 = ORIENTED_EDGE( '', *, *, #3383, .T. );
#1380 = ORIENTED_EDGE( '', *, *, #3384, .T. );
#1381 = ORIENTED_EDGE( '', *, *, #3385, .T. );
#1382 = ORIENTED_EDGE( '', *, *, #3386, .F. );
#1383 = ORIENTED_EDGE( '', *, *, #3387, .T. );
#1384 = ORIENTED_EDGE( '', *, *, #3388, .T. );
#1385 = ORIENTED_EDGE( '', *, *, #3389, .T. );
#1386 = ORIENTED_EDGE( '', *, *, #3390, .F. );
#1387 = ORIENTED_EDGE( '', *, *, #3391, .T. );
#1388 = ORIENTED_EDGE( '', *, *, #3353, .T. );
#1389 = ORIENTED_EDGE( '', *, *, #3392, .T. );
#1390 = ORIENTED_EDGE( '', *, *, #3393, .F. );
#1391 = ORIENTED_EDGE( '', *, *, #3364, .T. );
#1392 = ORIENTED_EDGE( '', *, *, #3357, .T. );
#1393 = ORIENTED_EDGE( '', *, *, #3394, .F. );
#1394 = ORIENTED_EDGE( '', *, *, #3395, .F. );
#1395 = ORIENTED_EDGE( '', *, *, #3396, .T. );
#1396 = ORIENTED_EDGE( '', *, *, #3397, .T. );
#1397 = ORIENTED_EDGE( '', *, *, #3398, .F. );
#1398 = ORIENTED_EDGE( '', *, *, #3399, .F. );
#1399 = ORIENTED_EDGE( '', *, *, #3400, .T. );
#1400 = ORIENTED_EDGE( '', *, *, #3401, .F. );
#1401 = ORIENTED_EDGE( '', *, *, #3402, .T. );
#1402 = ORIENTED_EDGE( '', *, *, #3403, .T. );
#1403 = ORIENTED_EDGE( '', *, *, #3404, .T. );
#1404 = ORIENTED_EDGE( '', *, *, #3405, .T. );
#1405 = ORIENTED_EDGE( '', *, *, #3406, .T. );
#1406 = ORIENTED_EDGE( '', *, *, #3407, .T. );
#1407 = ORIENTED_EDGE( '', *, *, #3408, .T. );
#1408 = ORIENTED_EDGE( '', *, *, #3409, .T. );
#1409 = ORIENTED_EDGE( '', *, *, #3410, .T. );
#1410 = ORIENTED_EDGE( '', *, *, #3411, .T. );
#1411 = ORIENTED_EDGE( '', *, *, #3412, .T. );
#1412 = ORIENTED_EDGE( '', *, *, #3413, .T. );
#1413 = ORIENTED_EDGE( '', *, *, #3414, .T. );
#1414 = ORIENTED_EDGE( '', *, *, #3415, .F. );
#1415 = ORIENTED_EDGE( '', *, *, #3416, .T. );
#1416 = ORIENTED_EDGE( '', *, *, #3417, .T. );
#1417 = CARTESIAN_POINT( '', ( -0.0270834232075300, -0.00353415080500500, -0.00214576886185300 ) );
#1418 = DIRECTION( '', ( 0.000000000000000, 0.000000000000000, -1.00000000000000 ) );
#1419 = DIRECTION( '', ( 0.000000000000000, -1.00000000000000, 0.000000000000000 ) );
#1420 = ORIENTED_EDGE( '', *, *, #3418, .T. );
#1421 = ORIENTED_EDGE( '', *, *, #3417, .F. );
#1422 = ORIENTED_EDGE( '', *, *, #3419, .F. );
#1423 = CARTESIAN_POINT( '', ( -0.0138734230530000, 0.00170482996486100, 0.00898123113562100 ) );
#1424 = DIRECTION( '', ( 0.000000000000000, 0.999961923064171, 0.00872653549837375 ) );
#1425 = DIRECTION( '', ( 1.00000000000000, 0.000000000000000, -0.000000000000000 ) );
#1426 = ORIENTED_EDGE( '', *, *, #3420, .F. );
#1427 = ORIENTED_EDGE( '', *, *, #3412, .F. );
#1428 = ORIENTED_EDGE( '', *, *, #3421, .F. );
#1429 = ORIENTED_EDGE( '', *, *, #3422, .F. );
#1430 = CARTESIAN_POINT( '', ( -0.0187574018755300, 0.00151437329668100, -0.00202077365431200 ) );
#1431 = DIRECTION( '', ( 0.704014724455977, 0.000000000000000, 0.710185375623277 ) );
#1432 = DIRECTION( '', ( 0.000000000000000, -1.00000000000000, 0.000000000000000 ) );
#1433 = ORIENTED_EDGE( '', *, *, #3423, .T. );
#1434 = ORIENTED_EDGE( '', *, *, #3424, .F. );
#1435 = ORIENTED_EDGE( '', *, *, #3425, .T. );
#1436 = ORIENTED_EDGE( '', *, *, #3426, .F. );
#1437 = CARTESIAN_POINT( '', ( -0.0277610883731000, 0.00415088964504600, 0.0159241826796000 ) );
#1438 = DIRECTION( '', ( -0.000000000000000, -0.000000000000000, 1.00000000000000 ) );
#1439 = DIRECTION( '', ( 1.00000000000000, 0.000000000000000, 0.000000000000000 ) );
#1440 = ORIENTED_EDGE( '', *, *, #3427, .T. );
#1441 = ORIENTED_EDGE( '', *, *, #3428, .F. );
#1442 = ORIENTED_EDGE( '', *, *, #3429, .F. );
#1443 = ORIENTED_EDGE( '', *, *, #3430, .F. );
#1444 = CARTESIAN_POINT( '', ( -0.0288983742678100, 0.00577880477032900, 0.0162342311381500 ) );
#1445 = DIRECTION( '', ( -0.000000000000000, -0.000000000000000, -1.00000000000000 ) );
#1446 = DIRECTION( '', ( -1.00000000000000, 0.000000000000000, 0.000000000000000 ) );
#1447 = ORIENTED_EDGE( '', *, *, #3431, .T. );
#1448 = ORIENTED_EDGE( '', *, *, #3432, .T. );
#1449 = ORIENTED_EDGE( '', *, *, #3433, .F. );
#1450 = ORIENTED_EDGE( '', *, *, #3378, .F. );
#1451 = CARTESIAN_POINT( '', ( -0.0182024241495100, 0.00316191677032900, -4.57688618544400E-05 ) );
#1452 = DIRECTION( '', ( -1.00000000000000, 0.000000000000000, 0.000000000000000 ) );
#1453 = DIRECTION( '', ( 0.000000000000000, 0.000000000000000, 1.00000000000000 ) );
#1454 = ORIENTED_EDGE( '', *, *, #3434, .F. );
#1455 = ORIENTED_EDGE( '', *, *, #3435, .F. );
#1456 = ORIENTED_EDGE( '', *, *, #3436, .T. );
#1457 = ORIENTED_EDGE( '', *, *, #3437, .F. );
#1458 = ORIENTED_EDGE( '', *, *, #3438, .F. );
#1459 = CARTESIAN_POINT( '', ( -0.0272210883731000, 0.00757880477032900, 0.0162342311381500 ) );
#1460 = DIRECTION( '', ( -1.00000000000000, 0.000000000000000, 0.000000000000000 ) );
#1461 = DIRECTION( '', ( 0.000000000000000, 0.000000000000000, 1.00000000000000 ) );
#1462 = ORIENTED_EDGE( '', *, *, #3439, .F. );
#1463 = ORIENTED_EDGE( '', *, *, #3440, .T. );
#1464 = ORIENTED_EDGE( '', *, *, #3441, .F. );
#1465 = ORIENTED_EDGE( '', *, *, #3442, .F. );
#1466 = CARTESIAN_POINT( '', ( -0.0208939910530000, 9.58047703284300E-05, 0.0126542311356200 ) );
#1467 = DIRECTION( '', ( 0.000000000000000, 1.00000000000000, 0.000000000000000 ) );
#1468 = DIRECTION( '', ( 1.00000000000000, 0.000000000000000, -0.000000000000000 ) );
#1469 = ORIENTED_EDGE( '', *, *, #3443, .T. );
#1470 = ORIENTED_EDGE( '', *, *, #3444, .T. );
#1471 = ORIENTED_EDGE( '', *, *, #3445, .T. );
#1472 = ORIENTED_EDGE( '', *, *, #3446, .T. );
#1473 = CARTESIAN_POINT( '', ( -0.0273210885890000, 0.00415088982984700, 0.0138317204792100 ) );
#1474 = DIRECTION( '', ( 0.000000000000000, 0.000000000000000, -1.00000000000000 ) );
#1475 = DIRECTION( '', ( 0.154387790732498, -0.988010328930188, 0.000000000000000 ) );
#1476 = ORIENTED_EDGE( '', *, *, #3447, .F. );
#1477 = ORIENTED_EDGE( '', *, *, #3448, .F. );
#1478 = ORIENTED_EDGE( '', *, *, #3449, .F. );
#1479 = ORIENTED_EDGE( '', *, *, #3414, .F. );
#1480 = ORIENTED_EDGE( '', *, *, #3450, .F. );
#1481 = ORIENTED_EDGE( '', *, *, #3451, .F. );
#1482 = ORIENTED_EDGE( '', *, *, #3452, .T. );
#1483 = ORIENTED_EDGE( '', *, *, #3453, .T. );
#1484 = ORIENTED_EDGE( '', *, *, #3419, .T. );
#1485 = ORIENTED_EDGE( '', *, *, #3416, .F. );
#1486 = CARTESIAN_POINT( '', ( -0.0187834926924700, 0.00180193382303300, -0.00214576889469500 ) );
#1487 = DIRECTION( '', ( 0.000000000000000, -1.00000000000000, 0.000000000000000 ) );
#1488 = DIRECTION( '', ( 0.000000000000000, 0.000000000000000, -1.00000000000000 ) );
#1489 = ORIENTED_EDGE( '', *, *, #3449, .T. );
#1490 = ORIENTED_EDGE( '', *, *, #3448, .T. );
#1491 = ORIENTED_EDGE( '', *, *, #3447, .T. );
#1492 = ORIENTED_EDGE( '', *, *, #3415, .T. );
#1493 = CARTESIAN_POINT( '', ( -0.0138734233640400, 0.00170482996486100, 0.00908123113814600 ) );
#1494 = DIRECTION( '', ( 0.000000000000000, 0.999961923064171, 0.00872653549837375 ) );
#1495 = DIRECTION( '', ( 1.00000000000000, 0.000000000000000, -0.000000000000000 ) );
#1496 = ORIENTED_EDGE( '', *, *, #3454, .F. );
#1497 = ORIENTED_EDGE( '', *, *, #3455, .T. );
#1498 = ORIENTED_EDGE( '', *, *, #3456, .F. );
#1499 = ORIENTED_EDGE( '', *, *, #3457, .F. );
#1500 = ORIENTED_EDGE( '', *, *, #3458, .F. );
#1501 = ORIENTED_EDGE( '', *, *, #3459, .F. );
#1502 = ORIENTED_EDGE( '', *, *, #3460, .T. );
#1503 = ORIENTED_EDGE( '', *, *, #3461, .T. );
#1504 = CARTESIAN_POINT( '', ( -0.0151987654185000, 0.00555880477032900, 0.0151038666344400 ) );
#1505 = DIRECTION( '', ( -0.000000000000000, 0.000000000000000, -1.00000000000000 ) );
#1506 = DIRECTION( '', ( -1.00000000000000, 0.000000000000000, 0.000000000000000 ) );
#1507 = ORIENTED_EDGE( '', *, *, #3462, .T. );
#1508 = ORIENTED_EDGE( '', *, *, #3463, .T. );
#1509 = ORIENTED_EDGE( '', *, *, #3464, .F. );
#1510 = ORIENTED_EDGE( '', *, *, #3465, .T. );
#1511 = CARTESIAN_POINT( '', ( -0.0149787656344000, 0.00696671971080800, 0.0138317204679300 ) );
#1512 = DIRECTION( '', ( 0.000000000000000, 0.000000000000000, -0.999999999999999 ) );
#1513 = DIRECTION( '', ( 0.999999999998291, 1.84798034691398E-06, 0.000000000000000 ) );
#1514 = ORIENTED_EDGE( '', *, *, #3454, .T. );
#1515 = ORIENTED_EDGE( '', *, *, #3466, .T. );
#1516 = ORIENTED_EDGE( '', *, *, #3467, .T. );
#1517 = ORIENTED_EDGE( '', *, *, #3468, .T. );
#1518 = CARTESIAN_POINT( '', ( -0.0149787656344100, 0.00415088982984700, 0.0138317204792100 ) );
#1519 = DIRECTION( '', ( 0.000000000000000, 0.000000000000000, -1.00000000000000 ) );
#1520 = DIRECTION( '', ( 0.154387790732498, -0.988010328930188, 0.000000000000000 ) );
#1521 = ORIENTED_EDGE( '', *, *, #3469, .F. );
#1522 = ORIENTED_EDGE( '', *, *, #3470, .T. );
#1523 = ORIENTED_EDGE( '', *, *, #3471, .F. );
#1524 = ORIENTED_EDGE( '', *, *, #3472, .F. );
#1525 = ORIENTED_EDGE( '', *, *, #3473, .T. );
#1526 = CARTESIAN_POINT( '', ( -0.0209139910530000, -0.000928195229671600, -0.000168768864378300 ) );
#1527 = DIRECTION( '', ( -0.000000000000000, 0.000000000000000, -1.00000000000000 ) );
#1528 = DIRECTION( '', ( 1.00000000000000, 0.000000000000000, 0.000000000000000 ) );
#1529 = ORIENTED_EDGE( '', *, *, #3474, .T. );
#1530 = ORIENTED_EDGE( '', *, *, #3475, .T. );
#1531 = ORIENTED_EDGE( '', *, *, #3476, .F. );
#1532 = ORIENTED_EDGE( '', *, *, #3477, .F. );
#1533 = ORIENTED_EDGE( '', *, *, #3478, .F. );
#1534 = ORIENTED_EDGE( '', *, *, #3479, .T. );
#1535 = CARTESIAN_POINT( '', ( -0.0210139910530000, -0.000441195229671600, 0.00228051888375900 ) );
#1536 = DIRECTION( '', ( 0.707106781186548, 0.000000000000000, -0.707106781186548 ) );
#1537 = DIRECTION( '', ( 0.000000000000000, -1.00000000000000, 0.000000000000000 ) );
#1538 = ORIENTED_EDGE( '', *, *, #3480, .T. );
#1539 = ORIENTED_EDGE( '', *, *, #3476, .T. );
#1540 = ORIENTED_EDGE( '', *, *, #3481, .T. );
#1541 = ORIENTED_EDGE( '', *, *, #3439, .T. );
#1542 = ORIENTED_EDGE( '', *, *, #3482, .F. );
#1543 = CARTESIAN_POINT( '', ( -0.0209139910530000, -4.19522967156800E-06, -0.000168768864378300 ) );
#1544 = DIRECTION( '', ( -0.000000000000000, 0.000000000000000, -1.00000000000000 ) );
#1545 = DIRECTION( '', ( 1.00000000000000, 0.000000000000000, 0.000000000000000 ) );
#1546 = ORIENTED_EDGE( '', *, *, #3483, .T. );
#1547 = ORIENTED_EDGE( '', *, *, #3484, .F. );
#1548 = ORIENTED_EDGE( '', *, *, #3485, .T. );
#1549 = ORIENTED_EDGE( '', *, *, #3486, .T. );
#1550 = ORIENTED_EDGE( '', *, *, #3471, .T. );
#1551 = ORIENTED_EDGE( '', *, *, #3487, .F. );
#1552 = CARTESIAN_POINT( '', ( -0.0210139910530000, -0.000466195229671600, 0.0162342311381500 ) );
#1553 = DIRECTION( '', ( -0.707106781186548, 0.000000000000000, -0.707106781186548 ) );
#1554 = DIRECTION( '', ( -0.707106781186548, 0.000000000000000, 0.707106781186548 ) );
#1555 = ORIENTED_EDGE( '', *, *, #3488, .F. );
#1556 = ORIENTED_EDGE( '', *, *, #3489, .T. );
#1557 = ORIENTED_EDGE( '', *, *, #3490, .F. );
#1558 = ORIENTED_EDGE( '', *, *, #3491, .F. );
#1559 = ORIENTED_EDGE( '', *, *, #3492, .T. );
#1560 = CARTESIAN_POINT( '', ( -0.0218379910530000, -0.000928195229671600, -0.000168768864378300 ) );
#1561 = DIRECTION( '', ( -0.000000000000000, 0.000000000000000, -1.00000000000000 ) );
#1562 = DIRECTION( '', ( 1.00000000000000, 0.000000000000000, 0.000000000000000 ) );
#1563 = ORIENTED_EDGE( '', *, *, #3493, .T. );
#1564 = ORIENTED_EDGE( '', *, *, #3494, .T. );
#1565 = ORIENTED_EDGE( '', *, *, #3495, .F. );
#1566 = ORIENTED_EDGE( '', *, *, #3496, .F. );
#1567 = ORIENTED_EDGE( '', *, *, #3497, .F. );
#1568 = ORIENTED_EDGE( '', *, *, #3498, .T. );
#1569 = CARTESIAN_POINT( '', ( -0.0217379910530000, -0.000441195229671600, 0.00228051888375900 ) );
#1570 = DIRECTION( '', ( -0.707106781186548, 0.000000000000000, -0.707106781186548 ) );
#1571 = DIRECTION( '', ( -0.707106781186548, 0.000000000000000, 0.707106781186548 ) );
#1572 = ORIENTED_EDGE( '', *, *, #3422, .T. );
#1573 = ORIENTED_EDGE( '', *, *, #3499, .T. );
#1574 = ORIENTED_EDGE( '', *, *, #3500, .T. );
#1575 = ORIENTED_EDGE( '', *, *, #3451, .T. );
#1576 = CARTESIAN_POINT( '', ( -0.0187834926924700, -0.00191970539512100, -0.00214576889469500 ) );
#1577 = DIRECTION( '', ( -1.00000000000000, 0.000000000000000, 0.000000000000000 ) );
#1578 = DIRECTION( '', ( 0.000000000000000, 0.000000000000000, 1.00000000000000 ) );
#1579 = ORIENTED_EDGE( '', *, *, #3501, .T. );
#1580 = ORIENTED_EDGE( '', *, *, #3502, .T. );
#1581 = ORIENTED_EDGE( '', *, *, #3503, .F. );
#1582 = ORIENTED_EDGE( '', *, *, #3396, .F. );
#1583 = CARTESIAN_POINT( '', ( -0.0245444225785700, 0.00122681277032800, -4.57688618544400E-05 ) );
#1584 = DIRECTION( '', ( 1.00000000000000, 0.000000000000000, 0.000000000000000 ) );
#1585 = DIRECTION( '', ( 0.000000000000000, 1.00000000000000, -0.000000000000000 ) );
#1586 = ORIENTED_EDGE( '', *, *, #3504, .F. );
#1587 = ORIENTED_EDGE( '', *, *, #3505, .T. );
#1588 = ORIENTED_EDGE( '', *, *, #3506, .F. );
#1589 = ORIENTED_EDGE( '', *, *, #3507, .F. );
#1590 = CARTESIAN_POINT( '', ( -0.0255480813095900, -0.000923011200914000, -0.000552347694464200 ) );
#1591 = DIRECTION( '', ( 0.000000000000000, 0.800000000000000, 0.600000000000000 ) );
#1592 = DIRECTION( '', ( 1.00000000000000, 0.000000000000000, -0.000000000000000 ) );
#1593 = ORIENTED_EDGE( '', *, *, #3372, .F. );
#1594 = ORIENTED_EDGE( '', *, *, #3508, .T. );
#1595 = ORIENTED_EDGE( '', *, *, #3509, .F. );
#1596 = ORIENTED_EDGE( '', *, *, #3510, .T. );
#1597 = CARTESIAN_POINT( '', ( -0.0250480813095900, -0.00328415080500500, -1.87688618534300E-05 ) );
#1598 = DIRECTION( '', ( -0.000000000000000, -0.000000000000000, 1.00000000000000 ) );
#1599 = DIRECTION( '', ( -1.00000000000000, 0.000000000000000, 0.000000000000000 ) );
#1600 = ORIENTED_EDGE( '', *, *, #3511, .T. );
#1601 = ORIENTED_EDGE( '', *, *, #3512, .T. );
#1602 = ORIENTED_EDGE( '', *, *, #3513, .T. );
#1603 = ORIENTED_EDGE( '', *, *, #3484, .T. );
#1604 = ORIENTED_EDGE( '', *, *, #3514, .T. );
#1605 = ORIENTED_EDGE( '', *, *, #3515, .F. );
#1606 = CARTESIAN_POINT( '', ( -0.0213759910530000, -0.000104195229671600, 0.0162342311381500 ) );
#1607 = DIRECTION( '', ( 0.000000000000000, -0.707106781186548, -0.707106781186548 ) );
#1608 = DIRECTION( '', ( 0.000000000000000, -0.707106781186548, 0.707106781186548 ) );
#1609 = ORIENTED_EDGE( '', *, *, #3516, .F. );
#1610 = ORIENTED_EDGE( '', *, *, #3517, .F. );
#1611 = ORIENTED_EDGE( '', *, *, #3518, .F. );
#1612 = ORIENTED_EDGE( '', *, *, #3519, .F. );
#1613 = CARTESIAN_POINT( '', ( -0.0208939910530000, -0.00102819522967200, 0.00895423113562200 ) );
#1614 = DIRECTION( '', ( 0.000000000000000, -1.00000000000000, 0.000000000000000 ) );
#1615 = DIRECTION( '', ( 0.000000000000000, 0.000000000000000, -1.00000000000000 ) );
#1616 = ORIENTED_EDGE( '', *, *, #3518, .T. );
#1617 = ORIENTED_EDGE( '', *, *, #3520, .T. );
#1618 = ORIENTED_EDGE( '', *, *, #3478, .T. );
#1619 = ORIENTED_EDGE( '', *, *, #3521, .T. );
#1620 = ORIENTED_EDGE( '', *, *, #3522, .F. );
#1621 = CARTESIAN_POINT( '', ( -0.0209139910530000, -0.000928195229671600, -0.000168768864378300 ) );
#1622 = DIRECTION( '', ( -0.000000000000000, 0.000000000000000, -1.00000000000000 ) );
#1623 = DIRECTION( '', ( 1.00000000000000, 0.000000000000000, 0.000000000000000 ) );
#1624 = ORIENTED_EDGE( '', *, *, #3523, .T. );
#1625 = ORIENTED_EDGE( '', *, *, #3495, .T. );
#1626 = ORIENTED_EDGE( '', *, *, #3524, .T. );
#1627 = ORIENTED_EDGE( '', *, *, #3516, .T. );
#1628 = ORIENTED_EDGE( '', *, *, #3525, .F. );
#1629 = CARTESIAN_POINT( '', ( -0.0218379910530000, -0.000928195229671600, -0.000168768864378300 ) );
#1630 = DIRECTION( '', ( -0.000000000000000, 0.000000000000000, -1.00000000000000 ) );
#1631 = DIRECTION( '', ( 1.00000000000000, 0.000000000000000, 0.000000000000000 ) );
#1632 = ORIENTED_EDGE( '', *, *, #3526, .T. );
#1633 = ORIENTED_EDGE( '', *, *, #3489, .F. );
#1634 = ORIENTED_EDGE( '', *, *, #3527, .T. );
#1635 = ORIENTED_EDGE( '', *, *, #3473, .F. );
#1636 = CARTESIAN_POINT( '', ( -0.0208939910530000, -0.00102819522967200, 0.00895423113562200 ) );
#1637 = DIRECTION( '', ( 0.000000000000000, -1.00000000000000, 0.000000000000000 ) );
#1638 = DIRECTION( '', ( 0.000000000000000, 0.000000000000000, -1.00000000000000 ) );
#1639 = ORIENTED_EDGE( '', *, *, #3528, .T. );
#1640 = ORIENTED_EDGE( '', *, *, #3529, .T. );
#1641 = ORIENTED_EDGE( '', *, *, #3530, .T. );
#1642 = ORIENTED_EDGE( '', *, *, #3531, .F. );
#1643 = CARTESIAN_POINT( '', ( -0.0202234230530000, 0.0102502260657300, 0.00105628001670200 ) );
#1644 = DIRECTION( '', ( 0.000000000000000, 0.000000000000000, -1.00000000000000 ) );
#1645 = DIRECTION( '', ( 0.000000000000000, -1.00000000000000, 0.000000000000000 ) );
#1646 = ORIENTED_EDGE( '', *, *, #3532, .T. );
#1647 = ORIENTED_EDGE( '', *, *, #3533, .T. );
#1648 = ORIENTED_EDGE( '', *, *, #3531, .T. );
#1649 = ORIENTED_EDGE( '', *, *, #3534, .T. );
#1650 = CARTESIAN_POINT( '', ( -0.0287734233640400, 0.0102502260657300, 0.00102671526708400 ) );
#1651 = DIRECTION( '', ( 0.000000000000000, 1.00000000000000, 0.000000000000000 ) );
#1652 = DIRECTION( '', ( 1.00000000000000, 0.000000000000000, -0.000000000000000 ) );
#1653 = ORIENTED_EDGE( '', *, *, #3535, .T. );
#1654 = ORIENTED_EDGE( '', *, *, #3536, .T. );
#1655 = ORIENTED_EDGE( '', *, *, #3537, .T. );
#1656 = ORIENTED_EDGE( '', *, *, #3538, .T. );
#1657 = ORIENTED_EDGE( '', *, *, #3539, .T. );
#1658 = ORIENTED_EDGE( '', *, *, #3504, .T. );
#1659 = ORIENTED_EDGE( '', *, *, #3540, .T. );
#1660 = ORIENTED_EDGE( '', *, *, #3541, .F. );
#1661 = ORIENTED_EDGE( '', *, *, #3542, .F. );
#1662 = ORIENTED_EDGE( '', *, *, #3543, .F. );
#1663 = ORIENTED_EDGE( '', *, *, #3544, .F. );
#1664 = ORIENTED_EDGE( '', *, *, #3545, .F. );
#1665 = ORIENTED_EDGE( '', *, *, #3546, .F. );
#1666 = ORIENTED_EDGE( '', *, *, #3547, .F. );
#1667 = ORIENTED_EDGE( '', *, *, #3548, .T. );
#1668 = ORIENTED_EDGE( '', *, *, #3549, .T. );
#1669 = ORIENTED_EDGE( '', *, *, #3550, .T. );
#1670 = CARTESIAN_POINT( '', ( -0.0255350813095900, -0.000761962339233000, 0.00234968972184100 ) );
#1671 = DIRECTION( '', ( -1.00000000000000, 0.000000000000000, 0.000000000000000 ) );
#1672 = DIRECTION( '', ( 0.000000000000000, 0.000000000000000, 1.00000000000000 ) );
#1673 = ORIENTED_EDGE( '', *, *, #3546, .T. );
#1674 = ORIENTED_EDGE( '', *, *, #3551, .T. );
#1675 = ORIENTED_EDGE( '', *, *, #3552, .T. );
#1676 = ORIENTED_EDGE( '', *, *, #3553, .F. );
#1677 = CARTESIAN_POINT( '', ( -0.0255480813095900, -0.00156051120091400, 1.01523055358100E-05 ) );
#1678 = DIRECTION( '', ( 0.000000000000000, 1.00000000000000, 0.000000000000000 ) );
#1679 = DIRECTION( '', ( 1.00000000000000, 0.000000000000000, -0.000000000000000 ) );
#1680 = ORIENTED_EDGE( '', *, *, #3356, .F. );
#1681 = ORIENTED_EDGE( '', *, *, #3355, .T. );
#1682 = ORIENTED_EDGE( '', *, *, #3354, .T. );
#1683 = ORIENTED_EDGE( '', *, *, #3374, .T. );
#1684 = CARTESIAN_POINT( '', ( -0.0306234233640400, 0.00268389957579600, 0.00908123113814600 ) );
#1685 = DIRECTION( '', ( 0.000000000000000, -0.999961923064171, 0.00872653549837375 ) );
#1686 = DIRECTION( '', ( -1.00000000000000, 0.000000000000000, 0.000000000000000 ) );
#1687 = ORIENTED_EDGE( '', *, *, #3528, .F. );
#1688 = ORIENTED_EDGE( '', *, *, #3533, .F. );
#1689 = ORIENTED_EDGE( '', *, *, #3554, .T. );
#1690 = ORIENTED_EDGE( '', *, *, #3555, .T. );
#1691 = CARTESIAN_POINT( '', ( -0.0225234233640400, 0.0102502260657300, 0.00105628004954400 ) );
#1692 = DIRECTION( '', ( 1.00000000000000, 0.000000000000000, 0.000000000000000 ) );
#1693 = DIRECTION( '', ( 0.000000000000000, 1.00000000000000, -0.000000000000000 ) );
#1694 = ORIENTED_EDGE( '', *, *, #3556, .T. );
#1695 = ORIENTED_EDGE( '', *, *, #3557, .T. );
#1696 = ORIENTED_EDGE( '', *, *, #3558, .F. );
#1697 = ORIENTED_EDGE( '', *, *, #3559, .T. );
#1698 = ORIENTED_EDGE( '', *, *, #3560, .T. );
#1699 = ORIENTED_EDGE( '', *, *, #3561, .F. );
#1700 = CARTESIAN_POINT( '', ( -0.0163687654185000, 0.00672880477032900, 0.0162342311381500 ) );
#1701 = DIRECTION( '', ( -0.000000000000000, 0.000000000000000, -1.00000000000000 ) );
#1702 = DIRECTION( '', ( 1.00000000000000, 0.000000000000000, 0.000000000000000 ) );
#1703 = ORIENTED_EDGE( '', *, *, #3562, .T. );
#1704 = ORIENTED_EDGE( '', *, *, #3563, .F. );
#1705 = ORIENTED_EDGE( '', *, *, #3564, .T. );
#1706 = ORIENTED_EDGE( '', *, *, #3565, .T. );
#1707 = ORIENTED_EDGE( '', *, *, #3566, .F. );
#1708 = ORIENTED_EDGE( '', *, *, #3567, .T. );
#1709 = CARTESIAN_POINT( '', ( -0.0140287654185000, 0.00672880477032900, 0.0162342311381500 ) );
#1710 = DIRECTION( '', ( -0.000000000000000, 0.000000000000000, -1.00000000000000 ) );
#1711 = DIRECTION( '', ( 1.00000000000000, 0.000000000000000, 0.000000000000000 ) );
#1712 = ORIENTED_EDGE( '', *, *, #3568, .F. );
#1713 = ORIENTED_EDGE( '', *, *, #3569, .F. );
#1714 = ORIENTED_EDGE( '', *, *, #3570, .F. );
#1715 = ORIENTED_EDGE( '', *, *, #3571, .F. );
#1716 = CARTESIAN_POINT( '', ( -0.0201384185630900, -0.00321102264850200, -0.00214576889469500 ) );
#1717 = DIRECTION( '', ( -0.689910538647566, 0.723894639200364, 0.000000000000000 ) );
#1718 = DIRECTION( '', ( 0.000000000000000, 0.000000000000000, 1.00000000000000 ) );
#1719 = ORIENTED_EDGE( '', *, *, #3572, .F. );
#1720 = ORIENTED_EDGE( '', *, *, #3403, .F. );
#1721 = ORIENTED_EDGE( '', *, *, #3573, .T. );
#1722 = ORIENTED_EDGE( '', *, *, #3574, .F. );
#1723 = CARTESIAN_POINT( '', ( -0.0221481332726700, -0.00323711346543900, -0.00202077365431200 ) );
#1724 = DIRECTION( '', ( 0.000000000000000, -0.704014724455977, 0.710185375623277 ) );
#1725 = DIRECTION( '', ( -1.00000000000000, 0.000000000000000, 0.000000000000000 ) );
#1726 = ORIENTED_EDGE( '', *, *, #3575, .T. );
#1727 = ORIENTED_EDGE( '', *, *, #3576, .T. );
#1728 = ORIENTED_EDGE( '', *, *, #3571, .T. );
#1729 = ORIENTED_EDGE( '', *, *, #3574, .T. );
#1730 = CARTESIAN_POINT( '', ( -0.0239633534135300, -0.00321102264850200, -0.00214576889469500 ) );
#1731 = DIRECTION( '', ( 0.000000000000000, 1.00000000000000, 0.000000000000000 ) );
#1732 = DIRECTION( '', ( 1.00000000000000, 0.000000000000000, -0.000000000000000 ) );
#1733 = ORIENTED_EDGE( '', *, *, #3577, .F. );
#1734 = ORIENTED_EDGE( '', *, *, #3578, .T. );
#1735 = ORIENTED_EDGE( '', *, *, #3579, .F. );
#1736 = ORIENTED_EDGE( '', *, *, #3580, .T. );
#1737 = CARTESIAN_POINT( '', ( -0.0187834926924700, -0.00191970539512100, -0.00214576889469500 ) );
#1738 = DIRECTION( '', ( -1.00000000000000, 0.000000000000000, 0.000000000000000 ) );
#1739 = DIRECTION( '', ( 0.000000000000000, 0.000000000000000, 1.00000000000000 ) );
#1740 = ORIENTED_EDGE( '', *, *, #3581, .T. );
#1741 = ORIENTED_EDGE( '', *, *, #3582, .T. );
#1742 = ORIENTED_EDGE( '', *, *, #3409, .F. );
#1743 = ORIENTED_EDGE( '', *, *, #3583, .T. );
#1744 = ORIENTED_EDGE( '', *, *, #3579, .T. );
#1745 = CARTESIAN_POINT( '', ( -0.0197952344245300, -0.000185023229671600, -4.57688618544400E-05 ) );
#1746 = DIRECTION( '', ( 0.000000000000000, 1.00000000000000, 0.000000000000000 ) );
#1747 = DIRECTION( '', ( 1.00000000000000, 0.000000000000000, -0.000000000000000 ) );
#1748 = ORIENTED_EDGE( '', *, *, #3583, .F. );
#1749 = ORIENTED_EDGE( '', *, *, #3408, .F. );
#1750 = ORIENTED_EDGE( '', *, *, #3584, .F. );
#1751 = ORIENTED_EDGE( '', *, *, #3580, .F. );
#1752 = CARTESIAN_POINT( '', ( -0.0187574018755300, -0.000655635229671600, -0.00202077365431200 ) );
#1753 = DIRECTION( '', ( 0.704014724455977, 0.000000000000000, 0.710185375623277 ) );
#1754 = DIRECTION( '', ( 0.000000000000000, -1.00000000000000, 0.000000000000000 ) );
#1755 = ORIENTED_EDGE( '', *, *, #3585, .F. );
#1756 = ORIENTED_EDGE( '', *, *, #3586, .T. );
#1757 = ORIENTED_EDGE( '', *, *, #3577, .T. );
#1758 = ORIENTED_EDGE( '', *, *, #3584, .T. );
#1759 = ORIENTED_EDGE( '', *, *, #3407, .F. );
#1760 = CARTESIAN_POINT( '', ( -0.0182024241495100, -0.00112624722967200, -4.57688618544400E-05 ) );
#1761 = DIRECTION( '', ( 0.000000000000000, -1.00000000000000, 0.000000000000000 ) );
#1762 = DIRECTION( '', ( 0.000000000000000, 0.000000000000000, -1.00000000000000 ) );
#1763 = ORIENTED_EDGE( '', *, *, #3472, .T. );
#1764 = ORIENTED_EDGE( '', *, *, #3486, .F. );
#1765 = ORIENTED_EDGE( '', *, *, #3587, .T. );
#1766 = ORIENTED_EDGE( '', *, *, #3588, .F. );
#1767 = ORIENTED_EDGE( '', *, *, #3490, .T. );
#1768 = ORIENTED_EDGE( '', *, *, #3526, .F. );
#1769 = CARTESIAN_POINT( '', ( -0.0213759910530000, -0.000828195229671600, 0.0162342311381500 ) );
#1770 = DIRECTION( '', ( 0.000000000000000, 0.707106781186548, -0.707106781186548 ) );
#1771 = DIRECTION( '', ( -1.00000000000000, 0.000000000000000, 0.000000000000000 ) );
#1772 = ORIENTED_EDGE( '', *, *, #3589, .T. );
#1773 = ORIENTED_EDGE( '', *, *, #3590, .T. );
#1774 = ORIENTED_EDGE( '', *, *, #3591, .F. );
#1775 = ORIENTED_EDGE( '', *, *, #3564, .F. );
#1776 = ORIENTED_EDGE( '', *, *, #3592, .F. );
#1777 = ORIENTED_EDGE( '', *, *, #3593, .F. );
#1778 = ORIENTED_EDGE( '', *, *, #3349, .F. );
#1779 = ORIENTED_EDGE( '', *, *, #3594, .T. );
#1780 = CARTESIAN_POINT( '', ( -0.0151987654185000, 0.00555880477032900, 0.0151574793074600 ) );
#1781 = DIRECTION( '', ( -0.000000000000000, 0.000000000000000, -1.00000000000000 ) );
#1782 = DIRECTION( '', ( -1.00000000000000, 0.000000000000000, 0.000000000000000 ) );
#1783 = ORIENTED_EDGE( '', *, *, #3595, .T. );
#1784 = ORIENTED_EDGE( '', *, *, #3596, .F. );
#1785 = ORIENTED_EDGE( '', *, *, #3597, .F. );
#1786 = ORIENTED_EDGE( '', *, *, #3598, .F. );
#1787 = CARTESIAN_POINT( '', ( -0.0165560513132200, 0.00577880477032900, 0.0162342311381500 ) );
#1788 = DIRECTION( '', ( -0.000000000000000, -0.000000000000000, -1.00000000000000 ) );
#1789 = DIRECTION( '', ( -1.00000000000000, 0.000000000000000, 0.000000000000000 ) );
#1790 = ORIENTED_EDGE( '', *, *, #3503, .T. );
#1791 = ORIENTED_EDGE( '', *, *, #3599, .T. );
#1792 = ORIENTED_EDGE( '', *, *, #3600, .T. );
#1793 = ORIENTED_EDGE( '', *, *, #3601, .T. );
#1794 = ORIENTED_EDGE( '', *, *, #3397, .F. );
#1795 = CARTESIAN_POINT( '', ( -0.0245444225785700, -0.000185023229671600, -4.57688618544400E-05 ) );
#1796 = DIRECTION( '', ( 0.000000000000000, 1.00000000000000, 0.000000000000000 ) );
#1797 = DIRECTION( '', ( 1.00000000000000, 0.000000000000000, -0.000000000000000 ) );
#1798 = ORIENTED_EDGE( '', *, *, #3602, .F. );
#1799 = ORIENTED_EDGE( '', *, *, #3603, .T. );
#1800 = ORIENTED_EDGE( '', *, *, #3604, .F. );
#1801 = ORIENTED_EDGE( '', *, *, #3605, .F. );
#1802 = CARTESIAN_POINT( '', ( -0.0207884230530000, 0.00467180477032800, 0.0206622311684800 ) );
#1803 = DIRECTION( '', ( 0.000000000000000, -1.00000000000000, 0.000000000000000 ) );
#1804 = DIRECTION( '', ( 0.000000000000000, 0.000000000000000, -1.00000000000000 ) );
#1805 = ORIENTED_EDGE( '', *, *, #3606, .T. );
#1806 = ORIENTED_EDGE( '', *, *, #3607, .T. );
#1807 = ORIENTED_EDGE( '', *, *, #3608, .T. );
#1808 = ORIENTED_EDGE( '', *, *, #3602, .T. );
#1809 = ORIENTED_EDGE( '', *, *, #3609, .F. );
#1810 = CARTESIAN_POINT( '', ( -0.0218354230530000, 0.00477180477032800, -0.000168768864378300 ) );
#1811 = DIRECTION( '', ( -0.000000000000000, 0.000000000000000, -1.00000000000000 ) );
#1812 = DIRECTION( '', ( 1.00000000000000, 0.000000000000000, 0.000000000000000 ) );
#1813 = ORIENTED_EDGE( '', *, *, #3608, .F. );
#1814 = ORIENTED_EDGE( '', *, *, #3610, .F. );
#1815 = ORIENTED_EDGE( '', *, *, #3611, .F. );
#1816 = ORIENTED_EDGE( '', *, *, #3612, .F. );
#1817 = ORIENTED_EDGE( '', *, *, #3613, .F. );
#1818 = ORIENTED_EDGE( '', *, *, #3603, .F. );
#1819 = CARTESIAN_POINT( '', ( -0.0213734230530000, 0.00487180477032800, 0.00228051888375800 ) );
#1820 = DIRECTION( '', ( 0.000000000000000, -0.707106781186548, -0.707106781186548 ) );
#1821 = DIRECTION( '', ( 0.000000000000000, -0.707106781186548, 0.707106781186548 ) );
#1822 = ORIENTED_EDGE( '', *, *, #3614, .F. );
#1823 = ORIENTED_EDGE( '', *, *, #3615, .T. );
#1824 = ORIENTED_EDGE( '', *, *, #3616, .F. );
#1825 = ORIENTED_EDGE( '', *, *, #3617, .T. );
#1826 = CARTESIAN_POINT( '', ( -0.0207884230530000, 0.00467180477032800, 0.0206622311684800 ) );
#1827 = DIRECTION( '', ( 0.000000000000000, -1.00000000000000, 0.000000000000000 ) );
#1828 = DIRECTION( '', ( 0.000000000000000, 0.000000000000000, -1.00000000000000 ) );
#1829 = ORIENTED_EDGE( '', *, *, #3618, .T. );
#1830 = ORIENTED_EDGE( '', *, *, #3619, .F. );
#1831 = ORIENTED_EDGE( '', *, *, #3620, .T. );
#1832 = ORIENTED_EDGE( '', *, *, #3296, .F. );
#1833 = ORIENTED_EDGE( '', *, *, #3621, .T. );
#1834 = ORIENTED_EDGE( '', *, *, #3617, .F. );
#1835 = CARTESIAN_POINT( '', ( -0.0213734230530000, 0.00487180477032800, 0.0162342311381500 ) );
#1836 = DIRECTION( '', ( 0.000000000000000, 0.707106781186548, -0.707106781186548 ) );
#1837 = DIRECTION( '', ( -1.00000000000000, 0.000000000000000, 0.000000000000000 ) );
#1838 = ORIENTED_EDGE( '', *, *, #3622, .T. );
#1839 = ORIENTED_EDGE( '', *, *, #3623, .F. );
#1840 = ORIENTED_EDGE( '', *, *, #3618, .F. );
#1841 = ORIENTED_EDGE( '', *, *, #3616, .T. );
#1842 = ORIENTED_EDGE( '', *, *, #3624, .F. );
#1843 = CARTESIAN_POINT( '', ( -0.0209114230530000, 0.00477180477032800, -0.000168768864378300 ) );
#1844 = DIRECTION( '', ( -0.000000000000000, -0.000000000000000, 1.00000000000000 ) );
#1845 = DIRECTION( '', ( -1.00000000000000, 0.000000000000000, 0.000000000000000 ) );
#1846 = ORIENTED_EDGE( '', *, *, #3625, .T. );
#1847 = ORIENTED_EDGE( '', *, *, #3626, .F. );
#1848 = ORIENTED_EDGE( '', *, *, #3627, .T. );
#1849 = ORIENTED_EDGE( '', *, *, #3619, .T. );
#1850 = ORIENTED_EDGE( '', *, *, #3623, .T. );
#1851 = ORIENTED_EDGE( '', *, *, #3628, .F. );
#1852 = CARTESIAN_POINT( '', ( -0.0210114230530000, 0.00523380477032800, 0.0162342311381500 ) );
#1853 = DIRECTION( '', ( -0.707106781186548, 0.000000000000000, -0.707106781186548 ) );
#1854 = DIRECTION( '', ( -0.707106781186548, 0.000000000000000, 0.707106781186548 ) );
#1855 = ORIENTED_EDGE( '', *, *, #3629, .F. );
#1856 = ORIENTED_EDGE( '', *, *, #3604, .T. );
#1857 = ORIENTED_EDGE( '', *, *, #3613, .T. );
#1858 = ORIENTED_EDGE( '', *, *, #3630, .T. );
#1859 = ORIENTED_EDGE( '', *, *, #3631, .T. );
#1860 = CARTESIAN_POINT( '', ( -0.0209114230530000, 0.00477180477032800, -0.000168768864378300 ) );
#1861 = DIRECTION( '', ( -0.000000000000000, -0.000000000000000, 1.00000000000000 ) );
#1862 = DIRECTION( '', ( -1.00000000000000, 0.000000000000000, 0.000000000000000 ) );
#1863 = ORIENTED_EDGE( '', *, *, #3632, .T. );
#1864 = ORIENTED_EDGE( '', *, *, #3633, .F. );
#1865 = ORIENTED_EDGE( '', *, *, #3634, .T. );
#1866 = ORIENTED_EDGE( '', *, *, #3635, .F. );
#1867 = CARTESIAN_POINT( '', ( -0.0277610883731000, 0.00696671989561100, 0.0128642311380500 ) );
#1868 = DIRECTION( '', ( -0.000000000000000, 0.000000000000000, -1.00000000000000 ) );
#1869 = DIRECTION( '', ( 0.000000000000000, 1.00000000000000, 0.000000000000000 ) );
#1870 = ORIENTED_EDGE( '', *, *, #3544, .T. );
#1871 = ORIENTED_EDGE( '', *, *, #3636, .T. );
#1872 = ORIENTED_EDGE( '', *, *, #3637, .T. );
#1873 = ORIENTED_EDGE( '', *, *, #3638, .F. );
#1874 = CARTESIAN_POINT( '', ( -0.0255480813095900, -0.000848011200914000, 0.00218515230553600 ) );
#1875 = DIRECTION( '', ( 0.000000000000000, 1.00000000000000, 0.000000000000000 ) );
#1876 = DIRECTION( '', ( 1.00000000000000, 0.000000000000000, -0.000000000000000 ) );
#1877 = ORIENTED_EDGE( '', *, *, #3545, .T. );
#1878 = ORIENTED_EDGE( '', *, *, #3638, .T. );
#1879 = ORIENTED_EDGE( '', *, *, #3639, .T. );
#1880 = ORIENTED_EDGE( '', *, *, #3551, .F. );
#1881 = CARTESIAN_POINT( '', ( -0.0255480813095900, -0.000848011200914000, 1.01523055358100E-05 ) );
#1882 = DIRECTION( '', ( 0.000000000000000, 0.000000000000000, -1.00000000000000 ) );
#1883 = DIRECTION( '', ( 0.000000000000000, -1.00000000000000, 0.000000000000000 ) );
#1884 = ORIENTED_EDGE( '', *, *, #3543, .T. );
#1885 = ORIENTED_EDGE( '', *, *, #3640, .T. );
#1886 = ORIENTED_EDGE( '', *, *, #3641, .T. );
#1887 = ORIENTED_EDGE( '', *, *, #3636, .F. );
#1888 = CARTESIAN_POINT( '', ( -0.0255480813095900, -0.000473011200914000, 0.00218515230553600 ) );
#1889 = DIRECTION( '', ( 0.000000000000000, 0.000000000000000, -1.00000000000000 ) );
#1890 = DIRECTION( '', ( 0.000000000000000, -1.00000000000000, 0.000000000000000 ) );
#1891 = ORIENTED_EDGE( '', *, *, #3642, .F. );
#1892 = ORIENTED_EDGE( '', *, *, #3643, .T. );
#1893 = ORIENTED_EDGE( '', *, *, #3644, .F. );
#1894 = ORIENTED_EDGE( '', *, *, #3645, .T. );
#1895 = ORIENTED_EDGE( '', *, *, #3444, .F. );
#1896 = ORIENTED_EDGE( '', *, *, #3646, .F. );
#1897 = ORIENTED_EDGE( '', *, *, #3423, .F. );
#1898 = ORIENTED_EDGE( '', *, *, #3647, .F. );
#1899 = ORIENTED_EDGE( '', *, *, #3634, .F. );
#1900 = ORIENTED_EDGE( '', *, *, #3648, .F. );
#1901 = ORIENTED_EDGE( '', *, *, #3649, .F. );
#1902 = ORIENTED_EDGE( '', *, *, #3650, .F. );
#1903 = ORIENTED_EDGE( '', *, *, #3651, .F. );
#1904 = ORIENTED_EDGE( '', *, *, #3652, .T. );
#1905 = CARTESIAN_POINT( '', ( -0.0275410883731000, 0.00555880477032900, 0.0155242311381500 ) );
#1906 = DIRECTION( '', ( -0.000000000000000, -0.000000000000000, -1.00000000000000 ) );
#1907 = DIRECTION( '', ( -1.00000000000000, 0.000000000000000, 0.000000000000000 ) );
#1908 = ORIENTED_EDGE( '', *, *, #3569, .T. );
#1909 = ORIENTED_EDGE( '', *, *, #3653, .T. );
#1910 = ORIENTED_EDGE( '', *, *, #3654, .T. );
#1911 = ORIENTED_EDGE( '', *, *, #3405, .F. );
#1912 = ORIENTED_EDGE( '', *, *, #3655, .F. );
#1913 = CARTESIAN_POINT( '', ( -0.0245444222675300, -0.00249840250662400, -0.000145768864378500 ) );
#1914 = DIRECTION( '', ( 0.000000000000000, 1.00000000000000, 0.000000000000000 ) );
#1915 = DIRECTION( '', ( 1.00000000000000, 0.000000000000000, -0.000000000000000 ) );
#1916 = ORIENTED_EDGE( '', *, *, #3656, .T. );
#1917 = ORIENTED_EDGE( '', *, *, #3462, .F. );
#1918 = ORIENTED_EDGE( '', *, *, #3657, .T. );
#1919 = ORIENTED_EDGE( '', *, *, #3658, .F. );
#1920 = CARTESIAN_POINT( '', ( -0.0149787654236800, 0.00696671989561100, 0.00336423113814700 ) );
#1921 = DIRECTION( '', ( -0.000000000000000, -0.000000000000000, 1.00000000000000 ) );
#1922 = DIRECTION( '', ( 0.154386015504502, 0.988010606328011, 0.000000000000000 ) );
#1923 = ORIENTED_EDGE( '', *, *, #3595, .F. );
#1924 = ORIENTED_EDGE( '', *, *, #3659, .T. );
#1925 = ORIENTED_EDGE( '', *, *, #3556, .F. );
#1926 = ORIENTED_EDGE( '', *, *, #3660, .F. );
#1927 = CARTESIAN_POINT( '', ( -0.0172187654185000, 0.00587880477032900, 0.0162342311381500 ) );
#1928 = DIRECTION( '', ( 0.000000000000000, -1.00000000000000, 0.000000000000000 ) );
#1929 = DIRECTION( '', ( 0.000000000000000, 0.000000000000000, -1.00000000000000 ) );
#1930 = ORIENTED_EDGE( '', *, *, #3661, .F. );
#1931 = ORIENTED_EDGE( '', *, *, #3662, .F. );
#1932 = ORIENTED_EDGE( '', *, *, #3565, .F. );
#1933 = ORIENTED_EDGE( '', *, *, #3591, .T. );
#1934 = CARTESIAN_POINT( '', ( -0.0140287654185000, 0.00587880477032900, 0.0162342311381500 ) );
#1935 = DIRECTION( '', ( 0.000000000000000, -1.00000000000000, 0.000000000000000 ) );
#1936 = DIRECTION( '', ( 0.000000000000000, 0.000000000000000, -1.00000000000000 ) );
#1937 = ORIENTED_EDGE( '', *, *, #3663, .T. );
#1938 = ORIENTED_EDGE( '', *, *, #3664, .T. );
#1939 = ORIENTED_EDGE( '', *, *, #3665, .T. );
#1940 = ORIENTED_EDGE( '', *, *, #3666, .F. );
#1941 = ORIENTED_EDGE( '', *, *, #3667, .T. );
#1942 = CARTESIAN_POINT( '', ( -0.0259480813095900, 0.00525613577032900, -1.87688618534300E-05 ) );
#1943 = DIRECTION( '', ( -0.000000000000000, 0.000000000000000, -1.00000000000000 ) );
#1944 = DIRECTION( '', ( 1.00000000000000, 0.000000000000000, 0.000000000000000 ) );
#1945 = ORIENTED_EDGE( '', *, *, #3668, .T. );
#1946 = ORIENTED_EDGE( '', *, *, #3669, .T. );
#1947 = ORIENTED_EDGE( '', *, *, #3670, .T. );
#1948 = ORIENTED_EDGE( '', *, *, #3671, .F. );
#1949 = ORIENTED_EDGE( '', *, *, #3343, .T. );
#1950 = CARTESIAN_POINT( '', ( -0.0259480813095900, 0.00586147377032900, -1.87688618534300E-05 ) );
#1951 = DIRECTION( '', ( -0.000000000000000, -0.000000000000000, 1.00000000000000 ) );
#1952 = DIRECTION( '', ( -1.00000000000000, 0.000000000000000, 0.000000000000000 ) );
#1953 = ORIENTED_EDGE( '', *, *, #3672, .T. );
#1954 = ORIENTED_EDGE( '', *, *, #3673, .T. );
#1955 = ORIENTED_EDGE( '', *, *, #3674, .T. );
#1956 = ORIENTED_EDGE( '', *, *, #3675, .F. );
#1957 = ORIENTED_EDGE( '', *, *, #3676, .T. );
#1958 = CARTESIAN_POINT( '', ( -0.0260480813095900, 0.00758380477032900, 2.84217094304000E-17 ) );
#1959 = DIRECTION( '', ( -0.000000000000000, 0.000000000000000, -1.00000000000000 ) );
#1960 = DIRECTION( '', ( 1.00000000000000, 0.000000000000000, 0.000000000000000 ) );
#1961 = ORIENTED_EDGE( '', *, *, #3677, .F. );
#1962 = ORIENTED_EDGE( '', *, *, #3376, .F. );
#1963 = ORIENTED_EDGE( '', *, *, #3678, .F. );
#1964 = ORIENTED_EDGE( '', *, *, #3679, .F. );
#1965 = CARTESIAN_POINT( '', ( -0.0187574018755300, 0.00287435624397600, -0.00202077365431200 ) );
#1966 = DIRECTION( '', ( 0.704014724455977, 0.000000000000000, 0.710185375623277 ) );
#1967 = DIRECTION( '', ( 0.000000000000000, -1.00000000000000, 0.000000000000000 ) );
#1968 = ORIENTED_EDGE( '', *, *, #3680, .F. );
#1969 = ORIENTED_EDGE( '', *, *, #3681, .T. );
#1970 = ORIENTED_EDGE( '', *, *, #3365, .F. );
#1971 = ORIENTED_EDGE( '', *, *, #3393, .T. );
#1972 = CARTESIAN_POINT( '', ( -0.0239894442304700, 0.00287435624397600, -0.00202077365431200 ) );
#1973 = DIRECTION( '', ( 0.704014724455977, 0.000000000000000, -0.710185375623277 ) );
#1974 = DIRECTION( '', ( 0.000000000000000, -1.00000000000000, 0.000000000000000 ) );
#1975 = ORIENTED_EDGE( '', *, *, #3682, .F. );
#1976 = ORIENTED_EDGE( '', *, *, #3683, .T. );
#1977 = ORIENTED_EDGE( '', *, *, #3684, .F. );
#1978 = ORIENTED_EDGE( '', *, *, #3685, .F. );
#1979 = ORIENTED_EDGE( '', *, *, #3630, .F. );
#1980 = ORIENTED_EDGE( '', *, *, #3612, .T. );
#1981 = CARTESIAN_POINT( '', ( -0.0210114230530000, 0.00525880477032800, 0.00228051888375800 ) );
#1982 = DIRECTION( '', ( 0.707106781186548, 0.000000000000000, -0.707106781186548 ) );
#1983 = DIRECTION( '', ( 0.000000000000000, -1.00000000000000, 0.000000000000000 ) );
#1984 = ORIENTED_EDGE( '', *, *, #3686, .F. );
#1985 = ORIENTED_EDGE( '', *, *, #3687, .T. );
#1986 = ORIENTED_EDGE( '', *, *, #3688, .F. );
#1987 = ORIENTED_EDGE( '', *, *, #3625, .F. );
#1988 = ORIENTED_EDGE( '', *, *, #3689, .T. );
#1989 = CARTESIAN_POINT( '', ( -0.0209114230530000, 0.00569580477032800, -0.000168768864378300 ) );
#1990 = DIRECTION( '', ( -0.000000000000000, 0.000000000000000, -1.00000000000000 ) );
#1991 = DIRECTION( '', ( 1.00000000000000, 0.000000000000000, 0.000000000000000 ) );
#1992 = ORIENTED_EDGE( '', *, *, #3690, .F. );
#1993 = ORIENTED_EDGE( '', *, *, #3610, .T. );
#1994 = ORIENTED_EDGE( '', *, *, #3607, .F. );
#1995 = ORIENTED_EDGE( '', *, *, #3691, .F. );
#1996 = ORIENTED_EDGE( '', *, *, #3692, .F. );
#1997 = ORIENTED_EDGE( '', *, *, #3693, .T. );
#1998 = CARTESIAN_POINT( '', ( -0.0217354230530000, 0.00525880477032800, 0.00228051888375800 ) );
#1999 = DIRECTION( '', ( -0.707106781186548, 0.000000000000000, -0.707106781186548 ) );
#2000 = DIRECTION( '', ( -0.707106781186548, 0.000000000000000, 0.707106781186548 ) );
#2001 = ORIENTED_EDGE( '', *, *, #3694, .F. );
#2002 = ORIENTED_EDGE( '', *, *, #3695, .T. );
#2003 = ORIENTED_EDGE( '', *, *, #3696, .T. );
#2004 = ORIENTED_EDGE( '', *, *, #3692, .T. );
#2005 = ORIENTED_EDGE( '', *, *, #3697, .T. );
#2006 = CARTESIAN_POINT( '', ( -0.0218354230530000, 0.00569580477032800, -0.000168768864378300 ) );
#2007 = DIRECTION( '', ( -0.000000000000000, -0.000000000000000, 1.00000000000000 ) );
#2008 = DIRECTION( '', ( -1.00000000000000, 0.000000000000000, 0.000000000000000 ) );
#2009 = ORIENTED_EDGE( '', *, *, #3698, .F. );
#2010 = ORIENTED_EDGE( '', *, *, #3667, .F. );
#2011 = ORIENTED_EDGE( '', *, *, #3699, .T. );
#2012 = ORIENTED_EDGE( '', *, *, #3670, .F. );
#2013 = ORIENTED_EDGE( '', *, *, #3700, .F. );
#2014 = ORIENTED_EDGE( '', *, *, #3676, .F. );
#2015 = ORIENTED_EDGE( '', *, *, #3701, .F. );
#2016 = ORIENTED_EDGE( '', *, *, #3702, .F. );
#2017 = ORIENTED_EDGE( '', *, *, #3373, .T. );
#2018 = ORIENTED_EDGE( '', *, *, #3510, .F. );
#2019 = ORIENTED_EDGE( '', *, *, #3703, .F. );
#2020 = ORIENTED_EDGE( '', *, *, #3704, .F. );
#2021 = ORIENTED_EDGE( '', *, *, #3705, .T. );
#2022 = ORIENTED_EDGE( '', *, *, #3706, .T. );
#2023 = ORIENTED_EDGE( '', *, *, #3707, .T. );
#2024 = ORIENTED_EDGE( '', *, *, #3708, .T. );
#2025 = CARTESIAN_POINT( '', ( -0.0255480813095900, -0.00328099752805300, -0.0173699628618500 ) );
#2026 = DIRECTION( '', ( 1.00000000000000, 0.000000000000000, 0.000000000000000 ) );
#2027 = DIRECTION( '', ( 0.000000000000000, 1.00000000000000, -0.000000000000000 ) );
#2028 = ORIENTED_EDGE( '', *, *, #3348, .T. );
#2029 = ORIENTED_EDGE( '', *, *, #3709, .F. );
#2030 = ORIENTED_EDGE( '', *, *, #3710, .F. );
#2031 = ORIENTED_EDGE( '', *, *, #3594, .F. );
#2032 = CARTESIAN_POINT( '', ( -0.0138414795237800, 0.00533880477032900, 0.0162342311381500 ) );
#2033 = DIRECTION( '', ( -0.000000000000000, -0.000000000000000, -1.00000000000000 ) );
#2034 = DIRECTION( '', ( -1.00000000000000, 0.000000000000000, 0.000000000000000 ) );
#2035 = ORIENTED_EDGE( '', *, *, #3657, .F. );
#2036 = ORIENTED_EDGE( '', *, *, #3465, .F. );
#2037 = ORIENTED_EDGE( '', *, *, #3711, .T. );
#2038 = ORIENTED_EDGE( '', *, *, #3567, .F. );
#2039 = ORIENTED_EDGE( '', *, *, #3712, .F. );
#2040 = CARTESIAN_POINT( '', ( -0.0148787654185000, 0.00757880477032900, 0.0162342311381500 ) );
#2041 = DIRECTION( '', ( -1.00000000000000, 0.000000000000000, 0.000000000000000 ) );
#2042 = DIRECTION( '', ( 0.000000000000000, 0.000000000000000, 1.00000000000000 ) );
#2043 = ORIENTED_EDGE( '', *, *, #3709, .T. );
#2044 = ORIENTED_EDGE( '', *, *, #3347, .T. );
#2045 = ORIENTED_EDGE( '', *, *, #3713, .T. );
#2046 = ORIENTED_EDGE( '', *, *, #3714, .F. );
#2047 = ORIENTED_EDGE( '', *, *, #3715, .T. );
#2048 = ORIENTED_EDGE( '', *, *, #3716, .T. );
#2049 = ORIENTED_EDGE( '', *, *, #3658, .T. );
#2050 = ORIENTED_EDGE( '', *, *, #3712, .T. );
#2051 = ORIENTED_EDGE( '', *, *, #3566, .T. );
#2052 = ORIENTED_EDGE( '', *, *, #3662, .T. );
#2053 = ORIENTED_EDGE( '', *, *, #3717, .T. );
#2054 = ORIENTED_EDGE( '', *, *, #3718, .T. );
#2055 = CARTESIAN_POINT( '', ( -0.0122834232075300, 0.0114886661528000, 0.0126542311381500 ) );
#2056 = DIRECTION( '', ( 0.000000000000000, 0.000000000000000, -1.00000000000000 ) );
#2057 = DIRECTION( '', ( 0.000000000000000, -1.00000000000000, 0.000000000000000 ) );
#2058 = ORIENTED_EDGE( '', *, *, #3400, .F. );
#2059 = ORIENTED_EDGE( '', *, *, #3719, .T. );
#2060 = ORIENTED_EDGE( '', *, *, #3720, .T. );
#2061 = ORIENTED_EDGE( '', *, *, #3721, .T. );
#2062 = CARTESIAN_POINT( '', ( -0.0245444225785700, -0.00112624722967200, -4.57688618544400E-05 ) );
#2063 = DIRECTION( '', ( 1.00000000000000, 0.000000000000000, 0.000000000000000 ) );
#2064 = DIRECTION( '', ( 0.000000000000000, 1.00000000000000, -0.000000000000000 ) );
#2065 = ORIENTED_EDGE( '', *, *, #3401, .T. );
#2066 = ORIENTED_EDGE( '', *, *, #3721, .F. );
#2067 = ORIENTED_EDGE( '', *, *, #3722, .F. );
#2068 = ORIENTED_EDGE( '', *, *, #3723, .T. );
#2069 = ORIENTED_EDGE( '', *, *, #3724, .T. );
#2070 = CARTESIAN_POINT( '', ( -0.0245444225785700, -0.00249840250662400, 0.0139242335381500 ) );
#2071 = DIRECTION( '', ( 0.000000000000000, -1.00000000000000, 0.000000000000000 ) );
#2072 = DIRECTION( '', ( 0.000000000000000, 0.000000000000000, -1.00000000000000 ) );
#2073 = ORIENTED_EDGE( '', *, *, #3725, .F. );
#2074 = ORIENTED_EDGE( '', *, *, #3599, .F. );
#2075 = ORIENTED_EDGE( '', *, *, #3502, .F. );
#2076 = ORIENTED_EDGE( '', *, *, #3726, .F. );
#2077 = ORIENTED_EDGE( '', *, *, #3727, .F. );
#2078 = ORIENTED_EDGE( '', *, *, #3452, .F. );
#2079 = ORIENTED_EDGE( '', *, *, #3500, .F. );
#2080 = ORIENTED_EDGE( '', *, *, #3728, .F. );
#2081 = ORIENTED_EDGE( '', *, *, #3729, .F. );
#2082 = ORIENTED_EDGE( '', *, *, #3581, .F. );
#2083 = ORIENTED_EDGE( '', *, *, #3578, .F. );
#2084 = ORIENTED_EDGE( '', *, *, #3586, .F. );
#2085 = ORIENTED_EDGE( '', *, *, #3730, .F. );
#2086 = ORIENTED_EDGE( '', *, *, #3653, .F. );
#2087 = ORIENTED_EDGE( '', *, *, #3568, .T. );
#2088 = ORIENTED_EDGE( '', *, *, #3576, .F. );
#2089 = ORIENTED_EDGE( '', *, *, #3731, .F. );
#2090 = ORIENTED_EDGE( '', *, *, #3722, .T. );
#2091 = ORIENTED_EDGE( '', *, *, #3720, .F. );
#2092 = ORIENTED_EDGE( '', *, *, #3732, .F. );
#2093 = ORIENTED_EDGE( '', *, *, #3733, .T. );
#2094 = ORIENTED_EDGE( '', *, *, #3734, .T. );
#2095 = ORIENTED_EDGE( '', *, *, #3525, .T. );
#2096 = ORIENTED_EDGE( '', *, *, #3519, .T. );
#2097 = ORIENTED_EDGE( '', *, *, #3522, .T. );
#2098 = ORIENTED_EDGE( '', *, *, #3735, .T. );
#2099 = ORIENTED_EDGE( '', *, *, #3482, .T. );
#2100 = ORIENTED_EDGE( '', *, *, #3442, .T. );
#2101 = CARTESIAN_POINT( '', ( 0.00474349546793000, -0.00839435090662300, 0.00895423113814500 ) );
#2102 = DIRECTION( '', ( 0.000000000000000, 0.000000000000000, 1.00000000000000 ) );
#2103 = DIRECTION( '', ( 1.00000000000000, -0.000000000000000, 0.000000000000000 ) );
#2104 = ORIENTED_EDGE( '', *, *, #3723, .F. );
#2105 = ORIENTED_EDGE( '', *, *, #3731, .T. );
#2106 = ORIENTED_EDGE( '', *, *, #3575, .F. );
#2107 = ORIENTED_EDGE( '', *, *, #3736, .T. );
#2108 = CARTESIAN_POINT( '', ( -0.0239633534135300, -0.00311102264850200, -0.00214576889469500 ) );
#2109 = DIRECTION( '', ( 1.00000000000000, 0.000000000000000, 0.000000000000000 ) );
#2110 = DIRECTION( '', ( 0.000000000000000, 1.00000000000000, -0.000000000000000 ) );
#2111 = ORIENTED_EDGE( '', *, *, #3413, .F. );
#2112 = ORIENTED_EDGE( '', *, *, #3420, .T. );
#2113 = ORIENTED_EDGE( '', *, *, #3450, .T. );
#2114 = CARTESIAN_POINT( '', ( -0.0138734230530000, 0.00170482996486100, 0.00898123113562100 ) );
#2115 = DIRECTION( '', ( 0.000000000000000, 0.999961923064171, 0.00872653549837375 ) );
#2116 = DIRECTION( '', ( 1.00000000000000, 0.000000000000000, -0.000000000000000 ) );
#2117 = ORIENTED_EDGE( '', *, *, #3453, .F. );
#2118 = ORIENTED_EDGE( '', *, *, #3727, .T. );
#2119 = ORIENTED_EDGE( '', *, *, #3737, .F. );
#2120 = ORIENTED_EDGE( '', *, *, #3738, .F. );
#2121 = CARTESIAN_POINT( '', ( -0.0239633534135300, -0.00311102264850200, -0.00214576889469500 ) );
#2122 = DIRECTION( '', ( 1.00000000000000, 0.000000000000000, 0.000000000000000 ) );
#2123 = DIRECTION( '', ( 0.000000000000000, 1.00000000000000, -0.000000000000000 ) );
#2124 = ORIENTED_EDGE( '', *, *, #3600, .F. );
#2125 = ORIENTED_EDGE( '', *, *, #3725, .T. );
#2126 = ORIENTED_EDGE( '', *, *, #3739, .F. );
#2127 = ORIENTED_EDGE( '', *, *, #3740, .F. );
#2128 = CARTESIAN_POINT( '', ( -0.0239633534135300, -0.00311102264850200, -0.00214576889469500 ) );
#2129 = DIRECTION( '', ( 1.00000000000000, 0.000000000000000, 0.000000000000000 ) );
#2130 = DIRECTION( '', ( 0.000000000000000, 1.00000000000000, -0.000000000000000 ) );
#2131 = ORIENTED_EDGE( '', *, *, #3732, .T. );
#2132 = ORIENTED_EDGE( '', *, *, #3719, .F. );
#2133 = ORIENTED_EDGE( '', *, *, #3399, .T. );
#2134 = ORIENTED_EDGE( '', *, *, #3741, .T. );
#2135 = ORIENTED_EDGE( '', *, *, #3739, .T. );
#2136 = CARTESIAN_POINT( '', ( -0.0229177455125900, -0.00112624722967200, -4.57688618544400E-05 ) );
#2137 = DIRECTION( '', ( 0.000000000000000, -1.00000000000000, 0.000000000000000 ) );
#2138 = DIRECTION( '', ( 0.000000000000000, 0.000000000000000, -1.00000000000000 ) );
#2139 = ORIENTED_EDGE( '', *, *, #3441, .T. );
#2140 = ORIENTED_EDGE( '', *, *, #3742, .T. );
#2141 = ORIENTED_EDGE( '', *, *, #3497, .T. );
#2142 = ORIENTED_EDGE( '', *, *, #3743, .T. );
#2143 = ORIENTED_EDGE( '', *, *, #3733, .F. );
#2144 = CARTESIAN_POINT( '', ( -0.0218379910530000, -4.19522967156800E-06, -0.000168768864378300 ) );
#2145 = DIRECTION( '', ( -0.000000000000000, 0.000000000000000, -1.00000000000000 ) );
#2146 = DIRECTION( '', ( 1.00000000000000, 0.000000000000000, 0.000000000000000 ) );
#2147 = ORIENTED_EDGE( '', *, *, #3315, .F. );
#2148 = ORIENTED_EDGE( '', *, *, #3320, .T. );
#2149 = ORIENTED_EDGE( '', *, *, #3744, .T. );
#2150 = ORIENTED_EDGE( '', *, *, #3302, .T. );
#2151 = CARTESIAN_POINT( '', ( -0.0166987654185000, -0.000864823229671600, 0.00656212435696000 ) );
#2152 = DIRECTION( '', ( 0.000000000000000, -1.00000000000000, -0.000000000000000 ) );
#2153 = DIRECTION( '', ( 1.00000000000000, 0.000000000000000, 0.000000000000000 ) );
#2154 = ORIENTED_EDGE( '', *, *, #3745, .F. );
#2155 = ORIENTED_EDGE( '', *, *, #3746, .T. );
#2156 = ORIENTED_EDGE( '', *, *, #3326, .F. );
#2157 = ORIENTED_EDGE( '', *, *, #3747, .T. );
#2158 = ORIENTED_EDGE( '', *, *, #3309, .T. );
#2159 = CARTESIAN_POINT( '', ( -0.0166987654185000, 0.00758380477032900, -2.84217094304000E-17 ) );
#2160 = DIRECTION( '', ( -0.000000000000000, 0.000000000000000, -1.00000000000000 ) );
#2161 = DIRECTION( '', ( 1.00000000000000, 0.000000000000000, 0.000000000000000 ) );
#2162 = ORIENTED_EDGE( '', *, *, #3747, .F. );
#2163 = ORIENTED_EDGE( '', *, *, #3325, .T. );
#2164 = ORIENTED_EDGE( '', *, *, #3328, .T. );
#2165 = ORIENTED_EDGE( '', *, *, #3310, .T. );
#2166 = CARTESIAN_POINT( '', ( -0.0166987654185000, -0.000864823229671600, 0.00656212435696000 ) );
#2167 = DIRECTION( '', ( 0.000000000000000, -1.00000000000000, -0.000000000000000 ) );
#2168 = DIRECTION( '', ( 1.00000000000000, 0.000000000000000, 0.000000000000000 ) );
#2169 = ORIENTED_EDGE( '', *, *, #3748, .T. );
#2170 = ORIENTED_EDGE( '', *, *, #3749, .F. );
#2171 = ORIENTED_EDGE( '', *, *, #3327, .T. );
#2172 = ORIENTED_EDGE( '', *, *, #3746, .F. );
#2173 = CARTESIAN_POINT( '', ( -0.0171987654185000, 0.00708380477032900, 0.0169812335381500 ) );
#2174 = DIRECTION( '', ( 0.000000000000000, -1.00000000000000, 0.000000000000000 ) );
#2175 = DIRECTION( '', ( 0.000000000000000, 0.000000000000000, -1.00000000000000 ) );
#2176 = ORIENTED_EDGE( '', *, *, #3750, .F. );
#2177 = ORIENTED_EDGE( '', *, *, #3751, .F. );
#2178 = ORIENTED_EDGE( '', *, *, #3463, .F. );
#2179 = ORIENTED_EDGE( '', *, *, #3656, .F. );
#2180 = ORIENTED_EDGE( '', *, *, #3716, .F. );
#2181 = ORIENTED_EDGE( '', *, *, #3752, .T. );
#2182 = ORIENTED_EDGE( '', *, *, #3466, .F. );
#2183 = ORIENTED_EDGE( '', *, *, #3461, .F. );
#2184 = ORIENTED_EDGE( '', *, *, #3753, .F. );
#2185 = ORIENTED_EDGE( '', *, *, #3754, .F. );
#2186 = ORIENTED_EDGE( '', *, *, #3755, .T. );
#2187 = ORIENTED_EDGE( '', *, *, #3317, .F. );
#2188 = ORIENTED_EDGE( '', *, *, #3749, .T. );
#2189 = ORIENTED_EDGE( '', *, *, #3756, .F. );
#2190 = CARTESIAN_POINT( '', ( -0.0151987654185000, 0.00555880477032900, 0.0162342311381500 ) );
#2191 = DIRECTION( '', ( -0.000000000000000, -0.000000000000000, -1.00000000000000 ) );
#2192 = DIRECTION( '', ( -1.00000000000000, 0.000000000000000, 0.000000000000000 ) );
#2193 = ORIENTED_EDGE( '', *, *, #3757, .T. );
#2194 = ORIENTED_EDGE( '', *, *, #3758, .F. );
#2195 = ORIENTED_EDGE( '', *, *, #3759, .T. );
#2196 = ORIENTED_EDGE( '', *, *, #3760, .F. );
#2197 = CARTESIAN_POINT( '', ( -0.0165560513132200, 0.00533880477032900, 0.0162342311381500 ) );
#2198 = DIRECTION( '', ( -0.000000000000000, -0.000000000000000, -1.00000000000000 ) );
#2199 = DIRECTION( '', ( -1.00000000000000, 0.000000000000000, 0.000000000000000 ) );
#2200 = ORIENTED_EDGE( '', *, *, #3346, .T. );
#2201 = ORIENTED_EDGE( '', *, *, #3593, .T. );
#2202 = ORIENTED_EDGE( '', *, *, #3761, .F. );
#2203 = ORIENTED_EDGE( '', *, *, #3456, .T. );
#2204 = ORIENTED_EDGE( '', *, *, #3762, .T. );
#2205 = ORIENTED_EDGE( '', *, *, #3713, .F. );
#2206 = CARTESIAN_POINT( '', ( -0.0140287654185000, 0.00438880477032900, 0.0162342311381500 ) );
#2207 = DIRECTION( '', ( -0.000000000000000, 0.000000000000000, -1.00000000000000 ) );
#2208 = DIRECTION( '', ( 1.00000000000000, 0.000000000000000, 0.000000000000000 ) );
#2209 = ORIENTED_EDGE( '', *, *, #3763, .T. );
#2210 = ORIENTED_EDGE( '', *, *, #3538, .F. );
#2211 = ORIENTED_EDGE( '', *, *, #3764, .T. );
#2212 = ORIENTED_EDGE( '', *, *, #3708, .F. );
#2213 = CARTESIAN_POINT( '', ( -0.0255350813095900, -0.00251196233923300, 0.00251422713814600 ) );
#2214 = DIRECTION( '', ( 0.000000000000000, -1.00000000000000, 0.000000000000000 ) );
#2215 = DIRECTION( '', ( 0.000000000000000, 0.000000000000000, -1.00000000000000 ) );
#2216 = ORIENTED_EDGE( '', *, *, #3764, .F. );
#2217 = ORIENTED_EDGE( '', *, *, #3537, .F. );
#2218 = ORIENTED_EDGE( '', *, *, #3765, .F. );
#2219 = ORIENTED_EDGE( '', *, *, #3705, .F. );
#2220 = CARTESIAN_POINT( '', ( -0.0255350813095900, -0.00251196233923300, -0.000985772861853700 ) );
#2221 = DIRECTION( '', ( 0.000000000000000, 0.000000000000000, -1.00000000000000 ) );
#2222 = DIRECTION( '', ( 0.000000000000000, -1.00000000000000, 0.000000000000000 ) );
#2223 = ORIENTED_EDGE( '', *, *, #3765, .T. );
#2224 = ORIENTED_EDGE( '', *, *, #3536, .F. );
#2225 = ORIENTED_EDGE( '', *, *, #3766, .T. );
#2226 = ORIENTED_EDGE( '', *, *, #3706, .F. );
#2227 = CARTESIAN_POINT( '', ( -0.0255350813095900, 0.000988037660767000, -0.000985772861853700 ) );
#2228 = DIRECTION( '', ( 0.000000000000000, 1.00000000000000, 0.000000000000000 ) );
#2229 = DIRECTION( '', ( 1.00000000000000, 0.000000000000000, -0.000000000000000 ) );
#2230 = ORIENTED_EDGE( '', *, *, #3766, .F. );
#2231 = ORIENTED_EDGE( '', *, *, #3535, .F. );
#2232 = ORIENTED_EDGE( '', *, *, #3763, .F. );
#2233 = ORIENTED_EDGE( '', *, *, #3707, .F. );
#2234 = CARTESIAN_POINT( '', ( -0.0255350813095900, 0.000988037660767000, 0.00251422713814600 ) );
#2235 = DIRECTION( '', ( 0.000000000000000, 0.000000000000000, 1.00000000000000 ) );
#2236 = DIRECTION( '', ( 1.00000000000000, -0.000000000000000, 0.000000000000000 ) );
#2237 = ORIENTED_EDGE( '', *, *, #3753, .T. );
#2238 = ORIENTED_EDGE( '', *, *, #3460, .F. );
#2239 = ORIENTED_EDGE( '', *, *, #3767, .T. );
#2240 = ORIENTED_EDGE( '', *, *, #3768, .F. );
#2241 = CARTESIAN_POINT( '', ( -0.0154187654185000, 0.00415088964504600, 0.0159241826796000 ) );
#2242 = DIRECTION( '', ( -0.000000000000000, -0.000000000000000, 1.00000000000000 ) );
#2243 = DIRECTION( '', ( 1.00000000000000, 0.000000000000000, 0.000000000000000 ) );
#2244 = ORIENTED_EDGE( '', *, *, #3427, .F. );
#2245 = ORIENTED_EDGE( '', *, *, #3769, .T. );
#2246 = ORIENTED_EDGE( '', *, *, #3770, .F. );
#2247 = ORIENTED_EDGE( '', *, *, #3771, .F. );
#2248 = CARTESIAN_POINT( '', ( -0.0295610883731000, 0.00587880477032900, 0.0162342311381500 ) );
#2249 = DIRECTION( '', ( 0.000000000000000, -1.00000000000000, 0.000000000000000 ) );
#2250 = DIRECTION( '', ( 0.000000000000000, 0.000000000000000, -1.00000000000000 ) );
#2251 = ORIENTED_EDGE( '', *, *, #3772, .F. );
#2252 = ORIENTED_EDGE( '', *, *, #3297, .F. );
#2253 = ORIENTED_EDGE( '', *, *, #3620, .F. );
#2254 = ORIENTED_EDGE( '', *, *, #3627, .F. );
#2255 = CARTESIAN_POINT( '', ( -0.0215693707333400, 0.00429804677032800, 0.0164342311381500 ) );
#2256 = DIRECTION( '', ( 0.000000000000000, 0.000000000000000, -1.00000000000000 ) );
#2257 = DIRECTION( '', ( 0.000000000000000, -1.00000000000000, 0.000000000000000 ) );
#2258 = ORIENTED_EDGE( '', *, *, #3773, .F. );
#2259 = ORIENTED_EDGE( '', *, *, #3774, .T. );
#2260 = ORIENTED_EDGE( '', *, *, #3366, .F. );
#2261 = ORIENTED_EDGE( '', *, *, #3702, .T. );
#2262 = CARTESIAN_POINT( '', ( -0.0250480813095900, 0.00820022612653600, -1.87688618534300E-05 ) );
#2263 = DIRECTION( '', ( -0.000000000000000, -0.000000000000000, 1.00000000000000 ) );
#2264 = DIRECTION( '', ( -1.00000000000000, 0.000000000000000, 0.000000000000000 ) );
#2265 = ORIENTED_EDGE( '', *, *, #3775, .F. );
#2266 = ORIENTED_EDGE( '', *, *, #3429, .T. );
#2267 = ORIENTED_EDGE( '', *, *, #3776, .F. );
#2268 = ORIENTED_EDGE( '', *, *, #3777, .F. );
#2269 = CARTESIAN_POINT( '', ( -0.0275410883731000, 0.00555880477032900, 0.0162342311381500 ) );
#2270 = DIRECTION( '', ( -0.000000000000000, 0.000000000000000, -1.00000000000000 ) );
#2271 = DIRECTION( '', ( 1.00000000000000, 0.000000000000000, 0.000000000000000 ) );
#2272 = ORIENTED_EDGE( '', *, *, #3777, .T. );
#2273 = ORIENTED_EDGE( '', *, *, #3778, .F. );
#2274 = ORIENTED_EDGE( '', *, *, #3779, .T. );
#2275 = ORIENTED_EDGE( '', *, *, #3780, .F. );
#2276 = CARTESIAN_POINT( '', ( -0.0288983742678100, 0.00533880477032900, 0.0162342311381500 ) );
#2277 = DIRECTION( '', ( -0.000000000000000, -0.000000000000000, -1.00000000000000 ) );
#2278 = DIRECTION( '', ( -1.00000000000000, 0.000000000000000, 0.000000000000000 ) );
#2279 = ORIENTED_EDGE( '', *, *, #3781, .T. );
#2280 = ORIENTED_EDGE( '', *, *, #3445, .F. );
#2281 = ORIENTED_EDGE( '', *, *, #3645, .F. );
#2282 = ORIENTED_EDGE( '', *, *, #3782, .F. );
#2283 = CARTESIAN_POINT( '', ( -0.0273210883782800, 0.00415088964504600, 0.00336423113814700 ) );
#2284 = DIRECTION( '', ( -0.000000000000000, -0.000000000000000, 1.00000000000000 ) );
#2285 = DIRECTION( '', ( 1.00000000000000, 3.55271349467200E-14, 0.000000000000000 ) );
#2286 = ORIENTED_EDGE( '', *, *, #3685, .T. );
#2287 = ORIENTED_EDGE( '', *, *, #3783, .F. );
#2288 = ORIENTED_EDGE( '', *, *, #3784, .F. );
#2289 = ORIENTED_EDGE( '', *, *, #3631, .F. );
#2290 = CARTESIAN_POINT( '', ( -0.0208114230530000, 0.00475180477032800, 0.0126542311356200 ) );
#2291 = DIRECTION( '', ( 1.00000000000000, 0.000000000000000, 0.000000000000000 ) );
#2292 = DIRECTION( '', ( 0.000000000000000, 1.00000000000000, -0.000000000000000 ) );
#2293 = ORIENTED_EDGE( '', *, *, #3681, .F. );
#2294 = ORIENTED_EDGE( '', *, *, #3785, .F. );
#2295 = ORIENTED_EDGE( '', *, *, #3786, .T. );
#2296 = ORIENTED_EDGE( '', *, *, #3359, .F. );
#2297 = CARTESIAN_POINT( '', ( -0.0239633534135300, 0.00749975218915900, -0.00214576889469500 ) );
#2298 = DIRECTION( '', ( 1.00000000000000, 0.000000000000000, 0.000000000000000 ) );
#2299 = DIRECTION( '', ( 0.000000000000000, 1.00000000000000, -0.000000000000000 ) );
#2300 = ORIENTED_EDGE( '', *, *, #3689, .F. );
#2301 = ORIENTED_EDGE( '', *, *, #3628, .T. );
#2302 = ORIENTED_EDGE( '', *, *, #3622, .F. );
#2303 = ORIENTED_EDGE( '', *, *, #3787, .T. );
#2304 = CARTESIAN_POINT( '', ( -0.0208114230530000, 0.00475180477032800, 0.0126542311356200 ) );
#2305 = DIRECTION( '', ( 1.00000000000000, 0.000000000000000, 0.000000000000000 ) );
#2306 = DIRECTION( '', ( 0.000000000000000, 1.00000000000000, -0.000000000000000 ) );
#2307 = ORIENTED_EDGE( '', *, *, #3788, .F. );
#2308 = ORIENTED_EDGE( '', *, *, #3789, .T. );
#2309 = ORIENTED_EDGE( '', *, *, #3514, .F. );
#2310 = ORIENTED_EDGE( '', *, *, #3483, .F. );
#2311 = ORIENTED_EDGE( '', *, *, #3790, .T. );
#2312 = CARTESIAN_POINT( '', ( -0.0209139910530000, -4.19522967156800E-06, -0.000168768864378300 ) );
#2313 = DIRECTION( '', ( -0.000000000000000, 0.000000000000000, -1.00000000000000 ) );
#2314 = DIRECTION( '', ( 1.00000000000000, 0.000000000000000, 0.000000000000000 ) );
#2315 = ORIENTED_EDGE( '', *, *, #3791, .T. );
#2316 = ORIENTED_EDGE( '', *, *, #3298, .T. );
#2317 = ORIENTED_EDGE( '', *, *, #3772, .T. );
#2318 = ORIENTED_EDGE( '', *, *, #3626, .T. );
#2319 = ORIENTED_EDGE( '', *, *, #3688, .T. );
#2320 = ORIENTED_EDGE( '', *, *, #3792, .F. );
#2321 = CARTESIAN_POINT( '', ( -0.0213734230530000, 0.00559580477032800, 0.0162342311381500 ) );
#2322 = DIRECTION( '', ( 0.000000000000000, -0.707106781186548, -0.707106781186548 ) );
#2323 = DIRECTION( '', ( 0.000000000000000, -0.707106781186548, 0.707106781186548 ) );
#2324 = ORIENTED_EDGE( '', *, *, #3793, .T. );
#2325 = ORIENTED_EDGE( '', *, *, #3643, .F. );
#2326 = ORIENTED_EDGE( '', *, *, #3794, .T. );
#2327 = ORIENTED_EDGE( '', *, *, #3795, .F. );
#2328 = CARTESIAN_POINT( '', ( -0.0275410883731000, 0.00403380477032900, 0.0169812335381500 ) );
#2329 = DIRECTION( '', ( 0.000000000000000, -1.00000000000000, 0.000000000000000 ) );
#2330 = DIRECTION( '', ( 0.000000000000000, 0.000000000000000, -1.00000000000000 ) );
#2331 = ORIENTED_EDGE( '', *, *, #3796, .F. );
#2332 = ORIENTED_EDGE( '', *, *, #3321, .T. );
#2333 = ORIENTED_EDGE( '', *, *, #3313, .F. );
#2334 = ORIENTED_EDGE( '', *, *, #3797, .F. );
#2335 = CARTESIAN_POINT( '', ( -0.0171987654185000, 0.00485613577032900, 0.0102942311381500 ) );
#2336 = DIRECTION( '', ( 0.000000000000000, 1.00000000000000, 0.000000000000000 ) );
#2337 = DIRECTION( '', ( 1.00000000000000, 0.000000000000000, -0.000000000000000 ) );
#2338 = ORIENTED_EDGE( '', *, *, #3798, .F. );
#2339 = ORIENTED_EDGE( '', *, *, #3340, .T. );
#2340 = ORIENTED_EDGE( '', *, *, #3799, .F. );
#2341 = ORIENTED_EDGE( '', *, *, #3334, .F. );
#2342 = CARTESIAN_POINT( '', ( -0.0275410883731000, 0.00555880477032900, 0.0162342311381500 ) );
#2343 = DIRECTION( '', ( -0.000000000000000, 0.000000000000000, -1.00000000000000 ) );
#2344 = DIRECTION( '', ( 1.00000000000000, 0.000000000000000, 0.000000000000000 ) );
#2345 = ORIENTED_EDGE( '', *, *, #3300, .T. );
#2346 = ORIENTED_EDGE( '', *, *, #3800, .F. );
#2347 = ORIENTED_EDGE( '', *, *, #3801, .T. );
#2348 = ORIENTED_EDGE( '', *, *, #3802, .F. );
#2349 = CARTESIAN_POINT( '', ( -0.0219354230530000, 0.00571580477032800, 0.0126542311356200 ) );
#2350 = DIRECTION( '', ( -1.00000000000000, 0.000000000000000, 0.000000000000000 ) );
#2351 = DIRECTION( '', ( 0.000000000000000, 0.000000000000000, 1.00000000000000 ) );
#2352 = ORIENTED_EDGE( '', *, *, #3803, .T. );
#2353 = ORIENTED_EDGE( '', *, *, #3804, .F. );
#2354 = ORIENTED_EDGE( '', *, *, #3750, .T. );
#2355 = ORIENTED_EDGE( '', *, *, #3805, .F. );
#2356 = CARTESIAN_POINT( '', ( -0.0154187654185000, 0.00696671989561100, 0.0128642311380500 ) );
#2357 = DIRECTION( '', ( -0.000000000000000, 0.000000000000000, -1.00000000000000 ) );
#2358 = DIRECTION( '', ( 0.000000000000000, 1.00000000000000, 0.000000000000000 ) );
#2359 = ORIENTED_EDGE( '', *, *, #3769, .F. );
#2360 = ORIENTED_EDGE( '', *, *, #3430, .T. );
#2361 = ORIENTED_EDGE( '', *, *, #3775, .T. );
#2362 = ORIENTED_EDGE( '', *, *, #3780, .T. );
#2363 = ORIENTED_EDGE( '', *, *, #3806, .T. );
#2364 = ORIENTED_EDGE( '', *, *, #3807, .F. );
#2365 = ORIENTED_EDGE( '', *, *, #3808, .F. );
#2366 = ORIENTED_EDGE( '', *, *, #3809, .F. );
#2367 = CARTESIAN_POINT( '', ( -0.0275410883731000, 0.00555880477032900, 0.0151574793074600 ) );
#2368 = DIRECTION( '', ( -0.000000000000000, 0.000000000000000, -1.00000000000000 ) );
#2369 = DIRECTION( '', ( -1.00000000000000, 0.000000000000000, 0.000000000000000 ) );
#2370 = ORIENTED_EDGE( '', *, *, #3810, .F. );
#2371 = ORIENTED_EDGE( '', *, *, #3529, .F. );
#2372 = ORIENTED_EDGE( '', *, *, #3555, .F. );
#2373 = ORIENTED_EDGE( '', *, *, #3367, .T. );
#2374 = ORIENTED_EDGE( '', *, *, #3774, .F. );
#2375 = ORIENTED_EDGE( '', *, *, #3811, .T. );
#2376 = ORIENTED_EDGE( '', *, *, #3812, .F. );
#2377 = ORIENTED_EDGE( '', *, *, #3369, .T. );
#2378 = CARTESIAN_POINT( '', ( -0.0181987651054800, 0.00870022612653600, 0.0140672335381500 ) );
#2379 = DIRECTION( '', ( 0.000000000000000, 1.00000000000000, 0.000000000000000 ) );
#2380 = DIRECTION( '', ( 1.00000000000000, 0.000000000000000, -0.000000000000000 ) );
#2381 = ORIENTED_EDGE( '', *, *, #3813, .T. );
#2382 = ORIENTED_EDGE( '', *, *, #3649, .T. );
#2383 = ORIENTED_EDGE( '', *, *, #3814, .F. );
#2384 = ORIENTED_EDGE( '', *, *, #3435, .T. );
#2385 = CARTESIAN_POINT( '', ( -0.0273210885890000, 0.00696671971080800, 0.0138317204679300 ) );
#2386 = DIRECTION( '', ( 0.000000000000000, 0.000000000000000, -0.999999999999999 ) );
#2387 = DIRECTION( '', ( 0.999999999998291, 1.84798042035498E-06, 0.000000000000000 ) );
#2388 = ORIENTED_EDGE( '', *, *, #3815, .F. );
#2389 = ORIENTED_EDGE( '', *, *, #3816, .T. );
#2390 = ORIENTED_EDGE( '', *, *, #3663, .F. );
#2391 = ORIENTED_EDGE( '', *, *, #3698, .T. );
#2392 = CARTESIAN_POINT( '', ( -0.0260480813095900, 0.000000000000000, 0.00660306888152000 ) );
#2393 = DIRECTION( '', ( 0.000000000000000, 1.00000000000000, -0.000000000000000 ) );
#2394 = DIRECTION( '', ( -1.00000000000000, 0.000000000000000, 0.000000000000000 ) );
#2395 = ORIENTED_EDGE( '', *, *, #3724, .F. );
#2396 = ORIENTED_EDGE( '', *, *, #3736, .F. );
#2397 = ORIENTED_EDGE( '', *, *, #3573, .F. );
#2398 = ORIENTED_EDGE( '', *, *, #3402, .F. );
#2399 = CARTESIAN_POINT( '', ( -0.0239894442304700, -0.00289707652657700, -0.00202077365431200 ) );
#2400 = DIRECTION( '', ( -0.704014724455977, 0.000000000000000, 0.710185375623277 ) );
#2401 = DIRECTION( '', ( 0.000000000000000, 1.00000000000000, 0.000000000000000 ) );
#2402 = ORIENTED_EDGE( '', *, *, #3817, .F. );
#2403 = ORIENTED_EDGE( '', *, *, #3818, .F. );
#2404 = ORIENTED_EDGE( '', *, *, #3338, .F. );
#2405 = ORIENTED_EDGE( '', *, *, #3819, .T. );
#2406 = CARTESIAN_POINT( '', ( -0.0255210883731000, 0.00523880477032900, 0.0162342311381500 ) );
#2407 = DIRECTION( '', ( 0.000000000000000, 1.00000000000000, 0.000000000000000 ) );
#2408 = DIRECTION( '', ( 1.00000000000000, 0.000000000000000, -0.000000000000000 ) );
#2409 = ORIENTED_EDGE( '', *, *, #3652, .F. );
#2410 = ORIENTED_EDGE( '', *, *, #3820, .F. );
#2411 = ORIENTED_EDGE( '', *, *, #3674, .F. );
#2412 = ORIENTED_EDGE( '', *, *, #3821, .T. );
#2413 = CARTESIAN_POINT( '', ( -0.0255410883731000, 0.00708380477032900, 0.0169812335381500 ) );
#2414 = DIRECTION( '', ( 0.000000000000000, 1.00000000000000, 0.000000000000000 ) );
#2415 = DIRECTION( '', ( 1.00000000000000, 0.000000000000000, -0.000000000000000 ) );
#2416 = ORIENTED_EDGE( '', *, *, #3822, .T. );
#2417 = ORIENTED_EDGE( '', *, *, #3823, .T. );
#2418 = ORIENTED_EDGE( '', *, *, #3824, .F. );
#2419 = ORIENTED_EDGE( '', *, *, #3388, .F. );
#2420 = CARTESIAN_POINT( '', ( -0.0245444225785700, 0.00692681277032800, -4.57688618544400E-05 ) );
#2421 = DIRECTION( '', ( 1.00000000000000, 0.000000000000000, 0.000000000000000 ) );
#2422 = DIRECTION( '', ( 0.000000000000000, 1.00000000000000, -0.000000000000000 ) );
#2423 = ORIENTED_EDGE( '', *, *, #3824, .T. );
#2424 = ORIENTED_EDGE( '', *, *, #3825, .T. );
#2425 = ORIENTED_EDGE( '', *, *, #3826, .T. );
#2426 = ORIENTED_EDGE( '', *, *, #3827, .T. );
#2427 = ORIENTED_EDGE( '', *, *, #3389, .F. );
#2428 = CARTESIAN_POINT( '', ( -0.0245444225785700, 0.00551497677032800, -4.57688618544400E-05 ) );
#2429 = DIRECTION( '', ( 0.000000000000000, 1.00000000000000, 0.000000000000000 ) );
#2430 = DIRECTION( '', ( 1.00000000000000, 0.000000000000000, -0.000000000000000 ) );
#2431 = ORIENTED_EDGE( '', *, *, #3828, .T. );
#2432 = ORIENTED_EDGE( '', *, *, #3822, .F. );
#2433 = ORIENTED_EDGE( '', *, *, #3387, .F. );
#2434 = ORIENTED_EDGE( '', *, *, #3829, .T. );
#2435 = ORIENTED_EDGE( '', *, *, #3830, .T. );
#2436 = CARTESIAN_POINT( '', ( -0.0182024241495100, 0.00692681277032800, -4.57688618544400E-05 ) );
#2437 = DIRECTION( '', ( 0.000000000000000, -1.00000000000000, 0.000000000000000 ) );
#2438 = DIRECTION( '', ( 0.000000000000000, 0.000000000000000, -1.00000000000000 ) );
#2439 = ORIENTED_EDGE( '', *, *, #3831, .T. );
#2440 = ORIENTED_EDGE( '', *, *, #3830, .F. );
#2441 = ORIENTED_EDGE( '', *, *, #3832, .F. );
#2442 = ORIENTED_EDGE( '', *, *, #3833, .F. );
#2443 = CARTESIAN_POINT( '', ( -0.0239633534135300, 0.00749975218915900, -0.00214576889469500 ) );
#2444 = DIRECTION( '', ( 1.00000000000000, 0.000000000000000, 0.000000000000000 ) );
#2445 = DIRECTION( '', ( 0.000000000000000, 1.00000000000000, -0.000000000000000 ) );
#2446 = ORIENTED_EDGE( '', *, *, #3829, .F. );
#2447 = ORIENTED_EDGE( '', *, *, #3386, .T. );
#2448 = ORIENTED_EDGE( '', *, *, #3834, .T. );
#2449 = ORIENTED_EDGE( '', *, *, #3832, .T. );
#2450 = CARTESIAN_POINT( '', ( -0.0239894442304700, 0.00721437329668100, -0.00202077365431200 ) );
#2451 = DIRECTION( '', ( 0.704014724455977, 0.000000000000000, -0.710185375623277 ) );
#2452 = DIRECTION( '', ( 0.000000000000000, -1.00000000000000, 0.000000000000000 ) );
#2453 = ORIENTED_EDGE( '', *, *, #3826, .F. );
#2454 = ORIENTED_EDGE( '', *, *, #3835, .T. );
#2455 = ORIENTED_EDGE( '', *, *, #3836, .F. );
#2456 = ORIENTED_EDGE( '', *, *, #3837, .F. );
#2457 = CARTESIAN_POINT( '', ( -0.0239633534135300, 0.00749975218915900, -0.00214576889469500 ) );
#2458 = DIRECTION( '', ( 1.00000000000000, 0.000000000000000, 0.000000000000000 ) );
#2459 = DIRECTION( '', ( 0.000000000000000, 1.00000000000000, -0.000000000000000 ) );
#2460 = ORIENTED_EDGE( '', *, *, #3360, .F. );
#2461 = ORIENTED_EDGE( '', *, *, #3786, .F. );
#2462 = ORIENTED_EDGE( '', *, *, #3838, .F. );
#2463 = ORIENTED_EDGE( '', *, *, #3351, .F. );
#2464 = ORIENTED_EDGE( '', *, *, #3839, .F. );
#2465 = ORIENTED_EDGE( '', *, *, #3835, .F. );
#2466 = ORIENTED_EDGE( '', *, *, #3825, .F. );
#2467 = ORIENTED_EDGE( '', *, *, #3823, .F. );
#2468 = ORIENTED_EDGE( '', *, *, #3828, .F. );
#2469 = ORIENTED_EDGE( '', *, *, #3831, .F. );
#2470 = ORIENTED_EDGE( '', *, *, #3840, .F. );
#2471 = ORIENTED_EDGE( '', *, *, #3841, .F. );
#2472 = ORIENTED_EDGE( '', *, *, #3842, .F. );
#2473 = ORIENTED_EDGE( '', *, *, #3843, .F. );
#2474 = ORIENTED_EDGE( '', *, *, #3844, .F. );
#2475 = ORIENTED_EDGE( '', *, *, #3845, .F. );
#2476 = ORIENTED_EDGE( '', *, *, #3846, .F. );
#2477 = ORIENTED_EDGE( '', *, *, #3432, .F. );
#2478 = ORIENTED_EDGE( '', *, *, #3847, .F. );
#2479 = ORIENTED_EDGE( '', *, *, #3848, .F. );
#2480 = ORIENTED_EDGE( '', *, *, #3849, .T. );
#2481 = ORIENTED_EDGE( '', *, *, #3850, .T. );
#2482 = ORIENTED_EDGE( '', *, *, #3694, .T. );
#2483 = ORIENTED_EDGE( '', *, *, #3851, .T. );
#2484 = ORIENTED_EDGE( '', *, *, #3609, .T. );
#2485 = ORIENTED_EDGE( '', *, *, #3605, .T. );
#2486 = ORIENTED_EDGE( '', *, *, #3629, .T. );
#2487 = ORIENTED_EDGE( '', *, *, #3784, .T. );
#2488 = CARTESIAN_POINT( '', ( 0.00474349546793000, -0.00839435090662300, 0.00895423113814500 ) );
#2489 = DIRECTION( '', ( 0.000000000000000, 0.000000000000000, 1.00000000000000 ) );
#2490 = DIRECTION( '', ( 1.00000000000000, -0.000000000000000, 0.000000000000000 ) );
#2491 = ORIENTED_EDGE( '', *, *, #3839, .T. );
#2492 = ORIENTED_EDGE( '', *, *, #3350, .F. );
#2493 = ORIENTED_EDGE( '', *, *, #3391, .F. );
#2494 = ORIENTED_EDGE( '', *, *, #3852, .T. );
#2495 = ORIENTED_EDGE( '', *, *, #3836, .T. );
#2496 = CARTESIAN_POINT( '', ( -0.0229177455125900, 0.00457375277032800, -4.57688618544400E-05 ) );
#2497 = DIRECTION( '', ( 0.000000000000000, -1.00000000000000, 0.000000000000000 ) );
#2498 = DIRECTION( '', ( 0.000000000000000, 0.000000000000000, -1.00000000000000 ) );
#2499 = ORIENTED_EDGE( '', *, *, #3827, .F. );
#2500 = ORIENTED_EDGE( '', *, *, #3837, .T. );
#2501 = ORIENTED_EDGE( '', *, *, #3852, .F. );
#2502 = ORIENTED_EDGE( '', *, *, #3390, .T. );
#2503 = CARTESIAN_POINT( '', ( -0.0239894442304700, 0.00504436477032800, -0.00202077365431200 ) );
#2504 = DIRECTION( '', ( 0.704014724455977, 0.000000000000000, -0.710185375623277 ) );
#2505 = DIRECTION( '', ( 0.000000000000000, -1.00000000000000, 0.000000000000000 ) );
#2506 = ORIENTED_EDGE( '', *, *, #3853, .F. );
#2507 = ORIENTED_EDGE( '', *, *, #3854, .F. );
#2508 = ORIENTED_EDGE( '', *, *, #3446, .F. );
#2509 = ORIENTED_EDGE( '', *, *, #3781, .F. );
#2510 = ORIENTED_EDGE( '', *, *, #3855, .T. );
#2511 = CARTESIAN_POINT( '', ( -0.0272210883731000, 0.00411893498454900, 0.0134342311381500 ) );
#2512 = DIRECTION( '', ( 1.00000000000000, 0.000000000000000, 0.000000000000000 ) );
#2513 = DIRECTION( '', ( 0.000000000000000, 1.00000000000000, -0.000000000000000 ) );
#2514 = ORIENTED_EDGE( '', *, *, #3856, .F. );
#2515 = ORIENTED_EDGE( '', *, *, #3806, .F. );
#2516 = ORIENTED_EDGE( '', *, *, #3779, .F. );
#2517 = ORIENTED_EDGE( '', *, *, #3857, .T. );
#2518 = CARTESIAN_POINT( '', ( -0.0288610883731000, 0.00523880477032900, 0.0130342311381500 ) );
#2519 = DIRECTION( '', ( 0.000000000000000, -1.00000000000000, 0.000000000000000 ) );
#2520 = DIRECTION( '', ( 0.000000000000000, 0.000000000000000, -1.00000000000000 ) );
#2521 = ORIENTED_EDGE( '', *, *, #3550, .F. );
#2522 = ORIENTED_EDGE( '', *, *, #3858, .T. );
#2523 = ORIENTED_EDGE( '', *, *, #3859, .F. );
#2524 = ORIENTED_EDGE( '', *, *, #3860, .F. );
#2525 = CARTESIAN_POINT( '', ( -0.0255480813095900, -0.00118551120091400, -0.000364847694464200 ) );
#2526 = DIRECTION( '', ( 0.000000000000000, 0.447213595499998, 0.894427190999896 ) );
#2527 = DIRECTION( '', ( 1.00000000000000, -0.000000000000000, 0.000000000000000 ) );
#2528 = ORIENTED_EDGE( '', *, *, #3540, .F. );
#2529 = ORIENTED_EDGE( '', *, *, #3507, .T. );
#2530 = ORIENTED_EDGE( '', *, *, #3861, .F. );
#2531 = ORIENTED_EDGE( '', *, *, #3862, .F. );
#2532 = CARTESIAN_POINT( '', ( -0.0255480813095900, -0.000810511200914000, -0.000702347694464200 ) );
#2533 = DIRECTION( '', ( 0.000000000000000, 0.948683298050524, 0.316227766016808 ) );
#2534 = DIRECTION( '', ( 1.00000000000000, 0.000000000000000, -0.000000000000000 ) );
#2535 = ORIENTED_EDGE( '', *, *, #3847, .T. );
#2536 = ORIENTED_EDGE( '', *, *, #3431, .F. );
#2537 = ORIENTED_EDGE( '', *, *, #3377, .F. );
#2538 = ORIENTED_EDGE( '', *, *, #3677, .T. );
#2539 = ORIENTED_EDGE( '', *, *, #3863, .F. );
#2540 = CARTESIAN_POINT( '', ( -0.0245444225785700, 0.00316191677032900, -4.57688618544400E-05 ) );
#2541 = DIRECTION( '', ( 0.000000000000000, 1.00000000000000, 0.000000000000000 ) );
#2542 = DIRECTION( '', ( 1.00000000000000, 0.000000000000000, -0.000000000000000 ) );
#2543 = ORIENTED_EDGE( '', *, *, #3549, .F. );
#2544 = ORIENTED_EDGE( '', *, *, #3864, .T. );
#2545 = ORIENTED_EDGE( '', *, *, #3865, .F. );
#2546 = ORIENTED_EDGE( '', *, *, #3858, .F. );
#2547 = CARTESIAN_POINT( '', ( -0.0255480813095900, -0.00129801120091400, -0.000327347694464200 ) );
#2548 = DIRECTION( '', ( 0.000000000000000, 0.316227766016808, 0.948683298050524 ) );
#2549 = DIRECTION( '', ( 1.00000000000000, -0.000000000000000, 0.000000000000000 ) );
#2550 = ORIENTED_EDGE( '', *, *, #3639, .F. );
#2551 = ORIENTED_EDGE( '', *, *, #3637, .F. );
#2552 = ORIENTED_EDGE( '', *, *, #3641, .F. );
#2553 = ORIENTED_EDGE( '', *, *, #3866, .F. );
#2554 = ORIENTED_EDGE( '', *, *, #3867, .F. );
#2555 = ORIENTED_EDGE( '', *, *, #3861, .T. );
#2556 = ORIENTED_EDGE( '', *, *, #3506, .T. );
#2557 = ORIENTED_EDGE( '', *, *, #3868, .T. );
#2558 = ORIENTED_EDGE( '', *, *, #3859, .T. );
#2559 = ORIENTED_EDGE( '', *, *, #3865, .T. );
#2560 = ORIENTED_EDGE( '', *, *, #3869, .T. );
#2561 = ORIENTED_EDGE( '', *, *, #3870, .F. );
#2562 = ORIENTED_EDGE( '', *, *, #3552, .F. );
#2563 = CARTESIAN_POINT( '', ( -0.0255480813095900, 0.00268803766076700, -0.00278577286185400 ) );
#2564 = DIRECTION( '', ( -1.00000000000000, 0.000000000000000, 0.000000000000000 ) );
#2565 = DIRECTION( '', ( 0.000000000000000, 0.000000000000000, 1.00000000000000 ) );
#2566 = ORIENTED_EDGE( '', *, *, #3548, .F. );
#2567 = ORIENTED_EDGE( '', *, *, #3871, .T. );
#2568 = ORIENTED_EDGE( '', *, *, #3869, .F. );
#2569 = ORIENTED_EDGE( '', *, *, #3864, .F. );
#2570 = CARTESIAN_POINT( '', ( -0.0255480813095900, -0.00148551120091400, -0.000289847694464200 ) );
#2571 = DIRECTION( '', ( 0.000000000000000, 0.196116135138203, 0.980580675690916 ) );
#2572 = DIRECTION( '', ( 1.00000000000000, -0.000000000000000, 0.000000000000000 ) );
#2573 = ORIENTED_EDGE( '', *, *, #3547, .T. );
#2574 = ORIENTED_EDGE( '', *, *, #3553, .T. );
#2575 = ORIENTED_EDGE( '', *, *, #3870, .T. );
#2576 = ORIENTED_EDGE( '', *, *, #3871, .F. );
#2577 = CARTESIAN_POINT( '', ( -0.0255480813095900, -0.00156051120091400, -0.000289847694464200 ) );
#2578 = DIRECTION( '', ( 0.000000000000000, 0.000000000000000, 1.00000000000000 ) );
#2579 = DIRECTION( '', ( 1.00000000000000, -0.000000000000000, 0.000000000000000 ) );
#2580 = ORIENTED_EDGE( '', *, *, #3767, .F. );
#2581 = ORIENTED_EDGE( '', *, *, #3459, .T. );
#2582 = ORIENTED_EDGE( '', *, *, #3872, .F. );
#2583 = ORIENTED_EDGE( '', *, *, #3873, .F. );
#2584 = CARTESIAN_POINT( '', ( -0.0155187654185000, 0.00353880477032900, 0.0162342311381500 ) );
#2585 = DIRECTION( '', ( 1.00000000000000, 0.000000000000000, 0.000000000000000 ) );
#2586 = DIRECTION( '', ( 0.000000000000000, 1.00000000000000, -0.000000000000000 ) );
#2587 = ORIENTED_EDGE( '', *, *, #3458, .T. );
#2588 = ORIENTED_EDGE( '', *, *, #3874, .F. );
#2589 = ORIENTED_EDGE( '', *, *, #3875, .T. );
#2590 = ORIENTED_EDGE( '', *, *, #3876, .T. );
#2591 = ORIENTED_EDGE( '', *, *, #3877, .F. );
#2592 = ORIENTED_EDGE( '', *, *, #3872, .T. );
#2593 = CARTESIAN_POINT( '', ( -0.0163687654185000, 0.00438880477032900, 0.0162342311381500 ) );
#2594 = DIRECTION( '', ( -0.000000000000000, 0.000000000000000, -1.00000000000000 ) );
#2595 = DIRECTION( '', ( 1.00000000000000, 0.000000000000000, 0.000000000000000 ) );
#2596 = ORIENTED_EDGE( '', *, *, #3876, .F. );
#2597 = ORIENTED_EDGE( '', *, *, #3878, .F. );
#2598 = ORIENTED_EDGE( '', *, *, #3759, .F. );
#2599 = ORIENTED_EDGE( '', *, *, #3879, .T. );
#2600 = CARTESIAN_POINT( '', ( -0.0165187654185000, 0.00523880477032900, 0.0130342311381500 ) );
#2601 = DIRECTION( '', ( 0.000000000000000, -1.00000000000000, 0.000000000000000 ) );
#2602 = DIRECTION( '', ( 0.000000000000000, 0.000000000000000, -1.00000000000000 ) );
#2603 = ORIENTED_EDGE( '', *, *, #3659, .F. );
#2604 = ORIENTED_EDGE( '', *, *, #3598, .T. );
#2605 = ORIENTED_EDGE( '', *, *, #3880, .T. );
#2606 = ORIENTED_EDGE( '', *, *, #3760, .T. );
#2607 = ORIENTED_EDGE( '', *, *, #3878, .T. );
#2608 = ORIENTED_EDGE( '', *, *, #3875, .F. );
#2609 = ORIENTED_EDGE( '', *, *, #3881, .F. );
#2610 = ORIENTED_EDGE( '', *, *, #3557, .F. );
#2611 = CARTESIAN_POINT( '', ( -0.0151987654185000, 0.00555880477032900, 0.0151574793074600 ) );
#2612 = DIRECTION( '', ( -0.000000000000000, 0.000000000000000, -1.00000000000000 ) );
#2613 = DIRECTION( '', ( -1.00000000000000, 0.000000000000000, 0.000000000000000 ) );
#2614 = ORIENTED_EDGE( '', *, *, #3433, .T. );
#2615 = ORIENTED_EDGE( '', *, *, #3846, .T. );
#2616 = ORIENTED_EDGE( '', *, *, #3882, .T. );
#2617 = ORIENTED_EDGE( '', *, *, #3883, .T. );
#2618 = ORIENTED_EDGE( '', *, *, #3379, .F. );
#2619 = CARTESIAN_POINT( '', ( -0.0182024241495100, 0.00457375277032800, -4.57688618544400E-05 ) );
#2620 = DIRECTION( '', ( 0.000000000000000, -1.00000000000000, 0.000000000000000 ) );
#2621 = DIRECTION( '', ( 0.000000000000000, 0.000000000000000, -1.00000000000000 ) );
#2622 = ORIENTED_EDGE( '', *, *, #3884, .T. );
#2623 = ORIENTED_EDGE( '', *, *, #3885, .F. );
#2624 = ORIENTED_EDGE( '', *, *, #3807, .T. );
#2625 = ORIENTED_EDGE( '', *, *, #3856, .T. );
#2626 = ORIENTED_EDGE( '', *, *, #3886, .F. );
#2627 = ORIENTED_EDGE( '', *, *, #3887, .T. );
#2628 = CARTESIAN_POINT( '', ( -0.0287110883731000, 0.00438880477032900, 0.0162342311381500 ) );
#2629 = DIRECTION( '', ( -0.000000000000000, 0.000000000000000, -1.00000000000000 ) );
#2630 = DIRECTION( '', ( 1.00000000000000, 0.000000000000000, 0.000000000000000 ) );
#2631 = ORIENTED_EDGE( '', *, *, #3592, .T. );
#2632 = ORIENTED_EDGE( '', *, *, #3563, .T. );
#2633 = ORIENTED_EDGE( '', *, *, #3888, .T. );
#2634 = ORIENTED_EDGE( '', *, *, #3558, .T. );
#2635 = ORIENTED_EDGE( '', *, *, #3881, .T. );
#2636 = ORIENTED_EDGE( '', *, *, #3874, .T. );
#2637 = ORIENTED_EDGE( '', *, *, #3457, .T. );
#2638 = ORIENTED_EDGE( '', *, *, #3761, .T. );
#2639 = CARTESIAN_POINT( '', ( -0.0458487678185000, 0.00838574677032900, 0.0155242311381500 ) );
#2640 = DIRECTION( '', ( 0.000000000000000, 0.000000000000000, -1.00000000000000 ) );
#2641 = DIRECTION( '', ( 0.000000000000000, -1.00000000000000, 0.000000000000000 ) );
#2642 = ORIENTED_EDGE( '', *, *, #3312, .F. );
#2643 = ORIENTED_EDGE( '', *, *, #3330, .T. );
#2644 = ORIENTED_EDGE( '', *, *, #3889, .T. );
#2645 = ORIENTED_EDGE( '', *, *, #3890, .T. );
#2646 = ORIENTED_EDGE( '', *, *, #3797, .T. );
#2647 = ORIENTED_EDGE( '', *, *, #3316, .T. );
#2648 = CARTESIAN_POINT( '', ( -0.0153496354115800, 0.00575783107366900, 0.0115942311381500 ) );
#2649 = DIRECTION( '', ( 0.000000000000000, 0.000000000000000, 1.00000000000000 ) );
#2650 = DIRECTION( '', ( 1.00000000000000, -0.000000000000000, 0.000000000000000 ) );
#2651 = ORIENTED_EDGE( '', *, *, #3559, .F. );
#2652 = ORIENTED_EDGE( '', *, *, #3888, .F. );
#2653 = ORIENTED_EDGE( '', *, *, #3562, .F. );
#2654 = ORIENTED_EDGE( '', *, *, #3711, .F. );
#2655 = ORIENTED_EDGE( '', *, *, #3464, .T. );
#2656 = ORIENTED_EDGE( '', *, *, #3751, .T. );
#2657 = ORIENTED_EDGE( '', *, *, #3804, .T. );
#2658 = ORIENTED_EDGE( '', *, *, #3891, .T. );
#2659 = CARTESIAN_POINT( '', ( -0.0151987654185000, 0.00555880477032900, 0.0151038666344400 ) );
#2660 = DIRECTION( '', ( -0.000000000000000, 0.000000000000000, -1.00000000000000 ) );
#2661 = DIRECTION( '', ( -1.00000000000000, 0.000000000000000, 0.000000000000000 ) );
#2662 = ORIENTED_EDGE( '', *, *, #3892, .F. );
#2663 = ORIENTED_EDGE( '', *, *, #3728, .T. );
#2664 = ORIENTED_EDGE( '', *, *, #3499, .F. );
#2665 = ORIENTED_EDGE( '', *, *, #3421, .T. );
#2666 = ORIENTED_EDGE( '', *, *, #3411, .F. );
#2667 = CARTESIAN_POINT( '', ( -0.0182024241495100, 0.00122681277032800, -4.57688618544400E-05 ) );
#2668 = DIRECTION( '', ( 0.000000000000000, -1.00000000000000, 0.000000000000000 ) );
#2669 = DIRECTION( '', ( 0.000000000000000, 0.000000000000000, -1.00000000000000 ) );
#2670 = ORIENTED_EDGE( '', *, *, #3893, .F. );
#2671 = ORIENTED_EDGE( '', *, *, #3794, .F. );
#2672 = ORIENTED_EDGE( '', *, *, #3642, .T. );
#2673 = ORIENTED_EDGE( '', *, *, #3821, .F. );
#2674 = ORIENTED_EDGE( '', *, *, #3673, .F. );
#2675 = ORIENTED_EDGE( '', *, *, #3894, .F. );
#2676 = ORIENTED_EDGE( '', *, *, #3668, .F. );
#2677 = ORIENTED_EDGE( '', *, *, #3342, .F. );
#2678 = ORIENTED_EDGE( '', *, *, #3895, .T. );
#2679 = ORIENTED_EDGE( '', *, *, #3896, .F. );
#2680 = ORIENTED_EDGE( '', *, *, #3664, .F. );
#2681 = ORIENTED_EDGE( '', *, *, #3816, .F. );
#2682 = CARTESIAN_POINT( '', ( -0.00333039460797100, 0.00640024728856500, -0.0154075110389100 ) );
#2683 = DIRECTION( '', ( 0.707106781186548, 0.000000000000000, 0.707106781186548 ) );
#2684 = DIRECTION( '', ( 0.000000000000000, -1.00000000000000, 0.000000000000000 ) );
#2685 = ORIENTED_EDGE( '', *, *, #3669, .F. );
#2686 = ORIENTED_EDGE( '', *, *, #3894, .T. );
#2687 = ORIENTED_EDGE( '', *, *, #3672, .F. );
#2688 = ORIENTED_EDGE( '', *, *, #3700, .T. );
#2689 = CARTESIAN_POINT( '', ( -0.0260480813095900, 0.000000000000000, 0.00660306888152000 ) );
#2690 = DIRECTION( '', ( 0.000000000000000, 1.00000000000000, -0.000000000000000 ) );
#2691 = DIRECTION( '', ( -1.00000000000000, 0.000000000000000, 0.000000000000000 ) );
#2692 = ORIENTED_EDGE( '', *, *, #3666, .T. );
#2693 = ORIENTED_EDGE( '', *, *, #3897, .F. );
#2694 = ORIENTED_EDGE( '', *, *, #3898, .T. );
#2695 = ORIENTED_EDGE( '', *, *, #3344, .T. );
#2696 = ORIENTED_EDGE( '', *, *, #3671, .T. );
#2697 = ORIENTED_EDGE( '', *, *, #3699, .F. );
#2698 = CARTESIAN_POINT( '', ( -0.0273902183800200, 0.00575783107366900, 0.0115942311381500 ) );
#2699 = DIRECTION( '', ( 0.000000000000000, 0.000000000000000, -1.00000000000000 ) );
#2700 = DIRECTION( '', ( 0.000000000000000, -1.00000000000000, 0.000000000000000 ) );
#2701 = ORIENTED_EDGE( '', *, *, #3899, .T. );
#2702 = ORIENTED_EDGE( '', *, *, #3322, .F. );
#2703 = ORIENTED_EDGE( '', *, *, #3796, .T. );
#2704 = ORIENTED_EDGE( '', *, *, #3890, .F. );
#2705 = CARTESIAN_POINT( '', ( -0.0151987654185000, 0.00555880477032900, 0.0115942311381500 ) );
#2706 = DIRECTION( '', ( -0.000000000000000, -0.000000000000000, 1.00000000000000 ) );
#2707 = DIRECTION( '', ( 1.00000000000000, 0.000000000000000, 0.000000000000000 ) );
#2708 = ORIENTED_EDGE( '', *, *, #3329, .F. );
#2709 = ORIENTED_EDGE( '', *, *, #3323, .T. );
#2710 = ORIENTED_EDGE( '', *, *, #3899, .F. );
#2711 = ORIENTED_EDGE( '', *, *, #3889, .F. );
#2712 = CARTESIAN_POINT( '', ( -0.0151987654185000, 0.00626147377032900, 0.0102942311381500 ) );
#2713 = DIRECTION( '', ( 0.000000000000000, -1.00000000000000, 0.000000000000000 ) );
#2714 = DIRECTION( '', ( 0.000000000000000, 0.000000000000000, -1.00000000000000 ) );
#2715 = ORIENTED_EDGE( '', *, *, #3900, .T. );
#2716 = ORIENTED_EDGE( '', *, *, #3682, .T. );
#2717 = ORIENTED_EDGE( '', *, *, #3611, .T. );
#2718 = ORIENTED_EDGE( '', *, *, #3690, .T. );
#2719 = CARTESIAN_POINT( '', ( -0.0210407337977800, 0.00406396621638300, 0.00208051888375800 ) );
#2720 = DIRECTION( '', ( 0.000000000000000, 0.000000000000000, -1.00000000000000 ) );
#2721 = DIRECTION( '', ( 0.000000000000000, -1.00000000000000, 0.000000000000000 ) );
#2722 = ORIENTED_EDGE( '', *, *, #3783, .T. );
#2723 = ORIENTED_EDGE( '', *, *, #3684, .T. );
#2724 = ORIENTED_EDGE( '', *, *, #3901, .T. );
#2725 = ORIENTED_EDGE( '', *, *, #3902, .T. );
#2726 = ORIENTED_EDGE( '', *, *, #3849, .F. );
#2727 = CARTESIAN_POINT( '', ( -0.0209114230530000, 0.00569580477032800, -0.000168768864378300 ) );
#2728 = DIRECTION( '', ( -0.000000000000000, 0.000000000000000, -1.00000000000000 ) );
#2729 = DIRECTION( '', ( 1.00000000000000, 0.000000000000000, 0.000000000000000 ) );
#2730 = ORIENTED_EDGE( '', *, *, #3697, .F. );
#2731 = ORIENTED_EDGE( '', *, *, #3691, .T. );
#2732 = ORIENTED_EDGE( '', *, *, #3606, .F. );
#2733 = ORIENTED_EDGE( '', *, *, #3851, .F. );
#2734 = CARTESIAN_POINT( '', ( -0.0219354230530000, 0.00571580477032800, 0.0126542311356200 ) );
#2735 = DIRECTION( '', ( -1.00000000000000, 0.000000000000000, 0.000000000000000 ) );
#2736 = DIRECTION( '', ( 0.000000000000000, 0.000000000000000, 1.00000000000000 ) );
#2737 = ORIENTED_EDGE( '', *, *, #3903, .F. );
#2738 = ORIENTED_EDGE( '', *, *, #3380, .F. );
#2739 = ORIENTED_EDGE( '', *, *, #3883, .F. );
#2740 = ORIENTED_EDGE( '', *, *, #3904, .F. );
#2741 = CARTESIAN_POINT( '', ( -0.0187574018755300, 0.00504436477032800, -0.00202077365431200 ) );
#2742 = DIRECTION( '', ( 0.704014724455977, 0.000000000000000, 0.710185375623277 ) );
#2743 = DIRECTION( '', ( 0.000000000000000, -1.00000000000000, 0.000000000000000 ) );
#2744 = ORIENTED_EDGE( '', *, *, #3882, .F. );
#2745 = ORIENTED_EDGE( '', *, *, #3845, .T. );
#2746 = ORIENTED_EDGE( '', *, *, #3905, .F. );
#2747 = ORIENTED_EDGE( '', *, *, #3904, .T. );
#2748 = CARTESIAN_POINT( '', ( -0.0187834926924700, 0.00258679571762400, -0.00214576889469500 ) );
#2749 = DIRECTION( '', ( -1.00000000000000, 0.000000000000000, 0.000000000000000 ) );
#2750 = DIRECTION( '', ( 0.000000000000000, 0.000000000000000, 1.00000000000000 ) );
#2751 = ORIENTED_EDGE( '', *, *, #3844, .T. );
#2752 = ORIENTED_EDGE( '', *, *, #3906, .T. );
#2753 = ORIENTED_EDGE( '', *, *, #3381, .F. );
#2754 = ORIENTED_EDGE( '', *, *, #3903, .T. );
#2755 = ORIENTED_EDGE( '', *, *, #3905, .T. );
#2756 = CARTESIAN_POINT( '', ( -0.0197952344245300, 0.00551497677032800, -4.57688618544400E-05 ) );
#2757 = DIRECTION( '', ( 0.000000000000000, 1.00000000000000, 0.000000000000000 ) );
#2758 = DIRECTION( '', ( 1.00000000000000, 0.000000000000000, -0.000000000000000 ) );
#2759 = ORIENTED_EDGE( '', *, *, #3361, .T. );
#2760 = ORIENTED_EDGE( '', *, *, #3848, .T. );
#2761 = ORIENTED_EDGE( '', *, *, #3863, .T. );
#2762 = ORIENTED_EDGE( '', *, *, #3679, .T. );
#2763 = CARTESIAN_POINT( '', ( -0.0187834926924700, 0.00258679571762400, -0.00214576889469500 ) );
#2764 = DIRECTION( '', ( -1.00000000000000, 0.000000000000000, 0.000000000000000 ) );
#2765 = DIRECTION( '', ( 0.000000000000000, 0.000000000000000, 1.00000000000000 ) );
#2766 = ORIENTED_EDGE( '', *, *, #3907, .F. );
#2767 = ORIENTED_EDGE( '', *, *, #3841, .T. );
#2768 = ORIENTED_EDGE( '', *, *, #3908, .T. );
#2769 = ORIENTED_EDGE( '', *, *, #3909, .T. );
#2770 = CARTESIAN_POINT( '', ( -0.0187834926924700, 0.00258679571762400, -0.00214576889469500 ) );
#2771 = DIRECTION( '', ( -1.00000000000000, 0.000000000000000, 0.000000000000000 ) );
#2772 = DIRECTION( '', ( 0.000000000000000, 0.000000000000000, 1.00000000000000 ) );
#2773 = ORIENTED_EDGE( '', *, *, #3908, .F. );
#2774 = ORIENTED_EDGE( '', *, *, #3840, .T. );
#2775 = ORIENTED_EDGE( '', *, *, #3833, .T. );
#2776 = ORIENTED_EDGE( '', *, *, #3910, .T. );
#2777 = CARTESIAN_POINT( '', ( -0.0187834926924700, 0.00759975218915900, -0.00214576889469500 ) );
#2778 = DIRECTION( '', ( 0.000000000000000, -1.00000000000000, 0.000000000000000 ) );
#2779 = DIRECTION( '', ( 0.000000000000000, 0.000000000000000, -1.00000000000000 ) );
#2780 = ORIENTED_EDGE( '', *, *, #3911, .F. );
#2781 = ORIENTED_EDGE( '', *, *, #3384, .F. );
#2782 = ORIENTED_EDGE( '', *, *, #3912, .F. );
#2783 = ORIENTED_EDGE( '', *, *, #3909, .F. );
#2784 = CARTESIAN_POINT( '', ( -0.0187574018755300, 0.00721437329668100, -0.00202077365431200 ) );
#2785 = DIRECTION( '', ( 0.704014724455977, 0.000000000000000, 0.710185375623277 ) );
#2786 = DIRECTION( '', ( 0.000000000000000, -1.00000000000000, 0.000000000000000 ) );
#2787 = ORIENTED_EDGE( '', *, *, #3913, .T. );
#2788 = ORIENTED_EDGE( '', *, *, #3842, .T. );
#2789 = ORIENTED_EDGE( '', *, *, #3907, .T. );
#2790 = ORIENTED_EDGE( '', *, *, #3912, .T. );
#2791 = ORIENTED_EDGE( '', *, *, #3383, .F. );
#2792 = CARTESIAN_POINT( '', ( -0.0182024241495100, 0.00692681277032800, -4.57688618544400E-05 ) );
#2793 = DIRECTION( '', ( 0.000000000000000, -1.00000000000000, 0.000000000000000 ) );
#2794 = DIRECTION( '', ( 0.000000000000000, 0.000000000000000, -1.00000000000000 ) );
#2795 = ORIENTED_EDGE( '', *, *, #3906, .F. );
#2796 = ORIENTED_EDGE( '', *, *, #3843, .T. );
#2797 = ORIENTED_EDGE( '', *, *, #3913, .F. );
#2798 = ORIENTED_EDGE( '', *, *, #3382, .F. );
#2799 = CARTESIAN_POINT( '', ( -0.0182024241495100, 0.00551497677032800, -4.57688618544400E-05 ) );
#2800 = DIRECTION( '', ( -1.00000000000000, 0.000000000000000, 0.000000000000000 ) );
#2801 = DIRECTION( '', ( 0.000000000000000, 0.000000000000000, 1.00000000000000 ) );
#2802 = ORIENTED_EDGE( '', *, *, #3572, .T. );
#2803 = ORIENTED_EDGE( '', *, *, #3570, .T. );
#2804 = ORIENTED_EDGE( '', *, *, #3655, .T. );
#2805 = ORIENTED_EDGE( '', *, *, #3404, .F. );
#2806 = CARTESIAN_POINT( '', ( -0.0197857135864600, -0.00289342041809500, -0.00202077365431200 ) );
#2807 = DIRECTION( '', ( -0.497813585717992, 0.497813585717992, -0.710185375623288 ) );
#2808 = DIRECTION( '', ( -0.818861330000291, -2.76342052417662E-17, 0.573991395606375 ) );
#2809 = ORIENTED_EDGE( '', *, *, #3418, .F. );
#2810 = ORIENTED_EDGE( '', *, *, #3738, .T. );
#2811 = ORIENTED_EDGE( '', *, *, #3914, .F. );
#2812 = ORIENTED_EDGE( '', *, *, #3394, .T. );
#2813 = CARTESIAN_POINT( '', ( -0.0239894442304700, 0.00151437329668100, -0.00202077365431200 ) );
#2814 = DIRECTION( '', ( 0.704014724455977, 0.000000000000000, -0.710185375623277 ) );
#2815 = DIRECTION( '', ( 0.000000000000000, -1.00000000000000, 0.000000000000000 ) );
#2816 = ORIENTED_EDGE( '', *, *, #3915, .T. );
#2817 = ORIENTED_EDGE( '', *, *, #3916, .T. );
#2818 = ORIENTED_EDGE( '', *, *, #3917, .T. );
#2819 = ORIENTED_EDGE( '', *, *, #3918, .T. );
#2820 = ORIENTED_EDGE( '', *, *, #3808, .T. );
#2821 = ORIENTED_EDGE( '', *, *, #3885, .T. );
#2822 = ORIENTED_EDGE( '', *, *, #3919, .T. );
#2823 = ORIENTED_EDGE( '', *, *, #3920, .T. );
#2824 = CARTESIAN_POINT( '', ( -0.0581910907731000, 0.00838574677032900, 0.0155242311381500 ) );
#2825 = DIRECTION( '', ( 0.000000000000000, 0.000000000000000, -1.00000000000000 ) );
#2826 = DIRECTION( '', ( 0.000000000000000, -1.00000000000000, 0.000000000000000 ) );
#2827 = ORIENTED_EDGE( '', *, *, #3800, .T. );
#2828 = ORIENTED_EDGE( '', *, *, #3299, .F. );
#2829 = ORIENTED_EDGE( '', *, *, #3791, .F. );
#2830 = ORIENTED_EDGE( '', *, *, #3921, .T. );
#2831 = ORIENTED_EDGE( '', *, *, #3922, .F. );
#2832 = CARTESIAN_POINT( '', ( -0.0218354230530000, 0.00569580477032800, -0.000168768864378300 ) );
#2833 = DIRECTION( '', ( -0.000000000000000, -0.000000000000000, 1.00000000000000 ) );
#2834 = DIRECTION( '', ( -1.00000000000000, 0.000000000000000, 0.000000000000000 ) );
#2835 = ORIENTED_EDGE( '', *, *, #3650, .T. );
#2836 = ORIENTED_EDGE( '', *, *, #3813, .F. );
#2837 = ORIENTED_EDGE( '', *, *, #3434, .T. );
#2838 = ORIENTED_EDGE( '', *, *, #3923, .F. );
#2839 = CARTESIAN_POINT( '', ( -0.0273210883782800, 0.00696671989561100, 0.00336423113814700 ) );
#2840 = DIRECTION( '', ( -0.000000000000000, -0.000000000000000, 1.00000000000000 ) );
#2841 = DIRECTION( '', ( 0.154386015504502, 0.988010606328011, 0.000000000000000 ) );
#2842 = ORIENTED_EDGE( '', *, *, #3893, .T. );
#2843 = ORIENTED_EDGE( '', *, *, #3815, .T. );
#2844 = ORIENTED_EDGE( '', *, *, #3704, .T. );
#2845 = ORIENTED_EDGE( '', *, *, #3924, .F. );
#2846 = ORIENTED_EDGE( '', *, *, #3795, .T. );
#2847 = CARTESIAN_POINT( '', ( -0.0260480813095900, 0.00353380477032900, 2.84217094304000E-17 ) );
#2848 = DIRECTION( '', ( -0.000000000000000, 0.000000000000000, -1.00000000000000 ) );
#2849 = DIRECTION( '', ( 1.00000000000000, 0.000000000000000, 0.000000000000000 ) );
#2850 = ORIENTED_EDGE( '', *, *, #3515, .T. );
#2851 = ORIENTED_EDGE( '', *, *, #3789, .F. );
#2852 = ORIENTED_EDGE( '', *, *, #3925, .T. );
#2853 = ORIENTED_EDGE( '', *, *, #3926, .F. );
#2854 = CARTESIAN_POINT( '', ( -0.0208939910530000, 9.58047703284300E-05, 0.0126542311356200 ) );
#2855 = DIRECTION( '', ( 0.000000000000000, 1.00000000000000, 0.000000000000000 ) );
#2856 = DIRECTION( '', ( 1.00000000000000, 0.000000000000000, -0.000000000000000 ) );
#2857 = ORIENTED_EDGE( '', *, *, #3927, .F. );
#2858 = ORIENTED_EDGE( '', *, *, #3928, .T. );
#2859 = ORIENTED_EDGE( '', *, *, #3929, .F. );
#2860 = ORIENTED_EDGE( '', *, *, #3511, .F. );
#2861 = ORIENTED_EDGE( '', *, *, #3926, .T. );
#2862 = CARTESIAN_POINT( '', ( -0.0218379910530000, -4.19522967156800E-06, -0.000168768864378300 ) );
#2863 = DIRECTION( '', ( -0.000000000000000, 0.000000000000000, -1.00000000000000 ) );
#2864 = DIRECTION( '', ( 1.00000000000000, 0.000000000000000, 0.000000000000000 ) );
#2865 = ORIENTED_EDGE( '', *, *, #3930, .T. );
#2866 = ORIENTED_EDGE( '', *, *, #3928, .F. );
#2867 = ORIENTED_EDGE( '', *, *, #3931, .T. );
#2868 = ORIENTED_EDGE( '', *, *, #3492, .F. );
#2869 = CARTESIAN_POINT( '', ( -0.0219379910530000, -4.61238373159700E-05, 0.0126542311356200 ) );
#2870 = DIRECTION( '', ( -1.00000000000000, 0.000000000000000, 0.000000000000000 ) );
#2871 = DIRECTION( '', ( 0.000000000000000, 0.000000000000000, 1.00000000000000 ) );
#2872 = ORIENTED_EDGE( '', *, *, #3743, .F. );
#2873 = ORIENTED_EDGE( '', *, *, #3496, .T. );
#2874 = ORIENTED_EDGE( '', *, *, #3523, .F. );
#2875 = ORIENTED_EDGE( '', *, *, #3734, .F. );
#2876 = CARTESIAN_POINT( '', ( -0.0219379910530000, -4.61238373159700E-05, 0.0126542311356200 ) );
#2877 = DIRECTION( '', ( -1.00000000000000, 0.000000000000000, 0.000000000000000 ) );
#2878 = DIRECTION( '', ( 0.000000000000000, 0.000000000000000, 1.00000000000000 ) );
#2879 = ORIENTED_EDGE( '', *, *, #3932, .T. );
#2880 = ORIENTED_EDGE( '', *, *, #3467, .F. );
#2881 = ORIENTED_EDGE( '', *, *, #3752, .F. );
#2882 = ORIENTED_EDGE( '', *, *, #3715, .F. );
#2883 = CARTESIAN_POINT( '', ( -0.0149787654236800, 0.00415088964504600, 0.00336423113814700 ) );
#2884 = DIRECTION( '', ( -0.000000000000000, -0.000000000000000, 1.00000000000000 ) );
#2885 = DIRECTION( '', ( 1.00000000000000, 3.55271349467200E-14, 0.000000000000000 ) );
#2886 = ORIENTED_EDGE( '', *, *, #3587, .F. );
#2887 = ORIENTED_EDGE( '', *, *, #3485, .F. );
#2888 = ORIENTED_EDGE( '', *, *, #3513, .F. );
#2889 = ORIENTED_EDGE( '', *, *, #3933, .F. );
#2890 = CARTESIAN_POINT( '', ( -0.0215693707333400, -0.00131945322967200, 0.0164342311381500 ) );
#2891 = DIRECTION( '', ( 0.000000000000000, 0.000000000000000, -1.00000000000000 ) );
#2892 = DIRECTION( '', ( 0.000000000000000, -1.00000000000000, 0.000000000000000 ) );
#2893 = ORIENTED_EDGE( '', *, *, #3491, .T. );
#2894 = ORIENTED_EDGE( '', *, *, #3588, .T. );
#2895 = ORIENTED_EDGE( '', *, *, #3933, .T. );
#2896 = ORIENTED_EDGE( '', *, *, #3512, .F. );
#2897 = ORIENTED_EDGE( '', *, *, #3929, .T. );
#2898 = ORIENTED_EDGE( '', *, *, #3930, .F. );
#2899 = CARTESIAN_POINT( '', ( -0.0217379910530000, -0.000466195229671600, 0.0162342311381500 ) );
#2900 = DIRECTION( '', ( 0.707106781186548, 0.000000000000000, -0.707106781186548 ) );
#2901 = DIRECTION( '', ( 0.000000000000000, -1.00000000000000, 0.000000000000000 ) );
#2902 = ORIENTED_EDGE( '', *, *, #3532, .F. );
#2903 = ORIENTED_EDGE( '', *, *, #3934, .F. );
#2904 = ORIENTED_EDGE( '', *, *, #3368, .T. );
#2905 = ORIENTED_EDGE( '', *, *, #3554, .F. );
#2906 = CARTESIAN_POINT( '', ( -0.0231210940000000, 0.0101002260657300, 0.000206741346501700 ) );
#2907 = DIRECTION( '', ( 0.000000000000000, 0.859101543908758, -0.511805175094575 ) );
#2908 = DIRECTION( '', ( -1.00000000000000, 0.000000000000000, 0.000000000000000 ) );
#2909 = ORIENTED_EDGE( '', *, *, #3935, .F. );
#2910 = ORIENTED_EDGE( '', *, *, #3936, .F. );
#2911 = ORIENTED_EDGE( '', *, *, #3632, .F. );
#2912 = ORIENTED_EDGE( '', *, *, #3937, .T. );
#2913 = CARTESIAN_POINT( '', ( -0.0278610883731000, 0.00699867455610800, 0.0134342311381500 ) );
#2914 = DIRECTION( '', ( -1.00000000000000, 0.000000000000000, 0.000000000000000 ) );
#2915 = DIRECTION( '', ( 0.000000000000000, 0.000000000000000, 1.00000000000000 ) );
#2916 = ORIENTED_EDGE( '', *, *, #3770, .T. );
#2917 = ORIENTED_EDGE( '', *, *, #3809, .T. );
#2918 = ORIENTED_EDGE( '', *, *, #3918, .F. );
#2919 = ORIENTED_EDGE( '', *, *, #3938, .T. );
#2920 = ORIENTED_EDGE( '', *, *, #3935, .T. );
#2921 = ORIENTED_EDGE( '', *, *, #3939, .F. );
#2922 = CARTESIAN_POINT( '', ( -0.0287110883731000, 0.00672880477032900, 0.0162342311381500 ) );
#2923 = DIRECTION( '', ( -0.000000000000000, 0.000000000000000, -1.00000000000000 ) );
#2924 = DIRECTION( '', ( 1.00000000000000, 0.000000000000000, 0.000000000000000 ) );
#2925 = ORIENTED_EDGE( '', *, *, #3762, .F. );
#2926 = ORIENTED_EDGE( '', *, *, #3455, .F. );
#2927 = ORIENTED_EDGE( '', *, *, #3468, .F. );
#2928 = ORIENTED_EDGE( '', *, *, #3932, .F. );
#2929 = ORIENTED_EDGE( '', *, *, #3714, .T. );
#2930 = CARTESIAN_POINT( '', ( -0.0148787654185000, 0.00411893498454900, 0.0134342311381500 ) );
#2931 = DIRECTION( '', ( 1.00000000000000, 0.000000000000000, 0.000000000000000 ) );
#2932 = DIRECTION( '', ( 0.000000000000000, 1.00000000000000, -0.000000000000000 ) );
#2933 = ORIENTED_EDGE( '', *, *, #3901, .F. );
#2934 = ORIENTED_EDGE( '', *, *, #3683, .F. );
#2935 = ORIENTED_EDGE( '', *, *, #3900, .F. );
#2936 = ORIENTED_EDGE( '', *, *, #3693, .F. );
#2937 = ORIENTED_EDGE( '', *, *, #3696, .F. );
#2938 = ORIENTED_EDGE( '', *, *, #3940, .F. );
#2939 = CARTESIAN_POINT( '', ( -0.0213734230530000, 0.00559580477032800, 0.00228051888375800 ) );
#2940 = DIRECTION( '', ( 0.000000000000000, 0.707106781186548, -0.707106781186548 ) );
#2941 = DIRECTION( '', ( -1.00000000000000, 0.000000000000000, 0.000000000000000 ) );
#2942 = ORIENTED_EDGE( '', *, *, #3902, .F. );
#2943 = ORIENTED_EDGE( '', *, *, #3940, .T. );
#2944 = ORIENTED_EDGE( '', *, *, #3695, .F. );
#2945 = ORIENTED_EDGE( '', *, *, #3850, .F. );
#2946 = CARTESIAN_POINT( '', ( -0.0212506865540400, 0.00579580477032800, 0.0216025797314600 ) );
#2947 = DIRECTION( '', ( 0.000000000000000, 1.00000000000000, 0.000000000000000 ) );
#2948 = DIRECTION( '', ( 1.00000000000000, 0.000000000000000, -0.000000000000000 ) );
#2949 = ORIENTED_EDGE( '', *, *, #3687, .F. );
#2950 = ORIENTED_EDGE( '', *, *, #3941, .T. );
#2951 = ORIENTED_EDGE( '', *, *, #3921, .F. );
#2952 = ORIENTED_EDGE( '', *, *, #3792, .T. );
#2953 = CARTESIAN_POINT( '', ( -0.0212506865540400, 0.00579580477032800, 0.0216025797314600 ) );
#2954 = DIRECTION( '', ( 0.000000000000000, 1.00000000000000, 0.000000000000000 ) );
#2955 = DIRECTION( '', ( 1.00000000000000, 0.000000000000000, -0.000000000000000 ) );
#2956 = ORIENTED_EDGE( '', *, *, #3582, .F. );
#2957 = ORIENTED_EDGE( '', *, *, #3729, .T. );
#2958 = ORIENTED_EDGE( '', *, *, #3892, .T. );
#2959 = ORIENTED_EDGE( '', *, *, #3410, .F. );
#2960 = CARTESIAN_POINT( '', ( -0.0182024241495100, -0.000185023229671600, -4.57688618544400E-05 ) );
#2961 = DIRECTION( '', ( -1.00000000000000, 0.000000000000000, 0.000000000000000 ) );
#2962 = DIRECTION( '', ( 0.000000000000000, 0.000000000000000, 1.00000000000000 ) );
#2963 = ORIENTED_EDGE( '', *, *, #3771, .T. );
#2964 = ORIENTED_EDGE( '', *, *, #3939, .T. );
#2965 = ORIENTED_EDGE( '', *, *, #3937, .F. );
#2966 = ORIENTED_EDGE( '', *, *, #3635, .T. );
#2967 = ORIENTED_EDGE( '', *, *, #3647, .T. );
#2968 = ORIENTED_EDGE( '', *, *, #3426, .T. );
#2969 = ORIENTED_EDGE( '', *, *, #3942, .T. );
#2970 = ORIENTED_EDGE( '', *, *, #3886, .T. );
#2971 = ORIENTED_EDGE( '', *, *, #3857, .F. );
#2972 = ORIENTED_EDGE( '', *, *, #3778, .T. );
#2973 = ORIENTED_EDGE( '', *, *, #3776, .T. );
#2974 = ORIENTED_EDGE( '', *, *, #3428, .T. );
#2975 = CARTESIAN_POINT( '', ( -0.0122834232075300, 0.0114886661528000, 0.0126542311381500 ) );
#2976 = DIRECTION( '', ( 0.000000000000000, 0.000000000000000, -1.00000000000000 ) );
#2977 = DIRECTION( '', ( 0.000000000000000, -1.00000000000000, 0.000000000000000 ) );
#2978 = ORIENTED_EDGE( '', *, *, #3560, .F. );
#2979 = ORIENTED_EDGE( '', *, *, #3891, .F. );
#2980 = ORIENTED_EDGE( '', *, *, #3803, .F. );
#2981 = ORIENTED_EDGE( '', *, *, #3943, .T. );
#2982 = CARTESIAN_POINT( '', ( -0.0155187654185000, 0.00699867455610800, 0.0134342311381500 ) );
#2983 = DIRECTION( '', ( -1.00000000000000, 0.000000000000000, 0.000000000000000 ) );
#2984 = DIRECTION( '', ( 0.000000000000000, 0.000000000000000, 1.00000000000000 ) );
#2985 = ORIENTED_EDGE( '', *, *, #3924, .T. );
#2986 = ORIENTED_EDGE( '', *, *, #3703, .T. );
#2987 = ORIENTED_EDGE( '', *, *, #3509, .T. );
#2988 = ORIENTED_EDGE( '', *, *, #3944, .F. );
#2989 = ORIENTED_EDGE( '', *, *, #3331, .T. );
#2990 = ORIENTED_EDGE( '', *, *, #3304, .T. );
#2991 = ORIENTED_EDGE( '', *, *, #3945, .T. );
#2992 = ORIENTED_EDGE( '', *, *, #3946, .F. );
#2993 = ORIENTED_EDGE( '', *, *, #3754, .T. );
#2994 = ORIENTED_EDGE( '', *, *, #3768, .T. );
#2995 = ORIENTED_EDGE( '', *, *, #3873, .T. );
#2996 = ORIENTED_EDGE( '', *, *, #3877, .T. );
#2997 = ORIENTED_EDGE( '', *, *, #3879, .F. );
#2998 = ORIENTED_EDGE( '', *, *, #3758, .T. );
#2999 = ORIENTED_EDGE( '', *, *, #3947, .T. );
#3000 = ORIENTED_EDGE( '', *, *, #3596, .T. );
#3001 = ORIENTED_EDGE( '', *, *, #3660, .T. );
#3002 = ORIENTED_EDGE( '', *, *, #3561, .T. );
#3003 = ORIENTED_EDGE( '', *, *, #3943, .F. );
#3004 = ORIENTED_EDGE( '', *, *, #3805, .T. );
#3005 = ORIENTED_EDGE( '', *, *, #3756, .T. );
#3006 = ORIENTED_EDGE( '', *, *, #3748, .F. );
#3007 = ORIENTED_EDGE( '', *, *, #3745, .T. );
#3008 = ORIENTED_EDGE( '', *, *, #3308, .T. );
#3009 = ORIENTED_EDGE( '', *, *, #3948, .T. );
#3010 = ORIENTED_EDGE( '', *, *, #3811, .F. );
#3011 = ORIENTED_EDGE( '', *, *, #3773, .T. );
#3012 = ORIENTED_EDGE( '', *, *, #3701, .T. );
#3013 = ORIENTED_EDGE( '', *, *, #3675, .T. );
#3014 = ORIENTED_EDGE( '', *, *, #3820, .T. );
#3015 = ORIENTED_EDGE( '', *, *, #3651, .T. );
#3016 = ORIENTED_EDGE( '', *, *, #3923, .T. );
#3017 = ORIENTED_EDGE( '', *, *, #3438, .T. );
#3018 = ORIENTED_EDGE( '', *, *, #3949, .T. );
#3019 = ORIENTED_EDGE( '', *, *, #3950, .T. );
#3020 = ORIENTED_EDGE( '', *, *, #3335, .T. );
#3021 = ORIENTED_EDGE( '', *, *, #3799, .T. );
#3022 = ORIENTED_EDGE( '', *, *, #3339, .T. );
#3023 = ORIENTED_EDGE( '', *, *, #3818, .T. );
#3024 = ORIENTED_EDGE( '', *, *, #3951, .T. );
#3025 = ORIENTED_EDGE( '', *, *, #3855, .F. );
#3026 = ORIENTED_EDGE( '', *, *, #3782, .T. );
#3027 = ORIENTED_EDGE( '', *, *, #3644, .T. );
#3028 = ORIENTED_EDGE( '', *, *, #3793, .F. );
#3029 = ORIENTED_EDGE( '', *, *, #3922, .T. );
#3030 = ORIENTED_EDGE( '', *, *, #3941, .F. );
#3031 = ORIENTED_EDGE( '', *, *, #3686, .T. );
#3032 = ORIENTED_EDGE( '', *, *, #3787, .F. );
#3033 = ORIENTED_EDGE( '', *, *, #3624, .T. );
#3034 = ORIENTED_EDGE( '', *, *, #3615, .F. );
#3035 = ORIENTED_EDGE( '', *, *, #3952, .T. );
#3036 = ORIENTED_EDGE( '', *, *, #3801, .F. );
#3037 = ORIENTED_EDGE( '', *, *, #3488, .T. );
#3038 = ORIENTED_EDGE( '', *, *, #3931, .F. );
#3039 = ORIENTED_EDGE( '', *, *, #3927, .T. );
#3040 = ORIENTED_EDGE( '', *, *, #3925, .F. );
#3041 = ORIENTED_EDGE( '', *, *, #3788, .T. );
#3042 = ORIENTED_EDGE( '', *, *, #3953, .F. );
#3043 = ORIENTED_EDGE( '', *, *, #3469, .T. );
#3044 = ORIENTED_EDGE( '', *, *, #3527, .F. );
#3045 = CARTESIAN_POINT( '', ( -0.0122834232075300, 0.0114886661528000, 0.0126542311381500 ) );
#3046 = DIRECTION( '', ( 0.000000000000000, 0.000000000000000, -1.00000000000000 ) );
#3047 = DIRECTION( '', ( 0.000000000000000, -1.00000000000000, 0.000000000000000 ) );
#3048 = ORIENTED_EDGE( '', *, *, #3508, .F. );
#3049 = ORIENTED_EDGE( '', *, *, #3371, .T. );
#3050 = ORIENTED_EDGE( '', *, *, #3332, .F. );
#3051 = ORIENTED_EDGE( '', *, *, #3944, .T. );
#3052 = CARTESIAN_POINT( '', ( -0.0189480566135500, -0.00378415080500500, 0.00437342513814600 ) );
#3053 = DIRECTION( '', ( 0.000000000000000, -1.00000000000000, 0.000000000000000 ) );
#3054 = DIRECTION( '', ( 0.000000000000000, 0.000000000000000, -1.00000000000000 ) );
#3055 = ORIENTED_EDGE( '', *, *, #3487, .T. );
#3056 = ORIENTED_EDGE( '', *, *, #3470, .F. );
#3057 = ORIENTED_EDGE( '', *, *, #3953, .T. );
#3058 = ORIENTED_EDGE( '', *, *, #3790, .F. );
#3059 = CARTESIAN_POINT( '', ( -0.0208139910530000, -0.00576481322967200, 0.0225462311684800 ) );
#3060 = DIRECTION( '', ( 1.00000000000000, 0.000000000000000, 0.000000000000000 ) );
#3061 = DIRECTION( '', ( 0.000000000000000, 1.00000000000000, -0.000000000000000 ) );
#3062 = ORIENTED_EDGE( '', *, *, #3521, .F. );
#3063 = ORIENTED_EDGE( '', *, *, #3477, .T. );
#3064 = ORIENTED_EDGE( '', *, *, #3480, .F. );
#3065 = ORIENTED_EDGE( '', *, *, #3735, .F. );
#3066 = CARTESIAN_POINT( '', ( -0.0208139910530000, -0.00576481322967200, 0.0225462311684800 ) );
#3067 = DIRECTION( '', ( 1.00000000000000, 0.000000000000000, 0.000000000000000 ) );
#3068 = DIRECTION( '', ( 0.000000000000000, 1.00000000000000, -0.000000000000000 ) );
#3069 = ORIENTED_EDGE( '', *, *, #3948, .F. );
#3070 = ORIENTED_EDGE( '', *, *, #3307, .T. );
#3071 = ORIENTED_EDGE( '', *, *, #3370, .F. );
#3072 = ORIENTED_EDGE( '', *, *, #3812, .T. );
#3073 = CARTESIAN_POINT( '', ( -0.0176995430607500, 0.00820022612653600, -1.87688618534600E-05 ) );
#3074 = DIRECTION( '', ( -0.000000000000000, -0.000000000000000, 1.00000000000000 ) );
#3075 = DIRECTION( '', ( -1.00000000000000, 0.000000000000000, 0.000000000000000 ) );
#3076 = ORIENTED_EDGE( '', *, *, #3952, .F. );
#3077 = ORIENTED_EDGE( '', *, *, #3614, .T. );
#3078 = ORIENTED_EDGE( '', *, *, #3621, .F. );
#3079 = ORIENTED_EDGE( '', *, *, #3295, .F. );
#3080 = ORIENTED_EDGE( '', *, *, #3802, .T. );
#3081 = CARTESIAN_POINT( '', ( -0.0218354230530000, 0.00477180477032800, -0.000168768864378300 ) );
#3082 = DIRECTION( '', ( -0.000000000000000, 0.000000000000000, -1.00000000000000 ) );
#3083 = DIRECTION( '', ( 1.00000000000000, 0.000000000000000, 0.000000000000000 ) );
#3084 = ORIENTED_EDGE( '', *, *, #3938, .F. );
#3085 = ORIENTED_EDGE( '', *, *, #3917, .F. );
#3086 = ORIENTED_EDGE( '', *, *, #3954, .F. );
#3087 = ORIENTED_EDGE( '', *, *, #3436, .F. );
#3088 = ORIENTED_EDGE( '', *, *, #3814, .T. );
#3089 = ORIENTED_EDGE( '', *, *, #3648, .T. );
#3090 = ORIENTED_EDGE( '', *, *, #3633, .T. );
#3091 = ORIENTED_EDGE( '', *, *, #3936, .T. );
#3092 = CARTESIAN_POINT( '', ( -0.0275410883731000, 0.00555880477032900, 0.0151038666344400 ) );
#3093 = DIRECTION( '', ( -0.000000000000000, 0.000000000000000, -1.00000000000000 ) );
#3094 = DIRECTION( '', ( -1.00000000000000, 0.000000000000000, 0.000000000000000 ) );
#3095 = ORIENTED_EDGE( '', *, *, #3443, .F. );
#3096 = ORIENTED_EDGE( '', *, *, #3854, .T. );
#3097 = ORIENTED_EDGE( '', *, *, #3955, .F. );
#3098 = ORIENTED_EDGE( '', *, *, #3919, .F. );
#3099 = ORIENTED_EDGE( '', *, *, #3884, .F. );
#3100 = ORIENTED_EDGE( '', *, *, #3956, .F. );
#3101 = ORIENTED_EDGE( '', *, *, #3424, .T. );
#3102 = ORIENTED_EDGE( '', *, *, #3646, .T. );
#3103 = CARTESIAN_POINT( '', ( -0.0275410883731000, 0.00555880477032900, 0.0151038666344400 ) );
#3104 = DIRECTION( '', ( -0.000000000000000, 0.000000000000000, -1.00000000000000 ) );
#3105 = DIRECTION( '', ( -1.00000000000000, 0.000000000000000, 0.000000000000000 ) );
#3106 = ORIENTED_EDGE( '', *, *, #3957, .T. );
#3107 = ORIENTED_EDGE( '', *, *, #3717, .F. );
#3108 = ORIENTED_EDGE( '', *, *, #3661, .T. );
#3109 = ORIENTED_EDGE( '', *, *, #3590, .F. );
#3110 = CARTESIAN_POINT( '', ( -0.0138414795237800, 0.00577880477032900, 0.0162342311381500 ) );
#3111 = DIRECTION( '', ( -0.000000000000000, -0.000000000000000, -1.00000000000000 ) );
#3112 = DIRECTION( '', ( -1.00000000000000, 0.000000000000000, 0.000000000000000 ) );
#3113 = ORIENTED_EDGE( '', *, *, #3589, .F. );
#3114 = ORIENTED_EDGE( '', *, *, #3710, .T. );
#3115 = ORIENTED_EDGE( '', *, *, #3718, .F. );
#3116 = ORIENTED_EDGE( '', *, *, #3957, .F. );
#3117 = CARTESIAN_POINT( '', ( -0.0151987654185000, 0.00555880477032900, 0.0162342311381500 ) );
#3118 = DIRECTION( '', ( -0.000000000000000, 0.000000000000000, -1.00000000000000 ) );
#3119 = DIRECTION( '', ( 1.00000000000000, 0.000000000000000, 0.000000000000000 ) );
#3120 = ORIENTED_EDGE( '', *, *, #3880, .F. );
#3121 = ORIENTED_EDGE( '', *, *, #3597, .T. );
#3122 = ORIENTED_EDGE( '', *, *, #3947, .F. );
#3123 = ORIENTED_EDGE( '', *, *, #3757, .F. );
#3124 = CARTESIAN_POINT( '', ( -0.0151987654185000, 0.00555880477032900, 0.0162342311381500 ) );
#3125 = DIRECTION( '', ( -0.000000000000000, 0.000000000000000, -1.00000000000000 ) );
#3126 = DIRECTION( '', ( 1.00000000000000, 0.000000000000000, 0.000000000000000 ) );
#3127 = ORIENTED_EDGE( '', *, *, #3481, .F. );
#3128 = ORIENTED_EDGE( '', *, *, #3475, .F. );
#3129 = ORIENTED_EDGE( '', *, *, #3958, .F. );
#3130 = ORIENTED_EDGE( '', *, *, #3498, .F. );
#3131 = ORIENTED_EDGE( '', *, *, #3742, .F. );
#3132 = ORIENTED_EDGE( '', *, *, #3440, .F. );
#3133 = CARTESIAN_POINT( '', ( -0.0213759910530000, -0.000104195229671600, 0.00228051888375900 ) );
#3134 = DIRECTION( '', ( 0.000000000000000, 0.707106781186548, -0.707106781186548 ) );
#3135 = DIRECTION( '', ( -1.00000000000000, 0.000000000000000, 0.000000000000000 ) );
#3136 = ORIENTED_EDGE( '', *, *, #3959, .T. );
#3137 = ORIENTED_EDGE( '', *, *, #3493, .F. );
#3138 = ORIENTED_EDGE( '', *, *, #3958, .T. );
#3139 = ORIENTED_EDGE( '', *, *, #3474, .F. );
#3140 = CARTESIAN_POINT( '', ( -0.0210433017977800, -0.00163603378361700, 0.00208051888375900 ) );
#3141 = DIRECTION( '', ( 0.000000000000000, 0.000000000000000, -1.00000000000000 ) );
#3142 = DIRECTION( '', ( 0.000000000000000, -1.00000000000000, 0.000000000000000 ) );
#3143 = ORIENTED_EDGE( '', *, *, #3817, .T. );
#3144 = ORIENTED_EDGE( '', *, *, #3960, .T. );
#3145 = ORIENTED_EDGE( '', *, *, #3920, .F. );
#3146 = ORIENTED_EDGE( '', *, *, #3955, .T. );
#3147 = ORIENTED_EDGE( '', *, *, #3853, .T. );
#3148 = ORIENTED_EDGE( '', *, *, #3951, .F. );
#3149 = CARTESIAN_POINT( '', ( -0.0263710883731000, 0.00438880477032900, 0.0162342311381500 ) );
#3150 = DIRECTION( '', ( -0.000000000000000, 0.000000000000000, -1.00000000000000 ) );
#3151 = DIRECTION( '', ( 1.00000000000000, 0.000000000000000, 0.000000000000000 ) );
#3152 = ORIENTED_EDGE( '', *, *, #3352, .T. );
#3153 = ORIENTED_EDGE( '', *, *, #3838, .T. );
#3154 = ORIENTED_EDGE( '', *, *, #3785, .T. );
#3155 = ORIENTED_EDGE( '', *, *, #3680, .T. );
#3156 = ORIENTED_EDGE( '', *, *, #3392, .F. );
#3157 = CARTESIAN_POINT( '', ( -0.0245444225785700, 0.00316191677032900, -4.57688618544400E-05 ) );
#3158 = DIRECTION( '', ( 0.000000000000000, 1.00000000000000, 0.000000000000000 ) );
#3159 = DIRECTION( '', ( 1.00000000000000, 0.000000000000000, -0.000000000000000 ) );
#3160 = ORIENTED_EDGE( '', *, *, #3542, .T. );
#3161 = ORIENTED_EDGE( '', *, *, #3961, .T. );
#3162 = ORIENTED_EDGE( '', *, *, #3866, .T. );
#3163 = ORIENTED_EDGE( '', *, *, #3640, .F. );
#3164 = CARTESIAN_POINT( '', ( -0.0255480813095900, -0.000473011200914000, -0.000814847694464200 ) );
#3165 = DIRECTION( '', ( 0.000000000000000, -1.00000000000000, 0.000000000000000 ) );
#3166 = DIRECTION( '', ( 0.000000000000000, 0.000000000000000, -1.00000000000000 ) );
#3167 = ORIENTED_EDGE( '', *, *, #3425, .F. );
#3168 = ORIENTED_EDGE( '', *, *, #3956, .T. );
#3169 = ORIENTED_EDGE( '', *, *, #3887, .F. );
#3170 = ORIENTED_EDGE( '', *, *, #3942, .F. );
#3171 = CARTESIAN_POINT( '', ( -0.0278610883731000, 0.00353880477032900, 0.0162342311381500 ) );
#3172 = DIRECTION( '', ( 1.00000000000000, 0.000000000000000, 0.000000000000000 ) );
#3173 = DIRECTION( '', ( 0.000000000000000, 1.00000000000000, -0.000000000000000 ) );
#3174 = ORIENTED_EDGE( '', *, *, #3934, .T. );
#3175 = ORIENTED_EDGE( '', *, *, #3534, .F. );
#3176 = ORIENTED_EDGE( '', *, *, #3530, .F. );
#3177 = ORIENTED_EDGE( '', *, *, #3810, .T. );
#3178 = CARTESIAN_POINT( '', ( -0.0202234233640400, 0.0102502260657300, 0.000456025848226700 ) );
#3179 = DIRECTION( '', ( -1.00000000000000, 0.000000000000000, 0.000000000000000 ) );
#3180 = DIRECTION( '', ( 0.000000000000000, 0.000000000000000, 1.00000000000000 ) );
#3181 = ORIENTED_EDGE( '', *, *, #3541, .T. );
#3182 = ORIENTED_EDGE( '', *, *, #3862, .T. );
#3183 = ORIENTED_EDGE( '', *, *, #3867, .T. );
#3184 = ORIENTED_EDGE( '', *, *, #3961, .F. );
#3185 = CARTESIAN_POINT( '', ( -0.0255480813095900, -0.000773011200914000, -0.000814847694464200 ) );
#3186 = DIRECTION( '', ( 0.000000000000000, 0.000000000000000, 1.00000000000000 ) );
#3187 = DIRECTION( '', ( 1.00000000000000, -0.000000000000000, 0.000000000000000 ) );
#3188 = ORIENTED_EDGE( '', *, *, #3539, .F. );
#3189 = ORIENTED_EDGE( '', *, *, #3860, .T. );
#3190 = ORIENTED_EDGE( '', *, *, #3868, .F. );
#3191 = ORIENTED_EDGE( '', *, *, #3505, .F. );
#3192 = CARTESIAN_POINT( '', ( -0.0255480813095900, -0.00103551120091400, -0.000439847694464200 ) );
#3193 = DIRECTION( '', ( 0.000000000000000, 0.707106781186548, 0.707106781186548 ) );
#3194 = DIRECTION( '', ( 1.00000000000000, 0.000000000000000, -0.000000000000000 ) );
#3195 = ORIENTED_EDGE( '', *, *, #3726, .T. );
#3196 = ORIENTED_EDGE( '', *, *, #3501, .F. );
#3197 = ORIENTED_EDGE( '', *, *, #3395, .T. );
#3198 = ORIENTED_EDGE( '', *, *, #3914, .T. );
#3199 = ORIENTED_EDGE( '', *, *, #3737, .T. );
#3200 = CARTESIAN_POINT( '', ( -0.0182024241495100, 0.00122681277032800, -4.57688618544400E-05 ) );
#3201 = DIRECTION( '', ( 0.000000000000000, -1.00000000000000, 0.000000000000000 ) );
#3202 = DIRECTION( '', ( 0.000000000000000, 0.000000000000000, -1.00000000000000 ) );
#3203 = ORIENTED_EDGE( '', *, *, #3318, .T. );
#3204 = ORIENTED_EDGE( '', *, *, #3755, .F. );
#3205 = ORIENTED_EDGE( '', *, *, #3946, .T. );
#3206 = ORIENTED_EDGE( '', *, *, #3962, .F. );
#3207 = CARTESIAN_POINT( '', ( -0.0151987654185000, 0.00403380477032900, 0.0169812335381500 ) );
#3208 = DIRECTION( '', ( 0.000000000000000, 1.00000000000000, 0.000000000000000 ) );
#3209 = DIRECTION( '', ( 1.00000000000000, 0.000000000000000, -0.000000000000000 ) );
#3210 = ORIENTED_EDGE( '', *, *, #3744, .F. );
#3211 = ORIENTED_EDGE( '', *, *, #3319, .F. );
#3212 = ORIENTED_EDGE( '', *, *, #3962, .T. );
#3213 = ORIENTED_EDGE( '', *, *, #3945, .F. );
#3214 = ORIENTED_EDGE( '', *, *, #3303, .T. );
#3215 = CARTESIAN_POINT( '', ( -0.0166987654185000, 0.00353380477032900, -2.84217094304000E-17 ) );
#3216 = DIRECTION( '', ( -0.000000000000000, -0.000000000000000, 1.00000000000000 ) );
#3217 = DIRECTION( '', ( -1.00000000000000, 0.000000000000000, 0.000000000000000 ) );
#3218 = ORIENTED_EDGE( '', *, *, #3336, .F. );
#3219 = ORIENTED_EDGE( '', *, *, #3950, .F. );
#3220 = ORIENTED_EDGE( '', *, *, #3963, .F. );
#3221 = ORIENTED_EDGE( '', *, *, #3964, .T. );
#3222 = CARTESIAN_POINT( '', ( -0.0263710883731000, 0.00587880477032900, 0.0162342311381500 ) );
#3223 = DIRECTION( '', ( 0.000000000000000, -1.00000000000000, 0.000000000000000 ) );
#3224 = DIRECTION( '', ( 0.000000000000000, 0.000000000000000, -1.00000000000000 ) );
#3225 = ORIENTED_EDGE( '', *, *, #3362, .T. );
#3226 = ORIENTED_EDGE( '', *, *, #3678, .T. );
#3227 = ORIENTED_EDGE( '', *, *, #3375, .F. );
#3228 = CARTESIAN_POINT( '', ( -0.0192234230530000, 0.00268389957579600, 0.00898123113562200 ) );
#3229 = DIRECTION( '', ( 0.000000000000000, -0.999961923064171, 0.00872653549837375 ) );
#3230 = DIRECTION( '', ( -1.00000000000000, 0.000000000000000, 0.000000000000000 ) );
#3231 = ORIENTED_EDGE( '', *, *, #3798, .T. );
#3232 = ORIENTED_EDGE( '', *, *, #3337, .T. );
#3233 = ORIENTED_EDGE( '', *, *, #3964, .F. );
#3234 = ORIENTED_EDGE( '', *, *, #3965, .F. );
#3235 = ORIENTED_EDGE( '', *, *, #3915, .F. );
#3236 = ORIENTED_EDGE( '', *, *, #3960, .F. );
#3237 = ORIENTED_EDGE( '', *, *, #3819, .F. );
#3238 = ORIENTED_EDGE( '', *, *, #3341, .T. );
#3239 = CARTESIAN_POINT( '', ( -0.0275410883731000, 0.00555880477032900, 0.0151574793074600 ) );
#3240 = DIRECTION( '', ( -0.000000000000000, 0.000000000000000, -1.00000000000000 ) );
#3241 = DIRECTION( '', ( -1.00000000000000, 0.000000000000000, 0.000000000000000 ) );
#3242 = ORIENTED_EDGE( '', *, *, #3954, .T. );
#3243 = ORIENTED_EDGE( '', *, *, #3916, .F. );
#3244 = ORIENTED_EDGE( '', *, *, #3965, .T. );
#3245 = ORIENTED_EDGE( '', *, *, #3963, .T. );
#3246 = ORIENTED_EDGE( '', *, *, #3949, .F. );
#3247 = ORIENTED_EDGE( '', *, *, #3437, .T. );
#3248 = CARTESIAN_POINT( '', ( -0.0263710883731000, 0.00672880477032900, 0.0162342311381500 ) );
#3249 = DIRECTION( '', ( -0.000000000000000, 0.000000000000000, -1.00000000000000 ) );
#3250 = DIRECTION( '', ( 1.00000000000000, 0.000000000000000, 0.000000000000000 ) );
#3251 = ORIENTED_EDGE( '', *, *, #3896, .T. );
#3252 = ORIENTED_EDGE( '', *, *, #3966, .F. );
#3253 = ORIENTED_EDGE( '', *, *, #3897, .T. );
#3254 = ORIENTED_EDGE( '', *, *, #3665, .F. );
#3255 = CARTESIAN_POINT( '', ( -0.0255410883731000, 0.00485613577032900, 0.0102942311381500 ) );
#3256 = DIRECTION( '', ( 0.000000000000000, -1.00000000000000, 0.000000000000000 ) );
#3257 = DIRECTION( '', ( 0.000000000000000, 0.000000000000000, -1.00000000000000 ) );
#3258 = ORIENTED_EDGE( '', *, *, #3895, .F. );
#3259 = ORIENTED_EDGE( '', *, *, #3345, .T. );
#3260 = ORIENTED_EDGE( '', *, *, #3898, .F. );
#3261 = ORIENTED_EDGE( '', *, *, #3966, .T. );
#3262 = CARTESIAN_POINT( '', ( -0.0275410883731000, 0.00555880477032900, 0.0115942311381500 ) );
#3263 = DIRECTION( '', ( -0.000000000000000, -0.000000000000000, 1.00000000000000 ) );
#3264 = DIRECTION( '', ( -1.00000000000000, 0.000000000000000, 0.000000000000000 ) );
#3265 = ORIENTED_EDGE( '', *, *, #3911, .T. );
#3266 = ORIENTED_EDGE( '', *, *, #3910, .F. );
#3267 = ORIENTED_EDGE( '', *, *, #3834, .F. );
#3268 = ORIENTED_EDGE( '', *, *, #3385, .F. );
#3269 = CARTESIAN_POINT( '', ( -0.0213734230530000, 0.00762584300609600, -0.00202077365431200 ) );
#3270 = DIRECTION( '', ( 0.000000000000000, 0.704014724455977, 0.710185375623277 ) );
#3271 = DIRECTION( '', ( 1.00000000000000, -0.000000000000000, 0.000000000000000 ) );
#3272 = ORIENTED_EDGE( '', *, *, #3654, .F. );
#3273 = ORIENTED_EDGE( '', *, *, #3730, .T. );
#3274 = ORIENTED_EDGE( '', *, *, #3585, .T. );
#3275 = ORIENTED_EDGE( '', *, *, #3406, .F. );
#3276 = CARTESIAN_POINT( '', ( -0.0181987647944400, -0.00249840250662400, -0.000145768864378500 ) );
#3277 = DIRECTION( '', ( -1.00000000000000, 0.000000000000000, 0.000000000000000 ) );
#3278 = DIRECTION( '', ( 0.000000000000000, 0.000000000000000, 1.00000000000000 ) );
#3279 = ORIENTED_EDGE( '', *, *, #3524, .F. );
#3280 = ORIENTED_EDGE( '', *, *, #3494, .F. );
#3281 = ORIENTED_EDGE( '', *, *, #3959, .F. );
#3282 = ORIENTED_EDGE( '', *, *, #3479, .F. );
#3283 = ORIENTED_EDGE( '', *, *, #3520, .F. );
#3284 = ORIENTED_EDGE( '', *, *, #3517, .T. );
#3285 = CARTESIAN_POINT( '', ( -0.0213759910530000, -0.000828195229671600, 0.00228051888375900 ) );
#3286 = DIRECTION( '', ( 0.000000000000000, -0.707106781186548, -0.707106781186548 ) );
#3287 = DIRECTION( '', ( 0.000000000000000, -0.707106781186548, 0.707106781186548 ) );
#3288 = ORIENTED_EDGE( '', *, *, #3601, .F. );
#3289 = ORIENTED_EDGE( '', *, *, #3740, .T. );
#3290 = ORIENTED_EDGE( '', *, *, #3741, .F. );
#3291 = ORIENTED_EDGE( '', *, *, #3398, .T. );
#3292 = CARTESIAN_POINT( '', ( -0.0239894442304700, -0.000655635229671600, -0.00202077365431200 ) );
#3293 = DIRECTION( '', ( 0.704014724455977, 0.000000000000000, -0.710185375623277 ) );
#3294 = DIRECTION( '', ( 0.000000000000000, -1.00000000000000, 0.000000000000000 ) );
#3295 = EDGE_CURVE( '', #3967, #3968, #3969, .T. );
#3296 = EDGE_CURVE( '', #3968, #3970, #3971, .T. );
#3297 = EDGE_CURVE( '', #3970, #3972, #3973, .T. );
#3298 = EDGE_CURVE( '', #3974, #3972, #3975, .T. );
#3299 = EDGE_CURVE( '', #3974, #3976, #3977, .T. );
#3300 = EDGE_CURVE( '', #3967, #3976, #3978, .T. );
#3301 = EDGE_CURVE( '', #3979, #3980, #3981, .T. );
#3302 = EDGE_CURVE( '', #3982, #3979, #3983, .T. );
#3303 = EDGE_CURVE( '', #3984, #3982, #3985, .T. );
#3304 = EDGE_CURVE( '', #3986, #3984, #3987, .T. );
#3305 = EDGE_CURVE( '', #3988, #3986, #3989, .T. );
#3306 = EDGE_CURVE( '', #3988, #3990, #3991, .T. );
#3307 = EDGE_CURVE( '', #3992, #3990, #3993, .T. );
#3308 = EDGE_CURVE( '', #3994, #3992, #3995, .T. );
#3309 = EDGE_CURVE( '', #3996, #3994, #3997, .T. );
#3310 = EDGE_CURVE( '', #3998, #3996, #3999, .T. );
#3311 = EDGE_CURVE( '', #4000, #3998, #4001, .T. );
#3312 = EDGE_CURVE( '', #4000, #3980, #4002, .T. );
#3313 = EDGE_CURVE( '', #4003, #4004, #4005, .T. );
#3314 = EDGE_CURVE( '', #4006, #4004, #4007, .T. );
#3315 = EDGE_CURVE( '', #4006, #3979, #4008, .T. );
#3316 = EDGE_CURVE( '', #4003, #3980, #4009, .T. );
#3317 = EDGE_CURVE( '', #4010, #4011, #4012, .T. );
#3318 = EDGE_CURVE( '', #4013, #4011, #4014, .T. );
#3319 = EDGE_CURVE( '', #4013, #4015, #4016, .T. );
#3320 = EDGE_CURVE( '', #4006, #4015, #4017, .T. );
#3321 = EDGE_CURVE( '', #4018, #4004, #4019, .T. );
#3322 = EDGE_CURVE( '', #4018, #4020, #4021, .T. );
#3323 = EDGE_CURVE( '', #4022, #4020, #4023, .T. );
#3324 = EDGE_CURVE( '', #4022, #4024, #4025, .T. );
#3325 = EDGE_CURVE( '', #4026, #4024, #4027, .T. );
#3326 = EDGE_CURVE( '', #4026, #4028, #4029, .T. );
#3327 = EDGE_CURVE( '', #4010, #4028, #4030, .T. );
#3328 = EDGE_CURVE( '', #4024, #3998, #4031, .T. );
#3329 = EDGE_CURVE( '', #4022, #4032, #4033, .T. );
#3330 = EDGE_CURVE( '', #4000, #4032, #4034, .T. );
#3331 = EDGE_CURVE( '', #4035, #3986, #4036, .T. );
#3332 = EDGE_CURVE( '', #4035, #4037, #4038, .T. );
#3333 = EDGE_CURVE( '', #3988, #4037, #4039, .F. );
#3334 = EDGE_CURVE( '', #4040, #4041, #4042, .T. );
#3335 = EDGE_CURVE( '', #4043, #4041, #4044, .T. );
#3336 = EDGE_CURVE( '', #4043, #4045, #4046, .T. );
#3337 = EDGE_CURVE( '', #4040, #4045, #4047, .T. );
#3338 = EDGE_CURVE( '', #4048, #4049, #4050, .T. );
#3339 = EDGE_CURVE( '', #4051, #4049, #4052, .T. );
#3340 = EDGE_CURVE( '', #4053, #4051, #4054, .T. );
#3341 = EDGE_CURVE( '', #4048, #4053, #4055, .T. );
#3342 = EDGE_CURVE( '', #4056, #4057, #4058, .T. );
#3343 = EDGE_CURVE( '', #4059, #4057, #4060, .T. );
#3344 = EDGE_CURVE( '', #4061, #4059, #4062, .T. );
#3345 = EDGE_CURVE( '', #4056, #4061, #4063, .T. );
#3346 = EDGE_CURVE( '', #4064, #4065, #4066, .T. );
#3347 = EDGE_CURVE( '', #4067, #4064, #4068, .T. );
#3348 = EDGE_CURVE( '', #4069, #4067, #4070, .T. );
#3349 = EDGE_CURVE( '', #4069, #4065, #4071, .T. );
#3350 = EDGE_CURVE( '', #4072, #4073, #4074, .T. );
#3351 = EDGE_CURVE( '', #4073, #4075, #4076, .T. );
#3352 = EDGE_CURVE( '', #4077, #4075, #4078, .T. );
#3353 = EDGE_CURVE( '', #4072, #4077, #4079, .T. );
#3354 = EDGE_CURVE( '', #4080, #4081, #4082, .T. );
#3355 = EDGE_CURVE( '', #4083, #4080, #4084, .T. );
#3356 = EDGE_CURVE( '', #4083, #4085, #4086, .T. );
#3357 = EDGE_CURVE( '', #4087, #4085, #4088, .T. );
#3358 = EDGE_CURVE( '', #4087, #4089, #4090, .T. );
#3359 = EDGE_CURVE( '', #4089, #4091, #4092, .F. );
#3360 = EDGE_CURVE( '', #4091, #4093, #4094, .T. );
#3361 = EDGE_CURVE( '', #4095, #4093, #4096, .T. );
#3362 = EDGE_CURVE( '', #4097, #4095, #4098, .T. );
#3363 = EDGE_CURVE( '', #4081, #4097, #4099, .T. );
#3364 = EDGE_CURVE( '', #4100, #4087, #4101, .T. );
#3365 = EDGE_CURVE( '', #4100, #4089, #4102, .T. );
#3366 = EDGE_CURVE( '', #4103, #4104, #4105, .T. );
#3367 = EDGE_CURVE( '', #4106, #4104, #4107, .T. );
#3368 = EDGE_CURVE( '', #4108, #4106, #4109, .T. );
#3369 = EDGE_CURVE( '', #4110, #4108, #4111, .T. );
#3370 = EDGE_CURVE( '', #4110, #3990, #4112, .T. );
#3371 = EDGE_CURVE( '', #4113, #4037, #4114, .T. );
#3372 = EDGE_CURVE( '', #4113, #4115, #4116, .T. );
#3373 = EDGE_CURVE( '', #4103, #4115, #4117, .T. );
#3374 = EDGE_CURVE( '', #4081, #4085, #4118, .T. );
#3375 = EDGE_CURVE( '', #4097, #4119, #4120, .T. );
#3376 = EDGE_CURVE( '', #4119, #4121, #4122, .T. );
#3377 = EDGE_CURVE( '', #4121, #4123, #4124, .T. );
#3378 = EDGE_CURVE( '', #4123, #4125, #4126, .T. );
#3379 = EDGE_CURVE( '', #4125, #4127, #4128, .T. );
#3380 = EDGE_CURVE( '', #4127, #4129, #4130, .T. );
#3381 = EDGE_CURVE( '', #4129, #4131, #4132, .T. );
#3382 = EDGE_CURVE( '', #4131, #4133, #4134, .T. );
#3383 = EDGE_CURVE( '', #4133, #4135, #4136, .T. );
#3384 = EDGE_CURVE( '', #4135, #4137, #4138, .T. );
#3385 = EDGE_CURVE( '', #4137, #4139, #4140, .T. );
#3386 = EDGE_CURVE( '', #4141, #4139, #4142, .T. );
#3387 = EDGE_CURVE( '', #4141, #4143, #4144, .T. );
#3388 = EDGE_CURVE( '', #4143, #4145, #4146, .T. );
#3389 = EDGE_CURVE( '', #4145, #4147, #4148, .T. );
#3390 = EDGE_CURVE( '', #4149, #4147, #4150, .T. );
#3391 = EDGE_CURVE( '', #4149, #4072, #4151, .T. );
#3392 = EDGE_CURVE( '', #4077, #4152, #4153, .T. );
#3393 = EDGE_CURVE( '', #4100, #4152, #4154, .T. );
#3394 = EDGE_CURVE( '', #4155, #4156, #4157, .T. );
#3395 = EDGE_CURVE( '', #4158, #4155, #4159, .T. );
#3396 = EDGE_CURVE( '', #4158, #4160, #4161, .T. );
#3397 = EDGE_CURVE( '', #4160, #4162, #4163, .T. );
#3398 = EDGE_CURVE( '', #4164, #4162, #4165, .T. );
#3399 = EDGE_CURVE( '', #4166, #4164, #4167, .T. );
#3400 = EDGE_CURVE( '', #4166, #4168, #4169, .T. );
#3401 = EDGE_CURVE( '', #4170, #4168, #4171, .T. );
#3402 = EDGE_CURVE( '', #4170, #4172, #4173, .T. );
#3403 = EDGE_CURVE( '', #4172, #4174, #4175, .T. );
#3404 = EDGE_CURVE( '', #4174, #4176, #4177, .T. );
#3405 = EDGE_CURVE( '', #4176, #4178, #4179, .T. );
#3406 = EDGE_CURVE( '', #4178, #4180, #4181, .T. );
#3407 = EDGE_CURVE( '', #4180, #4182, #4183, .T. );
#3408 = EDGE_CURVE( '', #4182, #4184, #4185, .T. );
#3409 = EDGE_CURVE( '', #4184, #4186, #4187, .T. );
#3410 = EDGE_CURVE( '', #4186, #4188, #4189, .T. );
#3411 = EDGE_CURVE( '', #4188, #4190, #4191, .T. );
#3412 = EDGE_CURVE( '', #4190, #4192, #4193, .T. );
#3413 = EDGE_CURVE( '', #4192, #4194, #4195, .T. );
#3414 = EDGE_CURVE( '', #4194, #4196, #4197, .T. );
#3415 = EDGE_CURVE( '', #4198, #4196, #4199, .T. );
#3416 = EDGE_CURVE( '', #4198, #4200, #4201, .T. );
#3417 = EDGE_CURVE( '', #4200, #4156, #4202, .T. );
#3418 = EDGE_CURVE( '', #4203, #4156, #4204, .T. );
#3419 = EDGE_CURVE( '', #4203, #4200, #4205, .T. );
#3420 = EDGE_CURVE( '', #4192, #4206, #4207, .T. );
#3421 = EDGE_CURVE( '', #4208, #4190, #4209, .T. );
#3422 = EDGE_CURVE( '', #4206, #4208, #4210, .T. );
#3423 = EDGE_CURVE( '', #4211, #4212, #4213, .T. );
#3424 = EDGE_CURVE( '', #4214, #4212, #4215, .T. );
#3425 = EDGE_CURVE( '', #4214, #4216, #4217, .T. );
#3426 = EDGE_CURVE( '', #4211, #4216, #4218, .T. );
#3427 = EDGE_CURVE( '', #4219, #4220, #4221, .T. );
#3428 = EDGE_CURVE( '', #4222, #4220, #4223, .T. );
#3429 = EDGE_CURVE( '', #4224, #4222, #4225, .T. );
#3430 = EDGE_CURVE( '', #4219, #4224, #4226, .T. );
#3431 = EDGE_CURVE( '', #4123, #4227, #4228, .T. );
#3432 = EDGE_CURVE( '', #4227, #4229, #4230, .T. );
#3433 = EDGE_CURVE( '', #4125, #4229, #4231, .T. );
#3434 = EDGE_CURVE( '', #4232, #4233, #4234, .T. );
#3435 = EDGE_CURVE( '', #4235, #4232, #4236, .T. );
#3436 = EDGE_CURVE( '', #4235, #4237, #4238, .T. );
#3437 = EDGE_CURVE( '', #4239, #4237, #4240, .T. );
#3438 = EDGE_CURVE( '', #4233, #4239, #4241, .T. );
#3439 = EDGE_CURVE( '', #4242, #4243, #4244, .T. );
#3440 = EDGE_CURVE( '', #4242, #4245, #4246, .T. );
#3441 = EDGE_CURVE( '', #4247, #4245, #4248, .T. );
#3442 = EDGE_CURVE( '', #4243, #4247, #4249, .T. );
#3443 = EDGE_CURVE( '', #4250, #4251, #4252, .T. );
#3444 = EDGE_CURVE( '', #4251, #4253, #4254, .T. );
#3445 = EDGE_CURVE( '', #4253, #4255, #4256, .T. );
#3446 = EDGE_CURVE( '', #4255, #4250, #4257, .T. );
#3447 = EDGE_CURVE( '', #4258, #4198, #4259, .T. );
#3448 = EDGE_CURVE( '', #4260, #4258, #4261, .T. );
#3449 = EDGE_CURVE( '', #4196, #4260, #4262, .T. );
#3450 = EDGE_CURVE( '', #4206, #4194, #4263, .T. );
#3451 = EDGE_CURVE( '', #4264, #4206, #4265, .T. );
#3452 = EDGE_CURVE( '', #4264, #4266, #4267, .T. );
#3453 = EDGE_CURVE( '', #4266, #4203, #4268, .T. );
#3454 = EDGE_CURVE( '', #4269, #4270, #4271, .T. );
#3455 = EDGE_CURVE( '', #4269, #4272, #4273, .T. );
#3456 = EDGE_CURVE( '', #4274, #4272, #4275, .T. );
#3457 = EDGE_CURVE( '', #4276, #4274, #4277, .T. );
#3458 = EDGE_CURVE( '', #4278, #4276, #4279, .T. );
#3459 = EDGE_CURVE( '', #4280, #4278, #4281, .T. );
#3460 = EDGE_CURVE( '', #4280, #4282, #4283, .T. );
#3461 = EDGE_CURVE( '', #4282, #4270, #4284, .T. );
#3462 = EDGE_CURVE( '', #4285, #4286, #4287, .T. );
#3463 = EDGE_CURVE( '', #4286, #4288, #4289, .T. );
#3464 = EDGE_CURVE( '', #4290, #4288, #4291, .T. );
#3465 = EDGE_CURVE( '', #4290, #4285, #4292, .T. );
#3466 = EDGE_CURVE( '', #4270, #4293, #4294, .T. );
#3467 = EDGE_CURVE( '', #4293, #4295, #4296, .T. );
#3468 = EDGE_CURVE( '', #4295, #4269, #4297, .T. );
#3469 = EDGE_CURVE( '', #4298, #4299, #4300, .T. );
#3470 = EDGE_CURVE( '', #4298, #4301, #4302, .T. );
#3471 = EDGE_CURVE( '', #4303, #4301, #4304, .T. );
#3472 = EDGE_CURVE( '', #4305, #4303, #4306, .T. );
#3473 = EDGE_CURVE( '', #4305, #4299, #4307, .T. );
#3474 = EDGE_CURVE( '', #4308, #4309, #4310, .T. );
#3475 = EDGE_CURVE( '', #4309, #4311, #4312, .T. );
#3476 = EDGE_CURVE( '', #4313, #4311, #4314, .T. );
#3477 = EDGE_CURVE( '', #4315, #4313, #4316, .T. );
#3478 = EDGE_CURVE( '', #4317, #4315, #4318, .T. );
#3479 = EDGE_CURVE( '', #4317, #4308, #4319, .T. );
#3480 = EDGE_CURVE( '', #4320, #4313, #4321, .T. );
#3481 = EDGE_CURVE( '', #4311, #4242, #4322, .T. );
#3482 = EDGE_CURVE( '', #4320, #4243, #4323, .T. );
#3483 = EDGE_CURVE( '', #4324, #4325, #4326, .T. );
#3484 = EDGE_CURVE( '', #4327, #4325, #4328, .T. );
#3485 = EDGE_CURVE( '', #4327, #4329, #4330, .T. );
#3486 = EDGE_CURVE( '', #4329, #4303, #4331, .T. );
#3487 = EDGE_CURVE( '', #4324, #4301, #4332, .T. );
#3488 = EDGE_CURVE( '', #4333, #4334, #4335, .T. );
#3489 = EDGE_CURVE( '', #4333, #4336, #4337, .T. );
#3490 = EDGE_CURVE( '', #4338, #4336, #4339, .T. );
#3491 = EDGE_CURVE( '', #4340, #4338, #4341, .T. );
#3492 = EDGE_CURVE( '', #4340, #4334, #4342, .T. );
#3493 = EDGE_CURVE( '', #4343, #4344, #4345, .T. );
#3494 = EDGE_CURVE( '', #4344, #4346, #4347, .T. );
#3495 = EDGE_CURVE( '', #4348, #4346, #4349, .T. );
#3496 = EDGE_CURVE( '', #4350, #4348, #4351, .T. );
#3497 = EDGE_CURVE( '', #4352, #4350, #4353, .T. );
#3498 = EDGE_CURVE( '', #4352, #4343, #4354, .T. );
#3499 = EDGE_CURVE( '', #4208, #4355, #4356, .T. );
#3500 = EDGE_CURVE( '', #4355, #4264, #4357, .T. );
#3501 = EDGE_CURVE( '', #4158, #4358, #4359, .T. );
#3502 = EDGE_CURVE( '', #4358, #4360, #4361, .T. );
#3503 = EDGE_CURVE( '', #4160, #4360, #4362, .T. );
#3504 = EDGE_CURVE( '', #4363, #4364, #4365, .T. );
#3505 = EDGE_CURVE( '', #4363, #4366, #4367, .T. );
#3506 = EDGE_CURVE( '', #4368, #4366, #4369, .T. );
#3507 = EDGE_CURVE( '', #4364, #4368, #4370, .T. );
#3508 = EDGE_CURVE( '', #4113, #4371, #4372, .T. );
#3509 = EDGE_CURVE( '', #4373, #4371, #4374, .T. );
#3510 = EDGE_CURVE( '', #4373, #4115, #4375, .T. );
#3511 = EDGE_CURVE( '', #4376, #4377, #4378, .T. );
#3512 = EDGE_CURVE( '', #4377, #4379, #4380, .T. );
#3513 = EDGE_CURVE( '', #4379, #4327, #4381, .T. );
#3514 = EDGE_CURVE( '', #4325, #4382, #4383, .T. );
#3515 = EDGE_CURVE( '', #4376, #4382, #4384, .T. );
#3516 = EDGE_CURVE( '', #4385, #4386, #4387, .T. );
#3517 = EDGE_CURVE( '', #4388, #4385, #4389, .T. );
#3518 = EDGE_CURVE( '', #4390, #4388, #4391, .T. );
#3519 = EDGE_CURVE( '', #4386, #4390, #4392, .T. );
#3520 = EDGE_CURVE( '', #4388, #4317, #4393, .T. );
#3521 = EDGE_CURVE( '', #4315, #4394, #4395, .T. );
#3522 = EDGE_CURVE( '', #4390, #4394, #4396, .T. );
#3523 = EDGE_CURVE( '', #4397, #4348, #4398, .T. );
#3524 = EDGE_CURVE( '', #4346, #4385, #4399, .T. );
#3525 = EDGE_CURVE( '', #4397, #4386, #4400, .T. );
#3526 = EDGE_CURVE( '', #4305, #4336, #4401, .T. );
#3527 = EDGE_CURVE( '', #4333, #4299, #4402, .T. );
#3528 = EDGE_CURVE( '', #4403, #4404, #4405, .T. );
#3529 = EDGE_CURVE( '', #4404, #4406, #4407, .T. );
#3530 = EDGE_CURVE( '', #4406, #4408, #4409, .T. );
#3531 = EDGE_CURVE( '', #4403, #4408, #4410, .T. );
#3532 = EDGE_CURVE( '', #4411, #4412, #4413, .T. );
#3533 = EDGE_CURVE( '', #4412, #4403, #4414, .T. );
#3534 = EDGE_CURVE( '', #4408, #4411, #4415, .T. );
#3535 = EDGE_CURVE( '', #4416, #4417, #4418, .T. );
#3536 = EDGE_CURVE( '', #4417, #4419, #4420, .T. );
#3537 = EDGE_CURVE( '', #4419, #4421, #4422, .T. );
#3538 = EDGE_CURVE( '', #4421, #4416, #4423, .T. );
#3539 = EDGE_CURVE( '', #4424, #4363, #4425, .T. );
#3540 = EDGE_CURVE( '', #4364, #4426, #4427, .T. );
#3541 = EDGE_CURVE( '', #4428, #4426, #4429, .T. );
#3542 = EDGE_CURVE( '', #4430, #4428, #4431, .T. );
#3543 = EDGE_CURVE( '', #4432, #4430, #4433, .T. );
#3544 = EDGE_CURVE( '', #4434, #4432, #4435, .T. );
#3545 = EDGE_CURVE( '', #4436, #4434, #4437, .T. );
#3546 = EDGE_CURVE( '', #4438, #4436, #4439, .T. );
#3547 = EDGE_CURVE( '', #4440, #4438, #4441, .T. );
#3548 = EDGE_CURVE( '', #4440, #4442, #4443, .T. );
#3549 = EDGE_CURVE( '', #4442, #4444, #4445, .T. );
#3550 = EDGE_CURVE( '', #4444, #4424, #4446, .T. );
#3551 = EDGE_CURVE( '', #4436, #4447, #4448, .T. );
#3552 = EDGE_CURVE( '', #4447, #4449, #4450, .T. );
#3553 = EDGE_CURVE( '', #4438, #4449, #4451, .T. );
#3554 = EDGE_CURVE( '', #4412, #4106, #4452, .T. );
#3555 = EDGE_CURVE( '', #4106, #4404, #4453, .T. );
#3556 = EDGE_CURVE( '', #4454, #4455, #4456, .T. );
#3557 = EDGE_CURVE( '', #4455, #4457, #4458, .T. );
#3558 = EDGE_CURVE( '', #4459, #4457, #4460, .T. );
#3559 = EDGE_CURVE( '', #4459, #4461, #4462, .T. );
#3560 = EDGE_CURVE( '', #4461, #4463, #4464, .T. );
#3561 = EDGE_CURVE( '', #4454, #4463, #4465, .T. );
#3562 = EDGE_CURVE( '', #4466, #4467, #4468, .T. );
#3563 = EDGE_CURVE( '', #4469, #4467, #4470, .T. );
#3564 = EDGE_CURVE( '', #4469, #4471, #4472, .T. );
#3565 = EDGE_CURVE( '', #4471, #4473, #4474, .T. );
#3566 = EDGE_CURVE( '', #4475, #4473, #4476, .T. );
#3567 = EDGE_CURVE( '', #4475, #4466, #4477, .T. );
#3568 = EDGE_CURVE( '', #4478, #4479, #4480, .T. );
#3569 = EDGE_CURVE( '', #4481, #4478, #4482, .T. );
#3570 = EDGE_CURVE( '', #4483, #4481, #4484, .T. );
#3571 = EDGE_CURVE( '', #4479, #4483, #4485, .T. );
#3572 = EDGE_CURVE( '', #4174, #4483, #4486, .T. );
#3573 = EDGE_CURVE( '', #4172, #4487, #4488, .T. );
#3574 = EDGE_CURVE( '', #4483, #4487, #4489, .T. );
#3575 = EDGE_CURVE( '', #4487, #4490, #4491, .T. );
#3576 = EDGE_CURVE( '', #4490, #4479, #4492, .T. );
#3577 = EDGE_CURVE( '', #4493, #4494, #4495, .T. );
#3578 = EDGE_CURVE( '', #4493, #4496, #4497, .T. );
#3579 = EDGE_CURVE( '', #4498, #4496, #4499, .T. );
#3580 = EDGE_CURVE( '', #4498, #4494, #4500, .T. );
#3581 = EDGE_CURVE( '', #4496, #4501, #4502, .T. );
#3582 = EDGE_CURVE( '', #4501, #4186, #4503, .T. );
#3583 = EDGE_CURVE( '', #4184, #4498, #4504, .T. );
#3584 = EDGE_CURVE( '', #4494, #4182, #4505, .T. );
#3585 = EDGE_CURVE( '', #4506, #4180, #4507, .T. );
#3586 = EDGE_CURVE( '', #4506, #4493, #4508, .T. );
#3587 = EDGE_CURVE( '', #4329, #4509, #4510, .T. );
#3588 = EDGE_CURVE( '', #4338, #4509, #4511, .T. );
#3589 = EDGE_CURVE( '', #4512, #4513, #4514, .T. );
#3590 = EDGE_CURVE( '', #4513, #4515, #4516, .T. );
#3591 = EDGE_CURVE( '', #4471, #4515, #4517, .T. );
#3592 = EDGE_CURVE( '', #4518, #4469, #4519, .T. );
#3593 = EDGE_CURVE( '', #4065, #4518, #4520, .T. );
#3594 = EDGE_CURVE( '', #4069, #4512, #4521, .T. );
#3595 = EDGE_CURVE( '', #4522, #4523, #4524, .T. );
#3596 = EDGE_CURVE( '', #4525, #4523, #4526, .T. );
#3597 = EDGE_CURVE( '', #4527, #4525, #4528, .T. );
#3598 = EDGE_CURVE( '', #4522, #4527, #4529, .T. );
#3599 = EDGE_CURVE( '', #4360, #4530, #4531, .T. );
#3600 = EDGE_CURVE( '', #4530, #4532, #4533, .T. );
#3601 = EDGE_CURVE( '', #4532, #4162, #4534, .T. );
#3602 = EDGE_CURVE( '', #4535, #4536, #4537, .T. );
#3603 = EDGE_CURVE( '', #4535, #4538, #4539, .T. );
#3604 = EDGE_CURVE( '', #4540, #4538, #4541, .T. );
#3605 = EDGE_CURVE( '', #4536, #4540, #4542, .T. );
#3606 = EDGE_CURVE( '', #4543, #4544, #4545, .T. );
#3607 = EDGE_CURVE( '', #4544, #4546, #4547, .T. );
#3608 = EDGE_CURVE( '', #4546, #4535, #4548, .T. );
#3609 = EDGE_CURVE( '', #4543, #4536, #4549, .T. );
#3610 = EDGE_CURVE( '', #4550, #4546, #4551, .T. );
#3611 = EDGE_CURVE( '', #4552, #4550, #4553, .T. );
#3612 = EDGE_CURVE( '', #4554, #4552, #4555, .T. );
#3613 = EDGE_CURVE( '', #4538, #4554, #4556, .T. );
#3614 = EDGE_CURVE( '', #4557, #4558, #4559, .T. );
#3615 = EDGE_CURVE( '', #4557, #4560, #4561, .T. );
#3616 = EDGE_CURVE( '', #4562, #4560, #4563, .T. );
#3617 = EDGE_CURVE( '', #4562, #4558, #4564, .T. );
#3618 = EDGE_CURVE( '', #4562, #4565, #4566, .T. );
#3619 = EDGE_CURVE( '', #4567, #4565, #4568, .T. );
#3620 = EDGE_CURVE( '', #4567, #3970, #4569, .T. );
#3621 = EDGE_CURVE( '', #3968, #4558, #4570, .T. );
#3622 = EDGE_CURVE( '', #4571, #4572, #4573, .T. );
#3623 = EDGE_CURVE( '', #4565, #4572, #4574, .T. );
#3624 = EDGE_CURVE( '', #4571, #4560, #4575, .T. );
#3625 = EDGE_CURVE( '', #4576, #4577, #4578, .T. );
#3626 = EDGE_CURVE( '', #4579, #4577, #4580, .T. );
#3627 = EDGE_CURVE( '', #4579, #4567, #4581, .T. );
#3628 = EDGE_CURVE( '', #4576, #4572, #4582, .T. );
#3629 = EDGE_CURVE( '', #4540, #4583, #4584, .T. );
#3630 = EDGE_CURVE( '', #4554, #4585, #4586, .T. );
#3631 = EDGE_CURVE( '', #4585, #4583, #4587, .T. );
#3632 = EDGE_CURVE( '', #4588, #4589, #4590, .T. );
#3633 = EDGE_CURVE( '', #4591, #4589, #4592, .T. );
#3634 = EDGE_CURVE( '', #4591, #4593, #4594, .T. );
#3635 = EDGE_CURVE( '', #4588, #4593, #4595, .T. );
#3636 = EDGE_CURVE( '', #4432, #4596, #4597, .T. );
#3637 = EDGE_CURVE( '', #4596, #4598, #4599, .T. );
#3638 = EDGE_CURVE( '', #4434, #4598, #4600, .T. );
#3639 = EDGE_CURVE( '', #4598, #4447, #4601, .T. );
#3640 = EDGE_CURVE( '', #4430, #4602, #4603, .T. );
#3641 = EDGE_CURVE( '', #4602, #4596, #4604, .T. );
#3642 = EDGE_CURVE( '', #4605, #4606, #4607, .T. );
#3643 = EDGE_CURVE( '', #4605, #4608, #4609, .T. );
#3644 = EDGE_CURVE( '', #4610, #4608, #4611, .T. );
#3645 = EDGE_CURVE( '', #4610, #4253, #4612, .T. );
#3646 = EDGE_CURVE( '', #4212, #4251, #4613, .T. );
#3647 = EDGE_CURVE( '', #4593, #4211, #4614, .T. );
#3648 = EDGE_CURVE( '', #4615, #4591, #4616, .T. );
#3649 = EDGE_CURVE( '', #4617, #4615, #4618, .T. );
#3650 = EDGE_CURVE( '', #4619, #4617, #4620, .T. );
#3651 = EDGE_CURVE( '', #4621, #4619, #4622, .T. );
#3652 = EDGE_CURVE( '', #4621, #4606, #4623, .T. );
#3653 = EDGE_CURVE( '', #4478, #4624, #4625, .T. );
#3654 = EDGE_CURVE( '', #4624, #4178, #4626, .T. );
#3655 = EDGE_CURVE( '', #4481, #4176, #4627, .T. );
#3656 = EDGE_CURVE( '', #4628, #4286, #4629, .T. );
#3657 = EDGE_CURVE( '', #4285, #4630, #4631, .T. );
#3658 = EDGE_CURVE( '', #4628, #4630, #4632, .T. );
#3659 = EDGE_CURVE( '', #4522, #4455, #4633, .T. );
#3660 = EDGE_CURVE( '', #4523, #4454, #4634, .T. );
#3661 = EDGE_CURVE( '', #4635, #4515, #4636, .T. );
#3662 = EDGE_CURVE( '', #4473, #4635, #4637, .T. );
#3663 = EDGE_CURVE( '', #4638, #4639, #4640, .T. );
#3664 = EDGE_CURVE( '', #4639, #4641, #4642, .T. );
#3665 = EDGE_CURVE( '', #4641, #4643, #4644, .T. );
#3666 = EDGE_CURVE( '', #4645, #4643, #4646, .T. );
#3667 = EDGE_CURVE( '', #4645, #4638, #4647, .T. );
#3668 = EDGE_CURVE( '', #4057, #4648, #4649, .T. );
#3669 = EDGE_CURVE( '', #4648, #4650, #4651, .T. );
#3670 = EDGE_CURVE( '', #4650, #4652, #4653, .T. );
#3671 = EDGE_CURVE( '', #4059, #4652, #4654, .T. );
#3672 = EDGE_CURVE( '', #4655, #4656, #4657, .T. );
#3673 = EDGE_CURVE( '', #4656, #4658, #4659, .T. );
#3674 = EDGE_CURVE( '', #4658, #4660, #4661, .T. );
#3675 = EDGE_CURVE( '', #4662, #4660, #4663, .T. );
#3676 = EDGE_CURVE( '', #4662, #4655, #4664, .T. );
#3677 = EDGE_CURVE( '', #4121, #4665, #4666, .T. );
#3678 = EDGE_CURVE( '', #4095, #4119, #4667, .T. );
#3679 = EDGE_CURVE( '', #4665, #4095, #4668, .T. );
#3680 = EDGE_CURVE( '', #4669, #4152, #4670, .T. );
#3681 = EDGE_CURVE( '', #4669, #4089, #4671, .T. );
#3682 = EDGE_CURVE( '', #4672, #4552, #4673, .T. );
#3683 = EDGE_CURVE( '', #4672, #4674, #4675, .T. );
#3684 = EDGE_CURVE( '', #4676, #4674, #4677, .T. );
#3685 = EDGE_CURVE( '', #4585, #4676, #4678, .T. );
#3686 = EDGE_CURVE( '', #4679, #4680, #4681, .T. );
#3687 = EDGE_CURVE( '', #4679, #4682, #4683, .T. );
#3688 = EDGE_CURVE( '', #4577, #4682, #4684, .T. );
#3689 = EDGE_CURVE( '', #4576, #4680, #4685, .T. );
#3690 = EDGE_CURVE( '', #4550, #4686, #4687, .T. );
#3691 = EDGE_CURVE( '', #4688, #4544, #4689, .T. );
#3692 = EDGE_CURVE( '', #4690, #4688, #4691, .T. );
#3693 = EDGE_CURVE( '', #4690, #4686, #4692, .T. );
#3694 = EDGE_CURVE( '', #4693, #4694, #4695, .T. );
#3695 = EDGE_CURVE( '', #4693, #4696, #4697, .T. );
#3696 = EDGE_CURVE( '', #4696, #4690, #4698, .T. );
#3697 = EDGE_CURVE( '', #4688, #4694, #4699, .T. );
#3698 = EDGE_CURVE( '', #4638, #4700, #4701, .T. );
#3699 = EDGE_CURVE( '', #4645, #4652, #4702, .T. );
#3700 = EDGE_CURVE( '', #4655, #4650, #4703, .T. );
#3701 = EDGE_CURVE( '', #4704, #4662, #4705, .T. );
#3702 = EDGE_CURVE( '', #4103, #4704, #4706, .T. );
#3703 = EDGE_CURVE( '', #4707, #4373, #4708, .T. );
#3704 = EDGE_CURVE( '', #4700, #4707, #4709, .T. );
#3705 = EDGE_CURVE( '', #4710, #4711, #4712, .T. );
#3706 = EDGE_CURVE( '', #4711, #4713, #4714, .T. );
#3707 = EDGE_CURVE( '', #4713, #4715, #4716, .T. );
#3708 = EDGE_CURVE( '', #4715, #4710, #4717, .T. );
#3709 = EDGE_CURVE( '', #4718, #4067, #4719, .T. );
#3710 = EDGE_CURVE( '', #4512, #4718, #4720, .T. );
#3711 = EDGE_CURVE( '', #4290, #4466, #4721, .T. );
#3712 = EDGE_CURVE( '', #4630, #4475, #4722, .T. );
#3713 = EDGE_CURVE( '', #4064, #4723, #4724, .T. );
#3714 = EDGE_CURVE( '', #4725, #4723, #4726, .T. );
#3715 = EDGE_CURVE( '', #4725, #4727, #4728, .T. );
#3716 = EDGE_CURVE( '', #4727, #4628, #4729, .T. );
#3717 = EDGE_CURVE( '', #4635, #4730, #4731, .T. );
#3718 = EDGE_CURVE( '', #4730, #4718, #4732, .T. );
#3719 = EDGE_CURVE( '', #4166, #4733, #4734, .T. );
#3720 = EDGE_CURVE( '', #4733, #4735, #4736, .T. );
#3721 = EDGE_CURVE( '', #4735, #4168, #4737, .T. );
#3722 = EDGE_CURVE( '', #4738, #4735, #4739, .T. );
#3723 = EDGE_CURVE( '', #4738, #4740, #4741, .T. );
#3724 = EDGE_CURVE( '', #4740, #4170, #4742, .T. );
#3725 = EDGE_CURVE( '', #4530, #4743, #4744, .T. );
#3726 = EDGE_CURVE( '', #4745, #4358, #4746, .T. );
#3727 = EDGE_CURVE( '', #4266, #4745, #4747, .T. );
#3728 = EDGE_CURVE( '', #4748, #4355, #4749, .T. );
#3729 = EDGE_CURVE( '', #4501, #4748, #4750, .T. );
#3730 = EDGE_CURVE( '', #4624, #4506, #4751, .T. );
#3731 = EDGE_CURVE( '', #4738, #4490, #4752, .T. );
#3732 = EDGE_CURVE( '', #4743, #4733, #4753, .T. );
#3733 = EDGE_CURVE( '', #4247, #4754, #4755, .T. );
#3734 = EDGE_CURVE( '', #4754, #4397, #4756, .T. );
#3735 = EDGE_CURVE( '', #4394, #4320, #4757, .T. );
#3736 = EDGE_CURVE( '', #4487, #4740, #4758, .T. );
#3737 = EDGE_CURVE( '', #4759, #4745, #4760, .T. );
#3738 = EDGE_CURVE( '', #4203, #4759, #4761, .T. );
#3739 = EDGE_CURVE( '', #4762, #4743, #4763, .T. );
#3740 = EDGE_CURVE( '', #4532, #4762, #4764, .T. );
#3741 = EDGE_CURVE( '', #4164, #4762, #4765, .T. );
#3742 = EDGE_CURVE( '', #4245, #4352, #4766, .T. );
#3743 = EDGE_CURVE( '', #4350, #4754, #4767, .T. );
#3744 = EDGE_CURVE( '', #4015, #3982, #4768, .T. );
#3745 = EDGE_CURVE( '', #4769, #3994, #4770, .T. );
#3746 = EDGE_CURVE( '', #4769, #4028, #4771, .T. );
#3747 = EDGE_CURVE( '', #4026, #3996, #4772, .T. );
#3748 = EDGE_CURVE( '', #4769, #4773, #4774, .T. );
#3749 = EDGE_CURVE( '', #4010, #4773, #4775, .T. );
#3750 = EDGE_CURVE( '', #4776, #4777, #4778, .T. );
#3751 = EDGE_CURVE( '', #4288, #4776, #4779, .T. );
#3752 = EDGE_CURVE( '', #4727, #4293, #4780, .T. );
#3753 = EDGE_CURVE( '', #4781, #4282, #4782, .T. );
#3754 = EDGE_CURVE( '', #4783, #4781, #4784, .T. );
#3755 = EDGE_CURVE( '', #4783, #4011, #4785, .T. );
#3756 = EDGE_CURVE( '', #4777, #4773, #4786, .T. );
#3757 = EDGE_CURVE( '', #4787, #4788, #4789, .T. );
#3758 = EDGE_CURVE( '', #4790, #4788, #4791, .T. );
#3759 = EDGE_CURVE( '', #4790, #4792, #4793, .T. );
#3760 = EDGE_CURVE( '', #4787, #4792, #4794, .T. );
#3761 = EDGE_CURVE( '', #4274, #4518, #4795, .T. );
#3762 = EDGE_CURVE( '', #4272, #4723, #4796, .T. );
#3763 = EDGE_CURVE( '', #4715, #4416, #4797, .T. );
#3764 = EDGE_CURVE( '', #4421, #4710, #4798, .T. );
#3765 = EDGE_CURVE( '', #4711, #4419, #4799, .T. );
#3766 = EDGE_CURVE( '', #4417, #4713, #4800, .T. );
#3767 = EDGE_CURVE( '', #4280, #4801, #4802, .T. );
#3768 = EDGE_CURVE( '', #4781, #4801, #4803, .T. );
#3769 = EDGE_CURVE( '', #4219, #4804, #4805, .T. );
#3770 = EDGE_CURVE( '', #4806, #4804, #4807, .T. );
#3771 = EDGE_CURVE( '', #4220, #4806, #4808, .T. );
#3772 = EDGE_CURVE( '', #3972, #4579, #4809, .T. );
#3773 = EDGE_CURVE( '', #4810, #4704, #4811, .T. );
#3774 = EDGE_CURVE( '', #4810, #4104, #4812, .T. );
#3775 = EDGE_CURVE( '', #4224, #4813, #4814, .T. );
#3776 = EDGE_CURVE( '', #4815, #4222, #4816, .T. );
#3777 = EDGE_CURVE( '', #4813, #4815, #4817, .T. );
#3778 = EDGE_CURVE( '', #4818, #4815, #4819, .T. );
#3779 = EDGE_CURVE( '', #4818, #4820, #4821, .T. );
#3780 = EDGE_CURVE( '', #4813, #4820, #4822, .T. );
#3781 = EDGE_CURVE( '', #4823, #4255, #4824, .T. );
#3782 = EDGE_CURVE( '', #4823, #4610, #4825, .T. );
#3783 = EDGE_CURVE( '', #4826, #4676, #4827, .T. );
#3784 = EDGE_CURVE( '', #4583, #4826, #4828, .T. );
#3785 = EDGE_CURVE( '', #4829, #4669, #4830, .T. );
#3786 = EDGE_CURVE( '', #4829, #4091, #4831, .T. );
#3787 = EDGE_CURVE( '', #4571, #4680, #4832, .T. );
#3788 = EDGE_CURVE( '', #4833, #4834, #4835, .T. );
#3789 = EDGE_CURVE( '', #4833, #4382, #4836, .T. );
#3790 = EDGE_CURVE( '', #4324, #4834, #4837, .T. );
#3791 = EDGE_CURVE( '', #4838, #3974, #4839, .T. );
#3792 = EDGE_CURVE( '', #4838, #4682, #4840, .T. );
#3793 = EDGE_CURVE( '', #4841, #4608, #4842, .T. );
#3794 = EDGE_CURVE( '', #4605, #4843, #4844, .T. );
#3795 = EDGE_CURVE( '', #4841, #4843, #4845, .T. );
#3796 = EDGE_CURVE( '', #4018, #4846, #4847, .T. );
#3797 = EDGE_CURVE( '', #4846, #4003, #4848, .T. );
#3798 = EDGE_CURVE( '', #4053, #4040, #4849, .T. );
#3799 = EDGE_CURVE( '', #4041, #4051, #4850, .T. );
#3800 = EDGE_CURVE( '', #4851, #3976, #4852, .T. );
#3801 = EDGE_CURVE( '', #4851, #4853, #4854, .T. );
#3802 = EDGE_CURVE( '', #3967, #4853, #4855, .T. );
#3803 = EDGE_CURVE( '', #4856, #4857, #4858, .T. );
#3804 = EDGE_CURVE( '', #4776, #4857, #4859, .T. );
#3805 = EDGE_CURVE( '', #4856, #4777, #4860, .T. );
#3806 = EDGE_CURVE( '', #4820, #4861, #4862, .T. );
#3807 = EDGE_CURVE( '', #4863, #4861, #4864, .T. );
#3808 = EDGE_CURVE( '', #4865, #4863, #4866, .T. );
#3809 = EDGE_CURVE( '', #4804, #4865, #4867, .T. );
#3810 = EDGE_CURVE( '', #4406, #4108, #4868, .T. );
#3811 = EDGE_CURVE( '', #4810, #4869, #4870, .T. );
#3812 = EDGE_CURVE( '', #4110, #4869, #4871, .T. );
#3813 = EDGE_CURVE( '', #4232, #4617, #4872, .T. );
#3814 = EDGE_CURVE( '', #4235, #4615, #4873, .T. );
#3815 = EDGE_CURVE( '', #4874, #4700, #4875, .T. );
#3816 = EDGE_CURVE( '', #4874, #4639, #4876, .T. );
#3817 = EDGE_CURVE( '', #4877, #4878, #4879, .T. );
#3818 = EDGE_CURVE( '', #4049, #4877, #4880, .T. );
#3819 = EDGE_CURVE( '', #4048, #4878, #4881, .T. );
#3820 = EDGE_CURVE( '', #4660, #4621, #4882, .T. );
#3821 = EDGE_CURVE( '', #4658, #4606, #4883, .T. );
#3822 = EDGE_CURVE( '', #4143, #4884, #4885, .T. );
#3823 = EDGE_CURVE( '', #4884, #4886, #4887, .T. );
#3824 = EDGE_CURVE( '', #4145, #4886, #4888, .T. );
#3825 = EDGE_CURVE( '', #4886, #4889, #4890, .T. );
#3826 = EDGE_CURVE( '', #4889, #4891, #4892, .T. );
#3827 = EDGE_CURVE( '', #4891, #4147, #4893, .T. );
#3828 = EDGE_CURVE( '', #4894, #4884, #4895, .T. );
#3829 = EDGE_CURVE( '', #4141, #4896, #4897, .T. );
#3830 = EDGE_CURVE( '', #4896, #4894, #4898, .T. );
#3831 = EDGE_CURVE( '', #4899, #4894, #4900, .T. );
#3832 = EDGE_CURVE( '', #4901, #4896, #4902, .T. );
#3833 = EDGE_CURVE( '', #4899, #4901, #4903, .T. );
#3834 = EDGE_CURVE( '', #4139, #4901, #4904, .T. );
#3835 = EDGE_CURVE( '', #4889, #4905, #4906, .T. );
#3836 = EDGE_CURVE( '', #4907, #4905, #4908, .T. );
#3837 = EDGE_CURVE( '', #4891, #4907, #4909, .T. );
#3838 = EDGE_CURVE( '', #4075, #4829, #4910, .T. );
#3839 = EDGE_CURVE( '', #4905, #4073, #4911, .T. );
#3840 = EDGE_CURVE( '', #4912, #4899, #4913, .T. );
#3841 = EDGE_CURVE( '', #4914, #4912, #4915, .T. );
#3842 = EDGE_CURVE( '', #4916, #4914, #4917, .T. );
#3843 = EDGE_CURVE( '', #4918, #4916, #4919, .T. );
#3844 = EDGE_CURVE( '', #4920, #4918, #4921, .T. );
#3845 = EDGE_CURVE( '', #4922, #4920, #4923, .T. );
#3846 = EDGE_CURVE( '', #4229, #4922, #4924, .T. );
#3847 = EDGE_CURVE( '', #4925, #4227, #4926, .T. );
#3848 = EDGE_CURVE( '', #4093, #4925, #4927, .T. );
#3849 = EDGE_CURVE( '', #4826, #4928, #4929, .T. );
#3850 = EDGE_CURVE( '', #4928, #4693, #4930, .T. );
#3851 = EDGE_CURVE( '', #4694, #4543, #4931, .T. );
#3852 = EDGE_CURVE( '', #4149, #4907, #4932, .T. );
#3853 = EDGE_CURVE( '', #4933, #4934, #4935, .T. );
#3854 = EDGE_CURVE( '', #4250, #4933, #4936, .T. );
#3855 = EDGE_CURVE( '', #4823, #4934, #4937, .T. );
#3856 = EDGE_CURVE( '', #4861, #4938, #4939, .T. );
#3857 = EDGE_CURVE( '', #4818, #4938, #4940, .T. );
#3858 = EDGE_CURVE( '', #4444, #4941, #4942, .T. );
#3859 = EDGE_CURVE( '', #4943, #4941, #4944, .T. );
#3860 = EDGE_CURVE( '', #4424, #4943, #4945, .T. );
#3861 = EDGE_CURVE( '', #4946, #4368, #4947, .T. );
#3862 = EDGE_CURVE( '', #4426, #4946, #4948, .T. );
#3863 = EDGE_CURVE( '', #4925, #4665, #4949, .T. );
#3864 = EDGE_CURVE( '', #4442, #4950, #4951, .T. );
#3865 = EDGE_CURVE( '', #4941, #4950, #4952, .T. );
#3866 = EDGE_CURVE( '', #4953, #4602, #4954, .T. );
#3867 = EDGE_CURVE( '', #4946, #4953, #4955, .T. );
#3868 = EDGE_CURVE( '', #4366, #4943, #4956, .T. );
#3869 = EDGE_CURVE( '', #4950, #4957, #4958, .T. );
#3870 = EDGE_CURVE( '', #4449, #4957, #4959, .T. );
#3871 = EDGE_CURVE( '', #4440, #4957, #4960, .T. );
#3872 = EDGE_CURVE( '', #4961, #4278, #4962, .T. );
#3873 = EDGE_CURVE( '', #4801, #4961, #4963, .T. );
#3874 = EDGE_CURVE( '', #4964, #4276, #4965, .T. );
#3875 = EDGE_CURVE( '', #4964, #4966, #4967, .T. );
#3876 = EDGE_CURVE( '', #4966, #4968, #4969, .T. );
#3877 = EDGE_CURVE( '', #4961, #4968, #4970, .T. );
#3878 = EDGE_CURVE( '', #4792, #4966, #4971, .T. );
#3879 = EDGE_CURVE( '', #4790, #4968, #4972, .T. );
#3880 = EDGE_CURVE( '', #4527, #4787, #4973, .T. );
#3881 = EDGE_CURVE( '', #4457, #4964, #4974, .T. );
#3882 = EDGE_CURVE( '', #4922, #4975, #4976, .T. );
#3883 = EDGE_CURVE( '', #4975, #4127, #4977, .T. );
#3884 = EDGE_CURVE( '', #4978, #4979, #4980, .T. );
#3885 = EDGE_CURVE( '', #4863, #4979, #4981, .T. );
#3886 = EDGE_CURVE( '', #4982, #4938, #4983, .T. );
#3887 = EDGE_CURVE( '', #4982, #4978, #4984, .T. );
#3888 = EDGE_CURVE( '', #4467, #4459, #4985, .T. );
#3889 = EDGE_CURVE( '', #4032, #4986, #4987, .T. );
#3890 = EDGE_CURVE( '', #4986, #4846, #4988, .T. );
#3891 = EDGE_CURVE( '', #4857, #4461, #4989, .T. );
#3892 = EDGE_CURVE( '', #4748, #4188, #4990, .T. );
#3893 = EDGE_CURVE( '', #4843, #4874, #4991, .T. );
#3894 = EDGE_CURVE( '', #4648, #4656, #4992, .T. );
#3895 = EDGE_CURVE( '', #4056, #4993, #4994, .T. );
#3896 = EDGE_CURVE( '', #4641, #4993, #4995, .T. );
#3897 = EDGE_CURVE( '', #4996, #4643, #4997, .T. );
#3898 = EDGE_CURVE( '', #4996, #4061, #4998, .T. );
#3899 = EDGE_CURVE( '', #4986, #4020, #4999, .T. );
#3900 = EDGE_CURVE( '', #4686, #4672, #5000, .T. );
#3901 = EDGE_CURVE( '', #4674, #5001, #5002, .T. );
#3902 = EDGE_CURVE( '', #5001, #4928, #5003, .T. );
#3903 = EDGE_CURVE( '', #4129, #5004, #5005, .T. );
#3904 = EDGE_CURVE( '', #5004, #4975, #5006, .T. );
#3905 = EDGE_CURVE( '', #5004, #4920, #5007, .T. );
#3906 = EDGE_CURVE( '', #4918, #4131, #5008, .T. );
#3907 = EDGE_CURVE( '', #4914, #5009, #5010, .T. );
#3908 = EDGE_CURVE( '', #4912, #5011, #5012, .T. );
#3909 = EDGE_CURVE( '', #5011, #5009, #5013, .T. );
#3910 = EDGE_CURVE( '', #4901, #5011, #5014, .T. );
#3911 = EDGE_CURVE( '', #4137, #5011, #5015, .T. );
#3912 = EDGE_CURVE( '', #5009, #4135, #5016, .T. );
#3913 = EDGE_CURVE( '', #4133, #4916, #5017, .T. );
#3914 = EDGE_CURVE( '', #4155, #4759, #5018, .T. );
#3915 = EDGE_CURVE( '', #5019, #5020, #5021, .T. );
#3916 = EDGE_CURVE( '', #5020, #5022, #5023, .T. );
#3917 = EDGE_CURVE( '', #5022, #5024, #5025, .T. );
#3918 = EDGE_CURVE( '', #5024, #4865, #5026, .T. );
#3919 = EDGE_CURVE( '', #4979, #5027, #5028, .T. );
#3920 = EDGE_CURVE( '', #5027, #5019, #5029, .T. );
#3921 = EDGE_CURVE( '', #4838, #5030, #5031, .T. );
#3922 = EDGE_CURVE( '', #4851, #5030, #5032, .T. );
#3923 = EDGE_CURVE( '', #4619, #4233, #5033, .T. );
#3924 = EDGE_CURVE( '', #4841, #4707, #5034, .T. );
#3925 = EDGE_CURVE( '', #4833, #5035, #5036, .T. );
#3926 = EDGE_CURVE( '', #4376, #5035, #5037, .T. );
#3927 = EDGE_CURVE( '', #5038, #5035, #5039, .T. );
#3928 = EDGE_CURVE( '', #5038, #5040, #5041, .T. );
#3929 = EDGE_CURVE( '', #4377, #5040, #5042, .T. );
#3930 = EDGE_CURVE( '', #4340, #5040, #5043, .T. );
#3931 = EDGE_CURVE( '', #5038, #4334, #5044, .T. );
#3932 = EDGE_CURVE( '', #4725, #4295, #5045, .T. );
#3933 = EDGE_CURVE( '', #4509, #4379, #5046, .T. );
#3934 = EDGE_CURVE( '', #4108, #4411, #5047, .T. );
#3935 = EDGE_CURVE( '', #5048, #5049, #5050, .T. );
#3936 = EDGE_CURVE( '', #4589, #5048, #5051, .T. );
#3937 = EDGE_CURVE( '', #4588, #5049, #5052, .T. );
#3938 = EDGE_CURVE( '', #5024, #5048, #5053, .T. );
#3939 = EDGE_CURVE( '', #4806, #5049, #5054, .T. );
#3940 = EDGE_CURVE( '', #5001, #4696, #5055, .T. );
#3941 = EDGE_CURVE( '', #4679, #5030, #5056, .T. );
#3942 = EDGE_CURVE( '', #4216, #4982, #5057, .T. );
#3943 = EDGE_CURVE( '', #4856, #4463, #5058, .T. );
#3944 = EDGE_CURVE( '', #4035, #4371, #5059, .T. );
#3945 = EDGE_CURVE( '', #3984, #5060, #5061, .T. );
#3946 = EDGE_CURVE( '', #4783, #5060, #5062, .T. );
#3947 = EDGE_CURVE( '', #4788, #4525, #5063, .T. );
#3948 = EDGE_CURVE( '', #3992, #4869, #5064, .F. );
#3949 = EDGE_CURVE( '', #4239, #5065, #5066, .T. );
#3950 = EDGE_CURVE( '', #5065, #4043, #5067, .T. );
#3951 = EDGE_CURVE( '', #4877, #4934, #5068, .T. );
#3952 = EDGE_CURVE( '', #4557, #4853, #5069, .T. );
#3953 = EDGE_CURVE( '', #4298, #4834, #5070, .T. );
#3954 = EDGE_CURVE( '', #4237, #5022, #5071, .T. );
#3955 = EDGE_CURVE( '', #5027, #4933, #5072, .T. );
#3956 = EDGE_CURVE( '', #4214, #4978, #5073, .T. );
#3957 = EDGE_CURVE( '', #4513, #4730, #5074, .T. );
#3958 = EDGE_CURVE( '', #4343, #4309, #5075, .T. );
#3959 = EDGE_CURVE( '', #4308, #4344, #5076, .T. );
#3960 = EDGE_CURVE( '', #4878, #5019, #5077, .T. );
#3961 = EDGE_CURVE( '', #4428, #4953, #5078, .T. );
#3962 = EDGE_CURVE( '', #4013, #5060, #5079, .T. );
#3963 = EDGE_CURVE( '', #5080, #5065, #5081, .T. );
#3964 = EDGE_CURVE( '', #5080, #4045, #5082, .T. );
#3965 = EDGE_CURVE( '', #5020, #5080, #5083, .T. );
#3966 = EDGE_CURVE( '', #4996, #4993, #5084, .T. );
#3967 = VERTEX_POINT( '', #5085 );
#3968 = VERTEX_POINT( '', #5086 );
#3969 = B_SPLINE_CURVE_WITH_KNOTS( '', 2, ( #5087, #5088, #5089 ), .UNSPECIFIED., .F., .F., ( 3, 3 ), ( 0.000000000000000, 1.00000000000000 ), .UNSPECIFIED. );
#3970 = VERTEX_POINT( '', #5090 );
#3971 = LINE( '', #5091, #5092 );
#3972 = VERTEX_POINT( '', #5093 );
#3973 = LINE( '', #5094, #5095 );
#3974 = VERTEX_POINT( '', #5096 );
#3975 = LINE( '', #5097, #5098 );
#3976 = VERTEX_POINT( '', #5099 );
#3977 = B_SPLINE_CURVE_WITH_KNOTS( '', 2, ( #5100, #5101, #5102 ), .UNSPECIFIED., .F., .F., ( 3, 3 ), ( 0.000000000000000, 1.00000000000000 ), .UNSPECIFIED. );
#3978 = LINE( '', #5103, #5104 );
#3979 = VERTEX_POINT( '', #5105 );
#3980 = VERTEX_POINT( '', #5106 );
#3981 = LINE( '', #5107, #5108 );
#3982 = VERTEX_POINT( '', #5109 );
#3983 = LINE( '', #5110, #5111 );
#3984 = VERTEX_POINT( '', #5112 );
#3985 = LINE( '', #5113, #5114 );
#3986 = VERTEX_POINT( '', #5115 );
#3987 = B_SPLINE_CURVE_WITH_KNOTS( '', 1, ( #5116, #5117 ), .UNSPECIFIED., .F., .F., ( 2, 2 ), ( 0.000000000000000, 1.00000000000000 ), .UNSPECIFIED. );
#3988 = VERTEX_POINT( '', #5118 );
#3989 = B_SPLINE_CURVE_WITH_KNOTS( '', 3, ( #5119, #5120, #5121, #5122 ), .UNSPECIFIED., .F., .F., ( 4, 4 ), ( 0.000000000000000, 1.00000000000000 ), .UNSPECIFIED. );
#3990 = VERTEX_POINT( '', #5123 );
#3991 = LINE( '', #5124, #5125 );
#3992 = VERTEX_POINT( '', #5126 );
#3993 = B_SPLINE_CURVE_WITH_KNOTS( '', 3, ( #5127, #5128, #5129, #5130 ), .UNSPECIFIED., .F., .F., ( 4, 4 ), ( 0.000000000000000, 1.00000000000000 ), .UNSPECIFIED. );
#3994 = VERTEX_POINT( '', #5131 );
#3995 = B_SPLINE_CURVE_WITH_KNOTS( '', 1, ( #5132, #5133 ), .UNSPECIFIED., .F., .F., ( 2, 2 ), ( 0.000000000000000, 1.00000000000000 ), .UNSPECIFIED. );
#3996 = VERTEX_POINT( '', #5134 );
#3997 = LINE( '', #5135, #5136 );
#3998 = VERTEX_POINT( '', #5137 );
#3999 = LINE( '', #5138, #5139 );
#4000 = VERTEX_POINT( '', #5140 );
#4001 = LINE( '', #5141, #5142 );
#4002 = LINE( '', #5143, #5144 );
#4003 = VERTEX_POINT( '', #5145 );
#4004 = VERTEX_POINT( '', #5146 );
#4005 = LINE( '', #5147, #5148 );
#4006 = VERTEX_POINT( '', #5149 );
#4007 = B_SPLINE_CURVE_WITH_KNOTS( '', 2, ( #5150, #5151, #5152 ), .UNSPECIFIED., .F., .F., ( 3, 3 ), ( 0.000000000000000, 1.00000000000000 ), .UNSPECIFIED. );
#4008 = B_SPLINE_CURVE_WITH_KNOTS( '', 3, ( #5153, #5154, #5155, #5156, #5157, #5158, #5159, #5160 ), .UNSPECIFIED., .F., .F., ( 4, 1, 1, 1, 1, 4 ), ( 0.000000000000000, 0.137419985522639, 0.289567998054547, 0.456748667506486, 0.680960241970960, 1.00000000000000 ), .UNSPECIFIED. );
#4009 = CIRCLE( '', #5161, 0.000400000000000000 );
#4010 = VERTEX_POINT( '', #5162 );
#4011 = VERTEX_POINT( '', #5163 );
#4012 = B_SPLINE_CURVE_WITH_KNOTS( '', 2, ( #5164, #5165, #5166, #5167, #5168, #5169, #5170, #5171, #5172, #5173, #5174, #5175, #5176, #5177, #5178, #5179, #5180 ), .UNSPECIFIED., .F., .F., ( 3, 2, 2, 2, 2, 2, 2, 2, 3 ), ( 0.000000000000000, 0.125000000000000, 0.250000000000000, 0.375000000000000, 0.500000000000000, 0.625000000000000, 0.750000000000000, 0.875000000000000, 1.00000000000000 ), .UNSPECIFIED. );
#4013 = VERTEX_POINT( '', #5181 );
#4014 = LINE( '', #5182, #5183 );
#4015 = VERTEX_POINT( '', #5184 );
#4016 = B_SPLINE_CURVE_WITH_KNOTS( '', 2, ( #5185, #5186, #5187, #5188, #5189 ), .UNSPECIFIED., .F., .F., ( 3, 2, 3 ), ( 0.000000000000000, 0.500000000000000, 1.00000000000000 ), .UNSPECIFIED. );
#4017 = LINE( '', #5190, #5191 );
#4018 = VERTEX_POINT( '', #5192 );
#4019 = LINE( '', #5193, #5194 );
#4020 = VERTEX_POINT( '', #5195 );
#4021 = B_SPLINE_CURVE_WITH_KNOTS( '', 2, ( #5196, #5197, #5198, #5199, #5200, #5201, #5202, #5203, #5204, #5205, #5206, #5207, #5208, #5209, #5210, #5211, #5212 ), .UNSPECIFIED., .F., .F., ( 3, 2, 2, 2, 2, 2, 2, 2, 3 ), ( 0.000000000000000, 0.125000000000000, 0.250000000000000, 0.375000000000000, 0.500000000000000, 0.625000000000000, 0.750000000000000, 0.875000000000000, 1.00000000000000 ), .UNSPECIFIED. );
#4022 = VERTEX_POINT( '', #5213 );
#4023 = LINE( '', #5214, #5215 );
#4024 = VERTEX_POINT( '', #5216 );
#4025 = B_SPLINE_CURVE_WITH_KNOTS( '', 2, ( #5217, #5218, #5219 ), .UNSPECIFIED., .F., .F., ( 3, 3 ), ( 0.000000000000000, 1.00000000000000 ), .UNSPECIFIED. );
#4026 = VERTEX_POINT( '', #5220 );
#4027 = LINE( '', #5221, #5222 );
#4028 = VERTEX_POINT( '', #5223 );
#4029 = B_SPLINE_CURVE_WITH_KNOTS( '', 2, ( #5224, #5225, #5226, #5227, #5228 ), .UNSPECIFIED., .F., .F., ( 3, 2, 3 ), ( 0.000000000000000, 0.500000000000000, 1.00000000000000 ), .UNSPECIFIED. );
#4030 = LINE( '', #5229, #5230 );
#4031 = B_SPLINE_CURVE_WITH_KNOTS( '', 3, ( #5231, #5232, #5233, #5234, #5235, #5236, #5237, #5238 ), .UNSPECIFIED., .F., .F., ( 4, 1, 1, 1, 1, 4 ), ( 0.000000000000000, 0.137504815188332, 0.289816937976559, 0.457319194386729, 0.681296083258490, 1.00000000000000 ), .UNSPECIFIED. );
#4032 = VERTEX_POINT( '', #5239 );
#4033 = LINE( '', #5240, #5241 );
#4034 = CIRCLE( '', #5242, 0.000400000000000000 );
#4035 = VERTEX_POINT( '', #5243 );
#4036 = CIRCLE( '', #5244, 0.000500000000000000 );
#4037 = VERTEX_POINT( '', #5245 );
#4038 = LINE( '', #5246, #5247 );
#4039 = CIRCLE( '', #5248, 0.000500000000000000 );
#4040 = VERTEX_POINT( '', #5249 );
#4041 = VERTEX_POINT( '', #5250 );
#4042 = LINE( '', #5251, #5252 );
#4043 = VERTEX_POINT( '', #5253 );
#4044 = CIRCLE( '', #5254, 0.000100000000000000 );
#4045 = VERTEX_POINT( '', #5255 );
#4046 = LINE( '', #5256, #5257 );
#4047 = B_SPLINE_CURVE_WITH_KNOTS( '', 3, ( #5258, #5259, #5260, #5261, #5262, #5263, #5264, #5265, #5266, #5267 ), .UNSPECIFIED., .F., .F., ( 4, 1, 1, 1, 1, 1, 1, 4 ), ( 0.000000000000000, 0.0592572328037504, 0.122314962706180, 0.193349184614574, 0.300637951716097, 0.425961681202693, 0.693675717500374, 1.00000000000000 ), .UNSPECIFIED. );
#4048 = VERTEX_POINT( '', #5268 );
#4049 = VERTEX_POINT( '', #5269 );
#4050 = LINE( '', #5270, #5271 );
#4051 = VERTEX_POINT( '', #5272 );
#4052 = CIRCLE( '', #5273, 0.000100000000000000 );
#4053 = VERTEX_POINT( '', #5274 );
#4054 = LINE( '', #5275, #5276 );
#4055 = B_SPLINE_CURVE_WITH_KNOTS( '', 3, ( #5277, #5278, #5279, #5280, #5281, #5282, #5283, #5284, #5285 ), .UNSPECIFIED., .F., .F., ( 4, 1, 1, 1, 1, 1, 4 ), ( 0.000000000000000, 0.306484993634116, 0.574409044725622, 0.699772385230281, 0.807188603565285, 0.910300389560039, 1.00000000000000 ), .UNSPECIFIED. );
#4056 = VERTEX_POINT( '', #5286 );
#4057 = VERTEX_POINT( '', #5287 );
#4058 = LINE( '', #5288, #5289 );
#4059 = VERTEX_POINT( '', #5290 );
#4060 = LINE( '', #5291, #5292 );
#4061 = VERTEX_POINT( '', #5293 );
#4062 = LINE( '', #5294, #5295 );
#4063 = LINE( '', #5296, #5297 );
#4064 = VERTEX_POINT( '', #5298 );
#4065 = VERTEX_POINT( '', #5299 );
#4066 = LINE( '', #5300, #5301 );
#4067 = VERTEX_POINT( '', #5302 );
#4068 = LINE( '', #5303, #5304 );
#4069 = VERTEX_POINT( '', #5305 );
#4070 = LINE( '', #5306, #5307 );
#4071 = B_SPLINE_CURVE_WITH_KNOTS( '', 3, ( #5308, #5309, #5310, #5311, #5312, #5313 ), .UNSPECIFIED., .F., .F., ( 4, 1, 1, 4 ), ( 0.000000000000000, 0.333333333333300, 0.666666666666700, 1.00000000000000 ), .UNSPECIFIED. );
#4072 = VERTEX_POINT( '', #5314 );
#4073 = VERTEX_POINT( '', #5315 );
#4074 = LINE( '', #5316, #5317 );
#4075 = VERTEX_POINT( '', #5318 );
#4076 = LINE( '', #5319, #5320 );
#4077 = VERTEX_POINT( '', #5321 );
#4078 = LINE( '', #5322, #5323 );
#4079 = LINE( '', #5324, #5325 );
#4080 = VERTEX_POINT( '', #5326 );
#4081 = VERTEX_POINT( '', #5327 );
#4082 = B_SPLINE_CURVE_WITH_KNOTS( '', 1, ( #5328, #5329 ), .UNSPECIFIED., .F., .F., ( 2, 2 ), ( 0.000000000000000, 1.00000000000000 ), .UNSPECIFIED. );
#4083 = VERTEX_POINT( '', #5330 );
#4084 = LINE( '', #5331, #5332 );
#4085 = VERTEX_POINT( '', #5333 );
#4086 = B_SPLINE_CURVE_WITH_KNOTS( '', 1, ( #5334, #5335 ), .UNSPECIFIED., .F., .F., ( 2, 2 ), ( 0.000000000000000, 1.00000000000000 ), .UNSPECIFIED. );
#4087 = VERTEX_POINT( '', #5336 );
#4088 = B_SPLINE_CURVE_WITH_KNOTS( '', 1, ( #5337, #5338 ), .UNSPECIFIED., .F., .F., ( 2, 2 ), ( 0.000000000000000, 1.00000000000000 ), .UNSPECIFIED. );
#4089 = VERTEX_POINT( '', #5339 );
#4090 = B_SPLINE_CURVE_WITH_KNOTS( '', 1, ( #5340, #5341 ), .UNSPECIFIED., .F., .F., ( 2, 2 ), ( 0.000000000000000, 1.00000000000000 ), .UNSPECIFIED. );
#4091 = VERTEX_POINT( '', #5342 );
#4092 = LINE( '', #5343, #5344 );
#4093 = VERTEX_POINT( '', #5345 );
#4094 = LINE( '', #5346, #5347 );
#4095 = VERTEX_POINT( '', #5348 );
#4096 = B_SPLINE_CURVE_WITH_KNOTS( '', 1, ( #5349, #5350 ), .UNSPECIFIED., .F., .F., ( 2, 2 ), ( 0.000000000000000, 1.00000000000000 ), .UNSPECIFIED. );
#4097 = VERTEX_POINT( '', #5351 );
#4098 = B_SPLINE_CURVE_WITH_KNOTS( '', 1, ( #5352, #5353 ), .UNSPECIFIED., .F., .F., ( 2, 2 ), ( 0.000000000000000, 1.00000000000000 ), .UNSPECIFIED. );
#4099 = B_SPLINE_CURVE_WITH_KNOTS( '', 1, ( #5354, #5355 ), .UNSPECIFIED., .F., .F., ( 2, 2 ), ( 0.000000000000000, 1.00000000000000 ), .UNSPECIFIED. );
#4100 = VERTEX_POINT( '', #5356 );
#4101 = LINE( '', #5357, #5358 );
#4102 = B_SPLINE_CURVE_WITH_KNOTS( '', 1, ( #5359, #5360 ), .UNSPECIFIED., .F., .F., ( 2, 2 ), ( 0.000000000000000, 1.00000000000000 ), .UNSPECIFIED. );
#4103 = VERTEX_POINT( '', #5361 );
#4104 = VERTEX_POINT( '', #5362 );
#4105 = CIRCLE( '', #5363, 0.000500000000000000 );
#4106 = VERTEX_POINT( '', #5364 );
#4107 = B_SPLINE_CURVE_WITH_KNOTS( '', 1, ( #5365, #5366 ), .UNSPECIFIED., .F., .F., ( 2, 2 ), ( 0.000000000000000, 1.00000000000000 ), .UNSPECIFIED. );
#4108 = VERTEX_POINT( '', #5367 );
#4109 = B_SPLINE_CURVE_WITH_KNOTS( '', 1, ( #5368, #5369 ), .UNSPECIFIED., .F., .F., ( 2, 2 ), ( 0.000000000000000, 1.00000000000000 ), .UNSPECIFIED. );
#4110 = VERTEX_POINT( '', #5370 );
#4111 = B_SPLINE_CURVE_WITH_KNOTS( '', 1, ( #5371, #5372 ), .UNSPECIFIED., .F., .F., ( 2, 2 ), ( 0.000000000000000, 1.00000000000000 ), .UNSPECIFIED. );
#4112 = CIRCLE( '', #5373, 0.000500000000000000 );
#4113 = VERTEX_POINT( '', #5374 );
#4114 = LINE( '', #5375, #5376 );
#4115 = VERTEX_POINT( '', #5377 );
#4116 = CIRCLE( '', #5378, 0.000500000000000000 );
#4117 = LINE( '', #5379, #5380 );
#4118 = B_SPLINE_CURVE_WITH_KNOTS( '', 1, ( #5381, #5382 ), .UNSPECIFIED., .F., .F., ( 2, 2 ), ( 0.000000000000000, 1.00000000000000 ), .UNSPECIFIED. );
#4119 = VERTEX_POINT( '', #5383 );
#4120 = LINE( '', #5384, #5385 );
#4121 = VERTEX_POINT( '', #5386 );
#4122 = LINE( '', #5387, #5388 );
#4123 = VERTEX_POINT( '', #5389 );
#4124 = LINE( '', #5390, #5391 );
#4125 = VERTEX_POINT( '', #5392 );
#4126 = LINE( '', #5393, #5394 );
#4127 = VERTEX_POINT( '', #5395 );
#4128 = LINE( '', #5396, #5397 );
#4129 = VERTEX_POINT( '', #5398 );
#4130 = LINE( '', #5399, #5400 );
#4131 = VERTEX_POINT( '', #5401 );
#4132 = LINE( '', #5402, #5403 );
#4133 = VERTEX_POINT( '', #5404 );
#4134 = LINE( '', #5405, #5406 );
#4135 = VERTEX_POINT( '', #5407 );
#4136 = LINE( '', #5408, #5409 );
#4137 = VERTEX_POINT( '', #5410 );
#4138 = LINE( '', #5411, #5412 );
#4139 = VERTEX_POINT( '', #5413 );
#4140 = LINE( '', #5414, #5415 );
#4141 = VERTEX_POINT( '', #5416 );
#4142 = LINE( '', #5417, #5418 );
#4143 = VERTEX_POINT( '', #5419 );
#4144 = LINE( '', #5420, #5421 );
#4145 = VERTEX_POINT( '', #5422 );
#4146 = LINE( '', #5423, #5424 );
#4147 = VERTEX_POINT( '', #5425 );
#4148 = LINE( '', #5426, #5427 );
#4149 = VERTEX_POINT( '', #5428 );
#4150 = LINE( '', #5429, #5430 );
#4151 = LINE( '', #5431, #5432 );
#4152 = VERTEX_POINT( '', #5433 );
#4153 = LINE( '', #5434, #5435 );
#4154 = LINE( '', #5436, #5437 );
#4155 = VERTEX_POINT( '', #5438 );
#4156 = VERTEX_POINT( '', #5439 );
#4157 = LINE( '', #5440, #5441 );
#4158 = VERTEX_POINT( '', #5442 );
#4159 = LINE( '', #5443, #5444 );
#4160 = VERTEX_POINT( '', #5445 );
#4161 = LINE( '', #5446, #5447 );
#4162 = VERTEX_POINT( '', #5448 );
#4163 = LINE( '', #5449, #5450 );
#4164 = VERTEX_POINT( '', #5451 );
#4165 = LINE( '', #5452, #5453 );
#4166 = VERTEX_POINT( '', #5454 );
#4167 = LINE( '', #5455, #5456 );
#4168 = VERTEX_POINT( '', #5457 );
#4169 = LINE( '', #5458, #5459 );
#4170 = VERTEX_POINT( '', #5460 );
#4171 = LINE( '', #5461, #5462 );
#4172 = VERTEX_POINT( '', #5463 );
#4173 = LINE( '', #5464, #5465 );
#4174 = VERTEX_POINT( '', #5466 );
#4175 = LINE( '', #5467, #5468 );
#4176 = VERTEX_POINT( '', #5469 );
#4177 = LINE( '', #5470, #5471 );
#4178 = VERTEX_POINT( '', #5472 );
#4179 = LINE( '', #5473, #5474 );
#4180 = VERTEX_POINT( '', #5475 );
#4181 = LINE( '', #5476, #5477 );
#4182 = VERTEX_POINT( '', #5478 );
#4183 = LINE( '', #5479, #5480 );
#4184 = VERTEX_POINT( '', #5481 );
#4185 = LINE( '', #5482, #5483 );
#4186 = VERTEX_POINT( '', #5484 );
#4187 = LINE( '', #5485, #5486 );
#4188 = VERTEX_POINT( '', #5487 );
#4189 = LINE( '', #5488, #5489 );
#4190 = VERTEX_POINT( '', #5490 );
#4191 = LINE( '', #5491, #5492 );
#4192 = VERTEX_POINT( '', #5493 );
#4193 = LINE( '', #5494, #5495 );
#4194 = VERTEX_POINT( '', #5496 );
#4195 = LINE( '', #5497, #5498 );
#4196 = VERTEX_POINT( '', #5499 );
#4197 = B_SPLINE_CURVE_WITH_KNOTS( '', 1, ( #5500, #5501 ), .UNSPECIFIED., .F., .F., ( 2, 2 ), ( 0.000000000000000, 1.00000000000000 ), .UNSPECIFIED. );
#4198 = VERTEX_POINT( '', #5502 );
#4199 = B_SPLINE_CURVE_WITH_KNOTS( '', 1, ( #5503, #5504 ), .UNSPECIFIED., .F., .F., ( 2, 2 ), ( 0.000000000000000, 1.00000000000000 ), .UNSPECIFIED. );
#4200 = VERTEX_POINT( '', #5505 );
#4201 = B_SPLINE_CURVE_WITH_KNOTS( '', 1, ( #5506, #5507 ), .UNSPECIFIED., .F., .F., ( 2, 2 ), ( 0.000000000000000, 1.00000000000000 ), .UNSPECIFIED. );
#4202 = LINE( '', #5508, #5509 );
#4203 = VERTEX_POINT( '', #5510 );
#4204 = B_SPLINE_CURVE_WITH_KNOTS( '', 1, ( #5511, #5512 ), .UNSPECIFIED., .F., .F., ( 2, 2 ), ( 0.000000000000000, 1.00000000000000 ), .UNSPECIFIED. );
#4205 = B_SPLINE_CURVE_WITH_KNOTS( '', 1, ( #5513, #5514 ), .UNSPECIFIED., .F., .F., ( 2, 2 ), ( 0.000000000000000, 1.00000000000000 ), .UNSPECIFIED. );
#4206 = VERTEX_POINT( '', #5515 );
#4207 = B_SPLINE_CURVE_WITH_KNOTS( '', 1, ( #5516, #5517 ), .UNSPECIFIED., .F., .F., ( 2, 2 ), ( 0.000000000000000, 1.00000000000000 ), .UNSPECIFIED. );
#4208 = VERTEX_POINT( '', #5518 );
#4209 = LINE( '', #5519, #5520 );
#4210 = LINE( '', #5521, #5522 );
#4211 = VERTEX_POINT( '', #5523 );
#4212 = VERTEX_POINT( '', #5524 );
#4213 = LINE( '', #5525, #5526 );
#4214 = VERTEX_POINT( '', #5527 );
#4215 = B_SPLINE_CURVE_WITH_KNOTS( '', 3, ( #5528, #5529, #5530, #5531, #5532, #5533, #5534, #5535, #5536 ), .UNSPECIFIED., .F., .F., ( 4, 1, 1, 1, 1, 1, 4 ), ( 0.000000000000000, 0.306567045624374, 0.574732726577213, 0.700064862917953, 0.807417671197407, 0.910474637476403, 1.00000000000000 ), .UNSPECIFIED. );
#4216 = VERTEX_POINT( '', #5537 );
#4217 = LINE( '', #5538, #5539 );
#4218 = CIRCLE( '', #5540, 0.000100000000000000 );
#4219 = VERTEX_POINT( '', #5541 );
#4220 = VERTEX_POINT( '', #5542 );
#4221 = LINE( '', #5543, #5544 );
#4222 = VERTEX_POINT( '', #5545 );
#4223 = CIRCLE( '', #5546, 0.000100000000000000 );
#4224 = VERTEX_POINT( '', #5547 );
#4225 = LINE( '', #5548, #5549 );
#4226 = B_SPLINE_CURVE_WITH_KNOTS( '', 3, ( #5550, #5551, #5552, #5553, #5554, #5555, #5556, #5557, #5558 ), .UNSPECIFIED., .F., .F., ( 4, 1, 1, 1, 1, 1, 4 ), ( 0.000000000000000, 0.306484993625368, 0.574409044727094, 0.699772385249973, 0.807188603567961, 0.910300389573312, 1.00000000000000 ), .UNSPECIFIED. );
#4227 = VERTEX_POINT( '', #5559 );
#4228 = LINE( '', #5560, #5561 );
#4229 = VERTEX_POINT( '', #5562 );
#4230 = LINE( '', #5563, #5564 );
#4231 = LINE( '', #5565, #5566 );
#4232 = VERTEX_POINT( '', #5567 );
#4233 = VERTEX_POINT( '', #5568 );
#4234 = LINE( '', #5569, #5570 );
#4235 = VERTEX_POINT( '', #5571 );
#4236 = LINE( '', #5572, #5573 );
#4237 = VERTEX_POINT( '', #5574 );
#4238 = B_SPLINE_CURVE_WITH_KNOTS( '', 3, ( #5575, #5576, #5577, #5578, #5579, #5580 ), .UNSPECIFIED., .F., .F., ( 4, 1, 1, 4 ), ( 0.000000000000000, 0.333333333333300, 0.666666666666700, 1.00000000000000 ), .UNSPECIFIED. );
#4239 = VERTEX_POINT( '', #5581 );
#4240 = LINE( '', #5582, #5583 );
#4241 = LINE( '', #5584, #5585 );
#4242 = VERTEX_POINT( '', #5586 );
#4243 = VERTEX_POINT( '', #5587 );
#4244 = LINE( '', #5588, #5589 );
#4245 = VERTEX_POINT( '', #5590 );
#4246 = LINE( '', #5591, #5592 );
#4247 = VERTEX_POINT( '', #5593 );
#4248 = LINE( '', #5594, #5595 );
#4249 = LINE( '', #5596, #5597 );
#4250 = VERTEX_POINT( '', #5598 );
#4251 = VERTEX_POINT( '', #5599 );
#4252 = B_SPLINE_CURVE_WITH_KNOTS( '', 3, ( #5600, #5601, #5602, #5603, #5604, #5605, #5606, #5607 ), .UNSPECIFIED., .F., .F., ( 4, 1, 1, 1, 1, 4 ), ( 0.000000000000000, 0.331847309247325, 0.575185997703914, 0.752433446730497, 0.889613409017471, 1.00000000000000 ), .UNSPECIFIED. );
#4253 = VERTEX_POINT( '', #5608 );
#4254 = LINE( '', #5609, #5610 );
#4255 = VERTEX_POINT( '', #5611 );
#4256 = CIRCLE( '', #5612, 0.000100000200000000 );
#4257 = LINE( '', #5613, #5614 );
#4258 = VERTEX_POINT( '', #5615 );
#4259 = B_SPLINE_CURVE_WITH_KNOTS( '', 1, ( #5616, #5617 ), .UNSPECIFIED., .F., .F., ( 2, 2 ), ( 0.000000000000000, 1.00000000000000 ), .UNSPECIFIED. );
#4260 = VERTEX_POINT( '', #5618 );
#4261 = LINE( '', #5619, #5620 );
#4262 = B_SPLINE_CURVE_WITH_KNOTS( '', 1, ( #5621, #5622 ), .UNSPECIFIED., .F., .F., ( 2, 2 ), ( 0.000000000000000, 1.00000000000000 ), .UNSPECIFIED. );
#4263 = B_SPLINE_CURVE_WITH_KNOTS( '', 1, ( #5623, #5624 ), .UNSPECIFIED., .F., .F., ( 2, 2 ), ( 0.000000000000000, 1.00000000000000 ), .UNSPECIFIED. );
#4264 = VERTEX_POINT( '', #5625 );
#4265 = B_SPLINE_CURVE_WITH_KNOTS( '', 1, ( #5626, #5627 ), .UNSPECIFIED., .F., .F., ( 2, 2 ), ( 0.000000000000000, 1.00000000000000 ), .UNSPECIFIED. );
#4266 = VERTEX_POINT( '', #5628 );
#4267 = LINE( '', #5629, #5630 );
#4268 = LINE( '', #5631, #5632 );
#4269 = VERTEX_POINT( '', #5633 );
#4270 = VERTEX_POINT( '', #5634 );
#4271 = B_SPLINE_CURVE_WITH_KNOTS( '', 3, ( #5635, #5636, #5637, #5638, #5639, #5640, #5641, #5642 ), .UNSPECIFIED., .F., .F., ( 4, 1, 1, 1, 1, 4 ), ( 0.000000000000000, 0.331847309419415, 0.575185997687126, 0.752433446722952, 0.889613409016244, 1.00000000000000 ), .UNSPECIFIED. );
#4272 = VERTEX_POINT( '', #5643 );
#4273 = B_SPLINE_CURVE_WITH_KNOTS( '', 3, ( #5644, #5645, #5646, #5647, #5648, #5649 ), .UNSPECIFIED., .F., .F., ( 4, 1, 1, 4 ), ( 0.000000000000000, 0.333333333333300, 0.666666666666700, 1.00000000000000 ), .UNSPECIFIED. );
#4274 = VERTEX_POINT( '', #5650 );
#4275 = B_SPLINE_CURVE_WITH_KNOTS( '', 3, ( #5651, #5652, #5653, #5654, #5655, #5656 ), .UNSPECIFIED., .F., .F., ( 4, 1, 1, 4 ), ( 0.000000000000000, 0.333333333333300, 0.666666666666700, 1.00000000000000 ), .UNSPECIFIED. );
#4276 = VERTEX_POINT( '', #5657 );
#4277 = CIRCLE( '', #5658, 0.00113296160000000 );
#4278 = VERTEX_POINT( '', #5659 );
#4279 = B_SPLINE_CURVE_WITH_KNOTS( '', 3, ( #5660, #5661, #5662, #5663, #5664, #5665 ), .UNSPECIFIED., .F., .F., ( 4, 1, 1, 4 ), ( 0.000000000000000, 0.333333333333300, 0.666666666666700, 1.00000000000000 ), .UNSPECIFIED. );
#4280 = VERTEX_POINT( '', #5666 );
#4281 = B_SPLINE_CURVE_WITH_KNOTS( '', 3, ( #5667, #5668, #5669, #5670, #5671, #5672 ), .UNSPECIFIED., .F., .F., ( 4, 1, 1, 4 ), ( 0.000000000000000, 0.333333333333300, 0.666666666666700, 1.00000000000000 ), .UNSPECIFIED. );
#4282 = VERTEX_POINT( '', #5673 );
#4283 = B_SPLINE_CURVE_WITH_KNOTS( '', 3, ( #5674, #5675, #5676, #5677, #5678, #5679, #5680, #5681, #5682 ), .UNSPECIFIED., .F., .F., ( 4, 1, 1, 1, 1, 1, 4 ), ( 0.000000000000000, 0.306567045627518, 0.574732726573588, 0.700064862912467, 0.807417671200616, 0.910474637477598, 1.00000000000000 ), .UNSPECIFIED. );
#4284 = CIRCLE( '', #5683, 0.00152500000000000 );
#4285 = VERTEX_POINT( '', #5684 );
#4286 = VERTEX_POINT( '', #5685 );
#4287 = CIRCLE( '', #5686, 0.000100000200000000 );
#4288 = VERTEX_POINT( '', #5687 );
#4289 = LINE( '', #5688, #5689 );
#4290 = VERTEX_POINT( '', #5690 );
#4291 = B_SPLINE_CURVE_WITH_KNOTS( '', 3, ( #5691, #5692, #5693, #5694, #5695, #5696, #5697, #5698, #5699 ), .UNSPECIFIED., .F., .F., ( 4, 1, 1, 1, 1, 1, 4 ), ( 0.000000000000000, 0.306175283790526, 0.574078320567000, 0.699415559466405, 0.806666058706447, 0.910215533572277, 1.00000000000000 ), .UNSPECIFIED. );
#4292 = LINE( '', #5700, #5701 );
#4293 = VERTEX_POINT( '', #5702 );
#4294 = LINE( '', #5703, #5704 );
#4295 = VERTEX_POINT( '', #5705 );
#4296 = CIRCLE( '', #5706, 0.000100000200000000 );
#4297 = LINE( '', #5707, #5708 );
#4298 = VERTEX_POINT( '', #5709 );
#4299 = VERTEX_POINT( '', #5710 );
#4300 = CIRCLE( '', #5711, 0.000100000000000000 );
#4301 = VERTEX_POINT( '', #5712 );
#4302 = LINE( '', #5713, #5714 );
#4303 = VERTEX_POINT( '', #5715 );
#4304 = B_SPLINE_CURVE_WITH_KNOTS( '', 2, ( #5716, #5717, #5718 ), .UNSPECIFIED., .F., .F., ( 3, 3 ), ( 0.000000000000000, 1.00000000000000 ), .UNSPECIFIED. );
#4305 = VERTEX_POINT( '', #5719 );
#4306 = B_SPLINE_CURVE_WITH_KNOTS( '', 2, ( #5720, #5721, #5722 ), .UNSPECIFIED., .F., .F., ( 3, 3 ), ( 0.000000000000000, 1.00000000000000 ), .UNSPECIFIED. );
#4307 = LINE( '', #5723, #5724 );
#4308 = VERTEX_POINT( '', #5725 );
#4309 = VERTEX_POINT( '', #5726 );
#4310 = LINE( '', #5727, #5728 );
#4311 = VERTEX_POINT( '', #5729 );
#4312 = LINE( '', #5730, #5731 );
#4313 = VERTEX_POINT( '', #5732 );
#4314 = B_SPLINE_CURVE_WITH_KNOTS( '', 3, ( #5733, #5734, #5735, #5736, #5737, #5738, #5739 ), .UNSPECIFIED., .F., .F., ( 4, 1, 1, 1, 4 ), ( 0.000000000000000, 0.247580470478601, 0.494798183794222, 0.726773373746092, 1.00000000000000 ), .UNSPECIFIED. );
#4315 = VERTEX_POINT( '', #5740 );
#4316 = LINE( '', #5741, #5742 );
#4317 = VERTEX_POINT( '', #5743 );
#4318 = B_SPLINE_CURVE_WITH_KNOTS( '', 3, ( #5744, #5745, #5746, #5747, #5748, #5749, #5750 ), .UNSPECIFIED., .F., .F., ( 4, 1, 1, 1, 4 ), ( 0.000000000000000, 0.273195646669902, 0.505201235480612, 0.752397509173924, 1.00000000000000 ), .UNSPECIFIED. );
#4319 = LINE( '', #5751, #5752 );
#4320 = VERTEX_POINT( '', #5753 );
#4321 = LINE( '', #5754, #5755 );
#4322 = B_SPLINE_CURVE_WITH_KNOTS( '', 3, ( #5756, #5757, #5758, #5759, #5760, #5761, #5762 ), .UNSPECIFIED., .F., .F., ( 4, 1, 1, 1, 4 ), ( 0.000000000000000, 0.273195646699334, 0.505201235612906, 0.752397509241920, 1.00000000000000 ), .UNSPECIFIED. );
#4323 = CIRCLE( '', #5763, 0.000100000000000000 );
#4324 = VERTEX_POINT( '', #5764 );
#4325 = VERTEX_POINT( '', #5765 );
#4326 = B_SPLINE_CURVE_WITH_KNOTS( '', 2, ( #5766, #5767, #5768 ), .UNSPECIFIED., .F., .F., ( 3, 3 ), ( 0.000000000000000, 1.00000000000000 ), .UNSPECIFIED. );
#4327 = VERTEX_POINT( '', #5769 );
#4328 = LINE( '', #5770, #5771 );
#4329 = VERTEX_POINT( '', #5772 );
#4330 = LINE( '', #5773, #5774 );
#4331 = LINE( '', #5775, #5776 );
#4332 = LINE( '', #5777, #5778 );
#4333 = VERTEX_POINT( '', #5779 );
#4334 = VERTEX_POINT( '', #5780 );
#4335 = CIRCLE( '', #5781, 0.000100000000000000 );
#4336 = VERTEX_POINT( '', #5782 );
#4337 = LINE( '', #5783, #5784 );
#4338 = VERTEX_POINT( '', #5785 );
#4339 = B_SPLINE_CURVE_WITH_KNOTS( '', 2, ( #5786, #5787, #5788 ), .UNSPECIFIED., .F., .F., ( 3, 3 ), ( 0.000000000000000, 1.00000000000000 ), .UNSPECIFIED. );
#4340 = VERTEX_POINT( '', #5789 );
#4341 = B_SPLINE_CURVE_WITH_KNOTS( '', 2, ( #5790, #5791, #5792 ), .UNSPECIFIED., .F., .F., ( 3, 3 ), ( 0.000000000000000, 1.00000000000000 ), .UNSPECIFIED. );
#4342 = LINE( '', #5793, #5794 );
#4343 = VERTEX_POINT( '', #5795 );
#4344 = VERTEX_POINT( '', #5796 );
#4345 = LINE( '', #5797, #5798 );
#4346 = VERTEX_POINT( '', #5799 );
#4347 = LINE( '', #5800, #5801 );
#4348 = VERTEX_POINT( '', #5802 );
#4349 = B_SPLINE_CURVE_WITH_KNOTS( '', 3, ( #5803, #5804, #5805, #5806, #5807, #5808, #5809 ), .UNSPECIFIED., .F., .F., ( 4, 1, 1, 1, 4 ), ( 0.000000000000000, 0.247580470471438, 0.494798183732188, 0.726773373645751, 1.00000000000000 ), .UNSPECIFIED. );
#4350 = VERTEX_POINT( '', #5810 );
#4351 = LINE( '', #5811, #5812 );
#4352 = VERTEX_POINT( '', #5813 );
#4353 = B_SPLINE_CURVE_WITH_KNOTS( '', 3, ( #5814, #5815, #5816, #5817, #5818, #5819, #5820 ), .UNSPECIFIED., .F., .F., ( 4, 1, 1, 1, 4 ), ( 0.000000000000000, 0.273195646730619, 0.505201235476590, 0.752397509140364, 1.00000000000000 ), .UNSPECIFIED. );
#4354 = LINE( '', #5821, #5822 );
#4355 = VERTEX_POINT( '', #5823 );
#4356 = LINE( '', #5824, #5825 );
#4357 = LINE( '', #5826, #5827 );
#4358 = VERTEX_POINT( '', #5828 );
#4359 = LINE( '', #5829, #5830 );
#4360 = VERTEX_POINT( '', #5831 );
#4361 = LINE( '', #5832, #5833 );
#4362 = LINE( '', #5834, #5835 );
#4363 = VERTEX_POINT( '', #5836 );
#4364 = VERTEX_POINT( '', #5837 );
#4365 = LINE( '', #5838, #5839 );
#4366 = VERTEX_POINT( '', #5840 );
#4367 = LINE( '', #5841, #5842 );
#4368 = VERTEX_POINT( '', #5843 );
#4369 = LINE( '', #5844, #5845 );
#4370 = LINE( '', #5846, #5847 );
#4371 = VERTEX_POINT( '', #5848 );
#4372 = LINE( '', #5849, #5850 );
#4373 = VERTEX_POINT( '', #5851 );
#4374 = CIRCLE( '', #5852, 0.000500000000000000 );
#4375 = LINE( '', #5853, #5854 );
#4376 = VERTEX_POINT( '', #5855 );
#4377 = VERTEX_POINT( '', #5856 );
#4378 = B_SPLINE_CURVE_WITH_KNOTS( '', 2, ( #5857, #5858, #5859 ), .UNSPECIFIED., .F., .F., ( 3, 3 ), ( 0.000000000000000, 1.00000000000000 ), .UNSPECIFIED. );
#4379 = VERTEX_POINT( '', #5860 );
#4380 = LINE( '', #5861, #5862 );
#4381 = LINE( '', #5863, #5864 );
#4382 = VERTEX_POINT( '', #5865 );
#4383 = B_SPLINE_CURVE_WITH_KNOTS( '', 2, ( #5866, #5867, #5868 ), .UNSPECIFIED., .F., .F., ( 3, 3 ), ( 0.000000000000000, 1.00000000000000 ), .UNSPECIFIED. );
#4384 = LINE( '', #5869, #5870 );
#4385 = VERTEX_POINT( '', #5871 );
#4386 = VERTEX_POINT( '', #5872 );
#4387 = LINE( '', #5873, #5874 );
#4388 = VERTEX_POINT( '', #5875 );
#4389 = LINE( '', #5876, #5877 );
#4390 = VERTEX_POINT( '', #5878 );
#4391 = LINE( '', #5879, #5880 );
#4392 = LINE( '', #5881, #5882 );
#4393 = B_SPLINE_CURVE_WITH_KNOTS( '', 3, ( #5883, #5884, #5885, #5886, #5887, #5888, #5889 ), .UNSPECIFIED., .F., .F., ( 4, 1, 1, 1, 4 ), ( 0.000000000000000, 0.247580470399131, 0.494798183684441, 0.726773373657736, 1.00000000000000 ), .UNSPECIFIED. );
#4394 = VERTEX_POINT( '', #5890 );
#4395 = LINE( '', #5891, #5892 );
#4396 = CIRCLE( '', #5893, 0.000100000000000000 );
#4397 = VERTEX_POINT( '', #5894 );
#4398 = LINE( '', #5895, #5896 );
#4399 = B_SPLINE_CURVE_WITH_KNOTS( '', 3, ( #5897, #5898, #5899, #5900, #5901, #5902, #5903 ), .UNSPECIFIED., .F., .F., ( 4, 1, 1, 1, 4 ), ( 0.000000000000000, 0.273195646859783, 0.505201235568448, 0.752397509277655, 1.00000000000000 ), .UNSPECIFIED. );
#4400 = CIRCLE( '', #5904, 0.000100000000000000 );
#4401 = LINE( '', #5905, #5906 );
#4402 = LINE( '', #5907, #5908 );
#4403 = VERTEX_POINT( '', #5909 );
#4404 = VERTEX_POINT( '', #5910 );
#4405 = LINE( '', #5911, #5912 );
#4406 = VERTEX_POINT( '', #5913 );
#4407 = LINE( '', #5914, #5915 );
#4408 = VERTEX_POINT( '', #5916 );
#4409 = LINE( '', #5917, #5918 );
#4410 = LINE( '', #5919, #5920 );
#4411 = VERTEX_POINT( '', #5921 );
#4412 = VERTEX_POINT( '', #5922 );
#4413 = LINE( '', #5923, #5924 );
#4414 = LINE( '', #5925, #5926 );
#4415 = LINE( '', #5927, #5928 );
#4416 = VERTEX_POINT( '', #5929 );
#4417 = VERTEX_POINT( '', #5930 );
#4418 = LINE( '', #5931, #5932 );
#4419 = VERTEX_POINT( '', #5933 );
#4420 = LINE( '', #5934, #5935 );
#4421 = VERTEX_POINT( '', #5936 );
#4422 = LINE( '', #5937, #5938 );
#4423 = LINE( '', #5939, #5940 );
#4424 = VERTEX_POINT( '', #5941 );
#4425 = LINE( '', #5942, #5943 );
#4426 = VERTEX_POINT( '', #5944 );
#4427 = LINE( '', #5945, #5946 );
#4428 = VERTEX_POINT( '', #5947 );
#4429 = LINE( '', #5948, #5949 );
#4430 = VERTEX_POINT( '', #5950 );
#4431 = LINE( '', #5951, #5952 );
#4432 = VERTEX_POINT( '', #5953 );
#4433 = LINE( '', #5954, #5955 );
#4434 = VERTEX_POINT( '', #5956 );
#4435 = LINE( '', #5957, #5958 );
#4436 = VERTEX_POINT( '', #5959 );
#4437 = LINE( '', #5960, #5961 );
#4438 = VERTEX_POINT( '', #5962 );
#4439 = LINE( '', #5963, #5964 );
#4440 = VERTEX_POINT( '', #5965 );
#4441 = LINE( '', #5966, #5967 );
#4442 = VERTEX_POINT( '', #5968 );
#4443 = LINE( '', #5969, #5970 );
#4444 = VERTEX_POINT( '', #5971 );
#4445 = LINE( '', #5972, #5973 );
#4446 = LINE( '', #5974, #5975 );
#4447 = VERTEX_POINT( '', #5976 );
#4448 = LINE( '', #5977, #5978 );
#4449 = VERTEX_POINT( '', #5979 );
#4450 = LINE( '', #5980, #5981 );
#4451 = LINE( '', #5982, #5983 );
#4452 = B_SPLINE_CURVE_WITH_KNOTS( '', 1, ( #5984, #5985 ), .UNSPECIFIED., .F., .F., ( 2, 2 ), ( 0.000000000000000, 1.00000000000000 ), .UNSPECIFIED. );
#4453 = B_SPLINE_CURVE_WITH_KNOTS( '', 1, ( #5986, #5987 ), .UNSPECIFIED., .F., .F., ( 2, 2 ), ( 0.000000000000000, 1.00000000000000 ), .UNSPECIFIED. );
#4454 = VERTEX_POINT( '', #5988 );
#4455 = VERTEX_POINT( '', #5989 );
#4456 = LINE( '', #5990, #5991 );
#4457 = VERTEX_POINT( '', #5992 );
#4458 = B_SPLINE_CURVE_WITH_KNOTS( '', 3, ( #5993, #5994, #5995, #5996, #5997 ), .UNSPECIFIED., .F., .F., ( 4, 1, 4 ), ( 0.000000000000000, 0.520931848882076, 1.00000000000000 ), .UNSPECIFIED. );
#4459 = VERTEX_POINT( '', #5998 );
#4460 = CIRCLE( '', #5999, 0.000850000000000000 );
#4461 = VERTEX_POINT( '', #6000 );
#4462 = B_SPLINE_CURVE_WITH_KNOTS( '', 3, ( #6001, #6002, #6003, #6004, #6005, #6006 ), .UNSPECIFIED., .F., .F., ( 4, 1, 1, 4 ), ( 0.000000000000000, 0.333333333333300, 0.666666666666700, 1.00000000000000 ), .UNSPECIFIED. );
#4463 = VERTEX_POINT( '', #6007 );
#4464 = LINE( '', #6008, #6009 );
#4465 = CIRCLE( '', #6010, 0.000850000000000000 );
#4466 = VERTEX_POINT( '', #6011 );
#4467 = VERTEX_POINT( '', #6012 );
#4468 = B_SPLINE_CURVE_WITH_KNOTS( '', 3, ( #6013, #6014, #6015, #6016, #6017, #6018 ), .UNSPECIFIED., .F., .F., ( 4, 1, 1, 4 ), ( 0.000000000000000, 0.333333333333300, 0.666666666666700, 1.00000000000000 ), .UNSPECIFIED. );
#4469 = VERTEX_POINT( '', #6019 );
#4470 = CIRCLE( '', #6020, 0.000850000000000000 );
#4471 = VERTEX_POINT( '', #6021 );
#4472 = B_SPLINE_CURVE_WITH_KNOTS( '', 3, ( #6022, #6023, #6024, #6025, #6026, #6027 ), .UNSPECIFIED., .F., .F., ( 4, 1, 1, 4 ), ( 0.000000000000000, 0.333333333333300, 0.666666666666700, 1.00000000000000 ), .UNSPECIFIED. );
#4473 = VERTEX_POINT( '', #6028 );
#4474 = LINE( '', #6029, #6030 );
#4475 = VERTEX_POINT( '', #6031 );
#4476 = CIRCLE( '', #6032, 0.000850000000000000 );
#4477 = LINE( '', #6033, #6034 );
#4478 = VERTEX_POINT( '', #6035 );
#4479 = VERTEX_POINT( '', #6036 );
#4480 = LINE( '', #6037, #6038 );
#4481 = VERTEX_POINT( '', #6039 );
#4482 = LINE( '', #6040, #6041 );
#4483 = VERTEX_POINT( '', #6042 );
#4484 = B_SPLINE_CURVE_WITH_KNOTS( '', 1, ( #6043, #6044 ), .UNSPECIFIED., .F., .F., ( 2, 2 ), ( 0.000000000000000, 1.00000000000000 ), .UNSPECIFIED. );
#4485 = B_SPLINE_CURVE_WITH_KNOTS( '', 1, ( #6045, #6046 ), .UNSPECIFIED., .F., .F., ( 2, 2 ), ( 0.000000000000000, 1.00000000000000 ), .UNSPECIFIED. );
#4486 = B_SPLINE_CURVE_WITH_KNOTS( '', 1, ( #6047, #6048 ), .UNSPECIFIED., .F., .F., ( 2, 2 ), ( 0.000000000000000, 1.00000000000000 ), .UNSPECIFIED. );
#4487 = VERTEX_POINT( '', #6049 );
#4488 = LINE( '', #6050, #6051 );
#4489 = B_SPLINE_CURVE_WITH_KNOTS( '', 1, ( #6052, #6053 ), .UNSPECIFIED., .F., .F., ( 2, 2 ), ( 0.000000000000000, 1.00000000000000 ), .UNSPECIFIED. );
#4490 = VERTEX_POINT( '', #6054 );
#4491 = LINE( '', #6055, #6056 );
#4492 = LINE( '', #6057, #6058 );
#4493 = VERTEX_POINT( '', #6059 );
#4494 = VERTEX_POINT( '', #6060 );
#4495 = LINE( '', #6061, #6062 );
#4496 = VERTEX_POINT( '', #6063 );
#4497 = LINE( '', #6064, #6065 );
#4498 = VERTEX_POINT( '', #6066 );
#4499 = LINE( '', #6067, #6068 );
#4500 = LINE( '', #6069, #6070 );
#4501 = VERTEX_POINT( '', #6071 );
#4502 = LINE( '', #6072, #6073 );
#4503 = LINE( '', #6074, #6075 );
#4504 = LINE( '', #6076, #6077 );
#4505 = LINE( '', #6078, #6079 );
#4506 = VERTEX_POINT( '', #6080 );
#4507 = LINE( '', #6081, #6082 );
#4508 = LINE( '', #6083, #6084 );
#4509 = VERTEX_POINT( '', #6085 );
#4510 = LINE( '', #6086, #6087 );
#4511 = LINE( '', #6088, #6089 );
#4512 = VERTEX_POINT( '', #6090 );
#4513 = VERTEX_POINT( '', #6091 );
#4514 = CIRCLE( '', #6092, 0.00147500000000000 );
#4515 = VERTEX_POINT( '', #6093 );
#4516 = B_SPLINE_CURVE_WITH_KNOTS( '', 3, ( #6094, #6095, #6096, #6097, #6098, #6099, #6100, #6101, #6102, #6103 ), .UNSPECIFIED., .F., .F., ( 4, 1, 1, 1, 1, 1, 1, 4 ), ( 0.000000000000000, 0.0592572328155830, 0.122314962714213, 0.193349184604682, 0.300637951722450, 0.425961681195421, 0.693675717500467, 1.00000000000000 ), .UNSPECIFIED. );
#4517 = B_SPLINE_CURVE_WITH_KNOTS( '', 3, ( #6104, #6105, #6106, #6107, #6108, #6109 ), .UNSPECIFIED., .F., .F., ( 4, 1, 1, 4 ), ( 0.000000000000000, 0.333333333333300, 0.666666666666700, 1.00000000000000 ), .UNSPECIFIED. );
#4518 = VERTEX_POINT( '', #6110 );
#4519 = CIRCLE( '', #6111, 0.00113296160000000 );
#4520 = B_SPLINE_CURVE_WITH_KNOTS( '', 3, ( #6112, #6113, #6114, #6115, #6116, #6117 ), .UNSPECIFIED., .F., .F., ( 4, 1, 1, 4 ), ( 0.000000000000000, 0.333333333333300, 0.666666666666700, 1.00000000000000 ), .UNSPECIFIED. );
#4521 = B_SPLINE_CURVE_WITH_KNOTS( '', 3, ( #6118, #6119, #6120, #6121, #6122, #6123, #6124, #6125, #6126 ), .UNSPECIFIED., .F., .F., ( 4, 1, 1, 1, 1, 1, 4 ), ( 0.000000000000000, 0.306484993616230, 0.574409044724638, 0.699772385225217, 0.807188603565515, 0.910300389562027, 1.00000000000000 ), .UNSPECIFIED. );
#4522 = VERTEX_POINT( '', #6127 );
#4523 = VERTEX_POINT( '', #6128 );
#4524 = LINE( '', #6129, #6130 );
#4525 = VERTEX_POINT( '', #6131 );
#4526 = CIRCLE( '', #6132, 0.000100000000000000 );
#4527 = VERTEX_POINT( '', #6133 );
#4528 = LINE( '', #6134, #6135 );
#4529 = B_SPLINE_CURVE_WITH_KNOTS( '', 3, ( #6136, #6137, #6138, #6139, #6140, #6141, #6142, #6143, #6144 ), .UNSPECIFIED., .F., .F., ( 4, 1, 1, 1, 1, 1, 4 ), ( 0.000000000000000, 0.306484993558647, 0.574409044719967, 0.699772385245856, 0.807188603568696, 0.910300389572860, 1.00000000000000 ), .UNSPECIFIED. );
#4530 = VERTEX_POINT( '', #6145 );
#4531 = LINE( '', #6146, #6147 );
#4532 = VERTEX_POINT( '', #6148 );
#4533 = LINE( '', #6149, #6150 );
#4534 = LINE( '', #6151, #6152 );
#4535 = VERTEX_POINT( '', #6153 );
#4536 = VERTEX_POINT( '', #6154 );
#4537 = LINE( '', #6155, #6156 );
#4538 = VERTEX_POINT( '', #6157 );
#4539 = LINE( '', #6158, #6159 );
#4540 = VERTEX_POINT( '', #6160 );
#4541 = LINE( '', #6161, #6162 );
#4542 = LINE( '', #6163, #6164 );
#4543 = VERTEX_POINT( '', #6165 );
#4544 = VERTEX_POINT( '', #6166 );
#4545 = LINE( '', #6167, #6168 );
#4546 = VERTEX_POINT( '', #6169 );
#4547 = B_SPLINE_CURVE_WITH_KNOTS( '', 3, ( #6170, #6171, #6172, #6173, #6174, #6175, #6176 ), .UNSPECIFIED., .F., .F., ( 4, 1, 1, 1, 4 ), ( 0.000000000000000, 0.247580470437406, 0.494798183721432, 0.726773373662654, 1.00000000000000 ), .UNSPECIFIED. );
#4548 = B_SPLINE_CURVE_WITH_KNOTS( '', 3, ( #6177, #6178, #6179, #6180, #6181, #6182, #6183 ), .UNSPECIFIED., .F., .F., ( 4, 1, 1, 1, 4 ), ( 0.000000000000000, 0.273195646783723, 0.505201235553704, 0.752397509254132, 1.00000000000000 ), .UNSPECIFIED. );
#4549 = CIRCLE( '', #6184, 0.000100000000000000 );
#4550 = VERTEX_POINT( '', #6185 );
#4551 = LINE( '', #6186, #6187 );
#4552 = VERTEX_POINT( '', #6188 );
#4553 = LINE( '', #6189, #6190 );
#4554 = VERTEX_POINT( '', #6191 );
#4555 = LINE( '', #6192, #6193 );
#4556 = B_SPLINE_CURVE_WITH_KNOTS( '', 3, ( #6194, #6195, #6196, #6197, #6198, #6199, #6200 ), .UNSPECIFIED., .F., .F., ( 4, 1, 1, 1, 4 ), ( 0.000000000000000, 0.247580470449907, 0.494798183736061, 0.726773373708766, 1.00000000000000 ), .UNSPECIFIED. );
#4557 = VERTEX_POINT( '', #6201 );
#4558 = VERTEX_POINT( '', #6202 );
#4559 = LINE( '', #6203, #6204 );
#4560 = VERTEX_POINT( '', #6205 );
#4561 = LINE( '', #6206, #6207 );
#4562 = VERTEX_POINT( '', #6208 );
#4563 = LINE( '', #6209, #6210 );
#4564 = LINE( '', #6211, #6212 );
#4565 = VERTEX_POINT( '', #6213 );
#4566 = B_SPLINE_CURVE_WITH_KNOTS( '', 2, ( #6214, #6215, #6216 ), .UNSPECIFIED., .F., .F., ( 3, 3 ), ( 0.000000000000000, 1.00000000000000 ), .UNSPECIFIED. );
#4567 = VERTEX_POINT( '', #6217 );
#4568 = LINE( '', #6218, #6219 );
#4569 = LINE( '', #6220, #6221 );
#4570 = B_SPLINE_CURVE_WITH_KNOTS( '', 2, ( #6222, #6223, #6224 ), .UNSPECIFIED., .F., .F., ( 3, 3 ), ( 0.000000000000000, 1.00000000000000 ), .UNSPECIFIED. );
#4571 = VERTEX_POINT( '', #6225 );
#4572 = VERTEX_POINT( '', #6226 );
#4573 = LINE( '', #6227, #6228 );
#4574 = B_SPLINE_CURVE_WITH_KNOTS( '', 2, ( #6229, #6230, #6231 ), .UNSPECIFIED., .F., .F., ( 3, 3 ), ( 0.000000000000000, 1.00000000000000 ), .UNSPECIFIED. );
#4575 = CIRCLE( '', #6232, 0.000100000000000000 );
#4576 = VERTEX_POINT( '', #6233 );
#4577 = VERTEX_POINT( '', #6234 );
#4578 = B_SPLINE_CURVE_WITH_KNOTS( '', 2, ( #6235, #6236, #6237 ), .UNSPECIFIED., .F., .F., ( 3, 3 ), ( 0.000000000000000, 1.00000000000000 ), .UNSPECIFIED. );
#4579 = VERTEX_POINT( '', #6238 );
#4580 = LINE( '', #6239, #6240 );
#4581 = LINE( '', #6241, #6242 );
#4582 = LINE( '', #6243, #6244 );
#4583 = VERTEX_POINT( '', #6245 );
#4584 = CIRCLE( '', #6246, 0.000100000000000000 );
#4585 = VERTEX_POINT( '', #6247 );
#4586 = B_SPLINE_CURVE_WITH_KNOTS( '', 3, ( #6248, #6249, #6250, #6251, #6252, #6253, #6254 ), .UNSPECIFIED., .F., .F., ( 4, 1, 1, 1, 4 ), ( 0.000000000000000, 0.273195646664861, 0.505201235561979, 0.752397509200338, 1.00000000000000 ), .UNSPECIFIED. );
#4587 = LINE( '', #6255, #6256 );
#4588 = VERTEX_POINT( '', #6257 );
#4589 = VERTEX_POINT( '', #6258 );
#4590 = LINE( '', #6259, #6260 );
#4591 = VERTEX_POINT( '', #6261 );
#4592 = B_SPLINE_CURVE_WITH_KNOTS( '', 3, ( #6262, #6263, #6264, #6265, #6266, #6267, #6268, #6269, #6270, #6271 ), .UNSPECIFIED., .F., .F., ( 4, 1, 1, 1, 1, 1, 1, 4 ), ( 0.000000000000000, 0.0591368452323510, 0.122106113431464, 0.193122196456615, 0.300347785786258, 0.425640413131213, 0.693594851267936, 1.00000000000000 ), .UNSPECIFIED. );
#4593 = VERTEX_POINT( '', #6272 );
#4594 = LINE( '', #6273, #6274 );
#4595 = CIRCLE( '', #6275, 0.000100000000000000 );
#4596 = VERTEX_POINT( '', #6276 );
#4597 = LINE( '', #6277, #6278 );
#4598 = VERTEX_POINT( '', #6279 );
#4599 = LINE( '', #6280, #6281 );
#4600 = LINE( '', #6282, #6283 );
#4601 = LINE( '', #6284, #6285 );
#4602 = VERTEX_POINT( '', #6286 );
#4603 = LINE( '', #6287, #6288 );
#4604 = LINE( '', #6289, #6290 );
#4605 = VERTEX_POINT( '', #6291 );
#4606 = VERTEX_POINT( '', #6292 );
#4607 = B_SPLINE_CURVE_WITH_KNOTS( '', 2, ( #6293, #6294, #6295, #6296, #6297, #6298, #6299, #6300, #6301, #6302, #6303, #6304, #6305, #6306, #6307, #6308, #6309 ), .UNSPECIFIED., .F., .F., ( 3, 2, 2, 2, 2, 2, 2, 2, 3 ), ( 0.000000000000000, 0.125000000000000, 0.250000000000000, 0.375000000000000, 0.500000000000000, 0.625000000000000, 0.750000000000000, 0.875000000000000, 1.00000000000000 ), .UNSPECIFIED. );
#4608 = VERTEX_POINT( '', #6310 );
#4609 = LINE( '', #6311, #6312 );
#4610 = VERTEX_POINT( '', #6313 );
#4611 = CIRCLE( '', #6314, 0.00152500000000000 );
#4612 = LINE( '', #6315, #6316 );
#4613 = CIRCLE( '', #6317, 0.00152500000000000 );
#4614 = CIRCLE( '', #6318, 0.00152500000000000 );
#4615 = VERTEX_POINT( '', #6319 );
#4616 = CIRCLE( '', #6320, 0.00152500000000000 );
#4617 = VERTEX_POINT( '', #6321 );
#4618 = LINE( '', #6322, #6323 );
#4619 = VERTEX_POINT( '', #6324 );
#4620 = LINE( '', #6325, #6326 );
#4621 = VERTEX_POINT( '', #6327 );
#4622 = CIRCLE( '', #6328, 0.00152500000000000 );
#4623 = LINE( '', #6329, #6330 );
#4624 = VERTEX_POINT( '', #6331 );
#4625 = LINE( '', #6332, #6333 );
#4626 = LINE( '', #6334, #6335 );
#4627 = LINE( '', #6336, #6337 );
#4628 = VERTEX_POINT( '', #6338 );
#4629 = LINE( '', #6339, #6340 );
#4630 = VERTEX_POINT( '', #6341 );
#4631 = LINE( '', #6342, #6343 );
#4632 = CIRCLE( '', #6344, 0.000100000000000000 );
#4633 = B_SPLINE_CURVE_WITH_KNOTS( '', 3, ( #6345, #6346, #6347, #6348, #6349, #6350 ), .UNSPECIFIED., .F., .F., ( 4, 1, 1, 4 ), ( 0.000000000000000, 0.333333333333300, 0.666666666666700, 1.00000000000000 ), .UNSPECIFIED. );
#4634 = LINE( '', #6351, #6352 );
#4635 = VERTEX_POINT( '', #6353 );
#4636 = LINE( '', #6354, #6355 );
#4637 = LINE( '', #6356, #6357 );
#4638 = VERTEX_POINT( '', #6358 );
#4639 = VERTEX_POINT( '', #6359 );
#4640 = B_SPLINE_CURVE_WITH_KNOTS( '', 3, ( #6360, #6361, #6362, #6363, #6364, #6365, #6366, #6367, #6368 ), .UNSPECIFIED., .F., .F., ( 4, 1, 1, 1, 1, 1, 4 ), ( 0.000000000000000, 0.171512392442876, 0.319281920886353, 0.443314023118403, 0.543622923247924, 0.788526883070534, 1.00000000000000 ), .UNSPECIFIED. );
#4641 = VERTEX_POINT( '', #6369 );
#4642 = B_SPLINE_CURVE_WITH_KNOTS( '', 3, ( #6370, #6371, #6372, #6373, #6374, #6375, #6376 ), .UNSPECIFIED., .F., .F., ( 4, 1, 1, 1, 4 ), ( 0.000000000000000, 0.180269036876716, 0.406884291859632, 0.680086988998616, 1.00000000000000 ), .UNSPECIFIED. );
#4643 = VERTEX_POINT( '', #6377 );
#4644 = LINE( '', #6378, #6379 );
#4645 = VERTEX_POINT( '', #6380 );
#4646 = CIRCLE( '', #6381, 0.000400000000000000 );
#4647 = LINE( '', #6382, #6383 );
#4648 = VERTEX_POINT( '', #6384 );
#4649 = B_SPLINE_CURVE_WITH_KNOTS( '', 3, ( #6385, #6386, #6387, #6388, #6389, #6390, #6391, #6392, #6393 ), .UNSPECIFIED., .F., .F., ( 4, 1, 1, 1, 1, 1, 4 ), ( 0.000000000000000, 0.218499116714108, 0.416207688147428, 0.593155791369675, 0.749387220914561, 0.884967645830955, 1.00000000000000 ), .UNSPECIFIED. );
#4650 = VERTEX_POINT( '', #6394 );
#4651 = B_SPLINE_CURVE_WITH_KNOTS( '', 3, ( #6395, #6396, #6397, #6398, #6399, #6400, #6401, #6402 ), .UNSPECIFIED., .F., .F., ( 4, 1, 1, 1, 1, 4 ), ( 0.000000000000000, 0.137419985472270, 0.289567998017325, 0.456748667545782, 0.680960242158996, 1.00000000000000 ), .UNSPECIFIED. );
#4652 = VERTEX_POINT( '', #6403 );
#4653 = LINE( '', #6404, #6405 );
#4654 = CIRCLE( '', #6406, 0.000400000000000000 );
#4655 = VERTEX_POINT( '', #6407 );
#4656 = VERTEX_POINT( '', #6408 );
#4657 = B_SPLINE_CURVE_WITH_KNOTS( '', 3, ( #6409, #6410, #6411, #6412, #6413, #6414, #6415, #6416, #6417 ), .UNSPECIFIED., .F., .F., ( 4, 1, 1, 1, 1, 1, 4 ), ( 0.000000000000000, 0.168045629979706, 0.313077198914247, 0.435099013521568, 0.534122511214431, 0.784050312834054, 1.00000000000000 ), .UNSPECIFIED. );
#4658 = VERTEX_POINT( '', #6418 );
#4659 = B_SPLINE_CURVE_WITH_KNOTS( '', 3, ( #6419, #6420, #6421, #6422, #6423, #6424, #6425, #6426 ), .UNSPECIFIED., .F., .F., ( 4, 1, 1, 1, 1, 4 ), ( 0.000000000000000, 0.149300526172470, 0.315462210684062, 0.498801217283197, 0.706901662120673, 1.00000000000000 ), .UNSPECIFIED. );
#4660 = VERTEX_POINT( '', #6427 );
#4661 = LINE( '', #6428, #6429 );
#4662 = VERTEX_POINT( '', #6430 );
#4663 = CIRCLE( '', #6431, 0.000500000000000000 );
#4664 = LINE( '', #6432, #6433 );
#4665 = VERTEX_POINT( '', #6434 );
#4666 = LINE( '', #6435, #6436 );
#4667 = B_SPLINE_CURVE_WITH_KNOTS( '', 1, ( #6437, #6438 ), .UNSPECIFIED., .F., .F., ( 2, 2 ), ( 0.000000000000000, 1.00000000000000 ), .UNSPECIFIED. );
#4668 = LINE( '', #6439, #6440 );
#4669 = VERTEX_POINT( '', #6441 );
#4670 = LINE( '', #6442, #6443 );
#4671 = LINE( '', #6444, #6445 );
#4672 = VERTEX_POINT( '', #6446 );
#4673 = LINE( '', #6447, #6448 );
#4674 = VERTEX_POINT( '', #6449 );
#4675 = LINE( '', #6450, #6451 );
#4676 = VERTEX_POINT( '', #6452 );
#4677 = B_SPLINE_CURVE_WITH_KNOTS( '', 3, ( #6453, #6454, #6455, #6456, #6457, #6458, #6459 ), .UNSPECIFIED., .F., .F., ( 4, 1, 1, 1, 4 ), ( 0.000000000000000, 0.247580470474813, 0.494798183809894, 0.726773373637962, 1.00000000000000 ), .UNSPECIFIED. );
#4678 = LINE( '', #6460, #6461 );
#4679 = VERTEX_POINT( '', #6462 );
#4680 = VERTEX_POINT( '', #6463 );
#4681 = CIRCLE( '', #6464, 0.000100000000000000 );
#4682 = VERTEX_POINT( '', #6465 );
#4683 = LINE( '', #6466, #6467 );
#4684 = B_SPLINE_CURVE_WITH_KNOTS( '', 2, ( #6468, #6469, #6470 ), .UNSPECIFIED., .F., .F., ( 3, 3 ), ( 0.000000000000000, 1.00000000000000 ), .UNSPECIFIED. );
#4685 = LINE( '', #6471, #6472 );
#4686 = VERTEX_POINT( '', #6473 );
#4687 = LINE( '', #6474, #6475 );
#4688 = VERTEX_POINT( '', #6476 );
#4689 = LINE( '', #6477, #6478 );
#4690 = VERTEX_POINT( '', #6479 );
#4691 = B_SPLINE_CURVE_WITH_KNOTS( '', 3, ( #6480, #6481, #6482, #6483, #6484, #6485, #6486 ), .UNSPECIFIED., .F., .F., ( 4, 1, 1, 1, 4 ), ( 0.000000000000000, 0.273195646700849, 0.505201235503205, 0.752397509134912, 1.00000000000000 ), .UNSPECIFIED. );
#4692 = LINE( '', #6487, #6488 );
#4693 = VERTEX_POINT( '', #6489 );
#4694 = VERTEX_POINT( '', #6490 );
#4695 = CIRCLE( '', #6491, 0.000100000000000000 );
#4696 = VERTEX_POINT( '', #6492 );
#4697 = LINE( '', #6493, #6494 );
#4698 = B_SPLINE_CURVE_WITH_KNOTS( '', 3, ( #6495, #6496, #6497, #6498, #6499, #6500, #6501 ), .UNSPECIFIED., .F., .F., ( 4, 1, 1, 1, 4 ), ( 0.000000000000000, 0.247580470434585, 0.494798183735396, 0.726773373598848, 1.00000000000000 ), .UNSPECIFIED. );
#4699 = LINE( '', #6502, #6503 );
#4700 = VERTEX_POINT( '', #6504 );
#4701 = LINE( '', #6505, #6506 );
#4702 = LINE( '', #6507, #6508 );
#4703 = LINE( '', #6509, #6510 );
#4704 = VERTEX_POINT( '', #6511 );
#4705 = LINE( '', #6512, #6513 );
#4706 = LINE( '', #6514, #6515 );
#4707 = VERTEX_POINT( '', #6516 );
#4708 = LINE( '', #6517, #6518 );
#4709 = LINE( '', #6519, #6520 );
#4710 = VERTEX_POINT( '', #6521 );
#4711 = VERTEX_POINT( '', #6522 );
#4712 = LINE( '', #6523, #6524 );
#4713 = VERTEX_POINT( '', #6525 );
#4714 = LINE( '', #6526, #6527 );
#4715 = VERTEX_POINT( '', #6528 );
#4716 = LINE( '', #6529, #6530 );
#4717 = LINE( '', #6531, #6532 );
#4718 = VERTEX_POINT( '', #6533 );
#4719 = CIRCLE( '', #6534, 0.000100000000000000 );
#4720 = LINE( '', #6535, #6536 );
#4721 = B_SPLINE_CURVE_WITH_KNOTS( '', 3, ( #6537, #6538, #6539, #6540, #6541, #6542 ), .UNSPECIFIED., .F., .F., ( 4, 1, 1, 4 ), ( 0.000000000000000, 0.333333333333300, 0.666666666666700, 1.00000000000000 ), .UNSPECIFIED. );
#4722 = LINE( '', #6543, #6544 );
#4723 = VERTEX_POINT( '', #6545 );
#4724 = CIRCLE( '', #6546, 0.000850000000000000 );
#4725 = VERTEX_POINT( '', #6547 );
#4726 = LINE( '', #6548, #6549 );
#4727 = VERTEX_POINT( '', #6550 );
#4728 = CIRCLE( '', #6551, 0.000100000000000000 );
#4729 = CIRCLE( '', #6552, 0.00152500000000000 );
#4730 = VERTEX_POINT( '', #6553 );
#4731 = CIRCLE( '', #6554, 0.000100000000000000 );
#4732 = CIRCLE( '', #6555, 0.00147500000000000 );
#4733 = VERTEX_POINT( '', #6556 );
#4734 = LINE( '', #6557, #6558 );
#4735 = VERTEX_POINT( '', #6559 );
#4736 = LINE( '', #6560, #6561 );
#4737 = LINE( '', #6562, #6563 );
#4738 = VERTEX_POINT( '', #6564 );
#4739 = LINE( '', #6565, #6566 );
#4740 = VERTEX_POINT( '', #6567 );
#4741 = LINE( '', #6568, #6569 );
#4742 = LINE( '', #6570, #6571 );
#4743 = VERTEX_POINT( '', #6572 );
#4744 = LINE( '', #6573, #6574 );
#4745 = VERTEX_POINT( '', #6575 );
#4746 = LINE( '', #6576, #6577 );
#4747 = LINE( '', #6578, #6579 );
#4748 = VERTEX_POINT( '', #6580 );
#4749 = LINE( '', #6581, #6582 );
#4750 = LINE( '', #6583, #6584 );
#4751 = LINE( '', #6585, #6586 );
#4752 = LINE( '', #6587, #6588 );
#4753 = LINE( '', #6589, #6590 );
#4754 = VERTEX_POINT( '', #6591 );
#4755 = CIRCLE( '', #6592, 0.000100000000000000 );
#4756 = LINE( '', #6593, #6594 );
#4757 = LINE( '', #6595, #6596 );
#4758 = LINE( '', #6597, #6598 );
#4759 = VERTEX_POINT( '', #6599 );
#4760 = LINE( '', #6600, #6601 );
#4761 = LINE( '', #6602, #6603 );
#4762 = VERTEX_POINT( '', #6604 );
#4763 = LINE( '', #6605, #6606 );
#4764 = LINE( '', #6607, #6608 );
#4765 = LINE( '', #6609, #6610 );
#4766 = B_SPLINE_CURVE_WITH_KNOTS( '', 3, ( #6611, #6612, #6613, #6614, #6615, #6616, #6617 ), .UNSPECIFIED., .F., .F., ( 4, 1, 1, 1, 4 ), ( 0.000000000000000, 0.247580470469925, 0.494798183734608, 0.726773373648238, 1.00000000000000 ), .UNSPECIFIED. );
#4767 = LINE( '', #6618, #6619 );
#4768 = B_SPLINE_CURVE_WITH_KNOTS( '', 3, ( #6620, #6621, #6622, #6623, #6624, #6625, #6626, #6627 ), .UNSPECIFIED., .F., .F., ( 4, 1, 1, 1, 1, 4 ), ( 0.000000000000000, 0.140544848827936, 0.296132662127016, 0.467036918012363, 0.687628597876563, 1.00000000000000 ), .UNSPECIFIED. );
#4769 = VERTEX_POINT( '', #6628 );
#4770 = CIRCLE( '', #6629, 0.000500000000000000 );
#4771 = LINE( '', #6630, #6631 );
#4772 = B_SPLINE_CURVE_WITH_KNOTS( '', 3, ( #6632, #6633, #6634, #6635, #6636, #6637, #6638, #6639 ), .UNSPECIFIED., .F., .F., ( 4, 1, 1, 1, 1, 4 ), ( 0.000000000000000, 0.140544848934546, 0.296132662233798, 0.467036918012281, 0.687628597845846, 1.00000000000000 ), .UNSPECIFIED. );
#4773 = VERTEX_POINT( '', #6640 );
#4774 = LINE( '', #6641, #6642 );
#4775 = LINE( '', #6643, #6644 );
#4776 = VERTEX_POINT( '', #6645 );
#4777 = VERTEX_POINT( '', #6646 );
#4778 = LINE( '', #6647, #6648 );
#4779 = CIRCLE( '', #6649, 0.00152500000000000 );
#4780 = LINE( '', #6650, #6651 );
#4781 = VERTEX_POINT( '', #6652 );
#4782 = LINE( '', #6653, #6654 );
#4783 = VERTEX_POINT( '', #6655 );
#4784 = CIRCLE( '', #6656, 0.00152500000000000 );
#4785 = LINE( '', #6657, #6658 );
#4786 = CIRCLE( '', #6659, 0.00152500000000000 );
#4787 = VERTEX_POINT( '', #6660 );
#4788 = VERTEX_POINT( '', #6661 );
#4789 = LINE( '', #6662, #6663 );
#4790 = VERTEX_POINT( '', #6664 );
#4791 = CIRCLE( '', #6665, 0.000100000000000000 );
#4792 = VERTEX_POINT( '', #6666 );
#4793 = LINE( '', #6667, #6668 );
#4794 = B_SPLINE_CURVE_WITH_KNOTS( '', 3, ( #6669, #6670, #6671, #6672, #6673, #6674, #6675, #6676, #6677, #6678 ), .UNSPECIFIED., .F., .F., ( 4, 1, 1, 1, 1, 1, 1, 4 ), ( 0.000000000000000, 0.0592572304991507, 0.122314957962318, 0.193349177077794, 0.300637942108675, 0.425961670072596, 0.693675706036288, 1.00000000000000 ), .UNSPECIFIED. );
#4795 = CIRCLE( '', #6679, 0.000850000000000000 );
#4796 = LINE( '', #6680, #6681 );
#4797 = LINE( '', #6682, #6683 );
#4798 = LINE( '', #6684, #6685 );
#4799 = LINE( '', #6686, #6687 );
#4800 = LINE( '', #6688, #6689 );
#4801 = VERTEX_POINT( '', #6690 );
#4802 = LINE( '', #6691, #6692 );
#4803 = CIRCLE( '', #6693, 0.000100000000000000 );
#4804 = VERTEX_POINT( '', #6694 );
#4805 = B_SPLINE_CURVE_WITH_KNOTS( '', 3, ( #6695, #6696, #6697, #6698, #6699, #6700 ), .UNSPECIFIED., .F., .F., ( 4, 1, 1, 4 ), ( 0.000000000000000, 0.333333333333300, 0.666666666666700, 1.00000000000000 ), .UNSPECIFIED. );
#4806 = VERTEX_POINT( '', #6701 );
#4807 = LINE( '', #6702, #6703 );
#4808 = LINE( '', #6704, #6705 );
#4809 = LINE( '', #6706, #6707 );
#4810 = VERTEX_POINT( '', #6708 );
#4811 = CIRCLE( '', #6709, 0.000500000000000000 );
#4812 = LINE( '', #6710, #6711 );
#4813 = VERTEX_POINT( '', #6712 );
#4814 = CIRCLE( '', #6713, 0.00147500000000000 );
#4815 = VERTEX_POINT( '', #6714 );
#4816 = CIRCLE( '', #6715, 0.00147500000000000 );
#4817 = LINE( '', #6716, #6717 );
#4818 = VERTEX_POINT( '', #6718 );
#4819 = CIRCLE( '', #6719, 0.000100000000000000 );
#4820 = VERTEX_POINT( '', #6720 );
#4821 = LINE( '', #6721, #6722 );
#4822 = B_SPLINE_CURVE_WITH_KNOTS( '', 3, ( #6723, #6724, #6725, #6726, #6727, #6728, #6729, #6730, #6731, #6732 ), .UNSPECIFIED., .F., .F., ( 4, 1, 1, 1, 1, 1, 1, 4 ), ( 0.000000000000000, 0.0592572304991436, 0.122314957962308, 0.193349177077800, 0.300637942108692, 0.425961670072595, 0.693675706036260, 1.00000000000000 ), .UNSPECIFIED. );
#4823 = VERTEX_POINT( '', #6733 );
#4824 = LINE( '', #6734, #6735 );
#4825 = CIRCLE( '', #6736, 0.000100000000000000 );
#4826 = VERTEX_POINT( '', #6737 );
#4827 = LINE( '', #6738, #6739 );
#4828 = LINE( '', #6740, #6741 );
#4829 = VERTEX_POINT( '', #6742 );
#4830 = LINE( '', #6743, #6744 );
#4831 = LINE( '', #6745, #6746 );
#4832 = LINE( '', #6747, #6748 );
#4833 = VERTEX_POINT( '', #6749 );
#4834 = VERTEX_POINT( '', #6750 );
#4835 = CIRCLE( '', #6751, 0.000100000000000000 );
#4836 = LINE( '', #6752, #6753 );
#4837 = LINE( '', #6754, #6755 );
#4838 = VERTEX_POINT( '', #6756 );
#4839 = B_SPLINE_CURVE_WITH_KNOTS( '', 2, ( #6757, #6758, #6759 ), .UNSPECIFIED., .F., .F., ( 3, 3 ), ( 0.000000000000000, 1.00000000000000 ), .UNSPECIFIED. );
#4840 = LINE( '', #6760, #6761 );
#4841 = VERTEX_POINT( '', #6762 );
#4842 = LINE( '', #6763, #6764 );
#4843 = VERTEX_POINT( '', #6765 );
#4844 = LINE( '', #6766, #6767 );
#4845 = LINE( '', #6768, #6769 );
#4846 = VERTEX_POINT( '', #6770 );
#4847 = LINE( '', #6771, #6772 );
#4848 = LINE( '', #6773, #6774 );
#4849 = CIRCLE( '', #6775, 0.00147500000000000 );
#4850 = CIRCLE( '', #6776, 0.00147500000000000 );
#4851 = VERTEX_POINT( '', #6777 );
#4852 = LINE( '', #6778, #6779 );
#4853 = VERTEX_POINT( '', #6780 );
#4854 = LINE( '', #6781, #6782 );
#4855 = LINE( '', #6783, #6784 );
#4856 = VERTEX_POINT( '', #6785 );
#4857 = VERTEX_POINT( '', #6786 );
#4858 = LINE( '', #6787, #6788 );
#4859 = B_SPLINE_CURVE_WITH_KNOTS( '', 3, ( #6789, #6790, #6791, #6792, #6793, #6794, #6795, #6796, #6797, #6798 ), .UNSPECIFIED., .F., .F., ( 4, 1, 1, 1, 1, 1, 1, 4 ), ( 0.000000000000000, 0.0591368452471788, 0.122106113448950, 0.193122196466573, 0.300347785781467, 0.425640413140997, 0.693594851167804, 1.00000000000000 ), .UNSPECIFIED. );
#4860 = CIRCLE( '', #6799, 0.000100000000000000 );
#4861 = VERTEX_POINT( '', #6800 );
#4862 = B_SPLINE_CURVE_WITH_KNOTS( '', 3, ( #6801, #6802, #6803, #6804, #6805, #6806 ), .UNSPECIFIED., .F., .F., ( 4, 1, 1, 4 ), ( 0.000000000000000, 0.333333333333300, 0.666666666666700, 1.00000000000000 ), .UNSPECIFIED. );
#4863 = VERTEX_POINT( '', #6807 );
#4864 = B_SPLINE_CURVE_WITH_KNOTS( '', 3, ( #6808, #6809, #6810, #6811, #6812, #6813 ), .UNSPECIFIED., .F., .F., ( 4, 1, 1, 4 ), ( 0.000000000000000, 0.333333333333300, 0.666666666666700, 1.00000000000000 ), .UNSPECIFIED. );
#4865 = VERTEX_POINT( '', #6814 );
#4866 = CIRCLE( '', #6815, 0.00113296160000000 );
#4867 = B_SPLINE_CURVE_WITH_KNOTS( '', 3, ( #6816, #6817, #6818, #6819, #6820 ), .UNSPECIFIED., .F., .F., ( 4, 1, 4 ), ( 0.000000000000000, 0.520931843003676, 1.00000000000000 ), .UNSPECIFIED. );
#4868 = B_SPLINE_CURVE_WITH_KNOTS( '', 1, ( #6821, #6822 ), .UNSPECIFIED., .F., .F., ( 2, 2 ), ( 0.000000000000000, 1.00000000000000 ), .UNSPECIFIED. );
#4869 = VERTEX_POINT( '', #6823 );
#4870 = LINE( '', #6824, #6825 );
#4871 = LINE( '', #6826, #6827 );
#4872 = CIRCLE( '', #6828, 0.000100000200000000 );
#4873 = B_SPLINE_CURVE_WITH_KNOTS( '', 3, ( #6829, #6830, #6831, #6832, #6833, #6834, #6835, #6836, #6837 ), .UNSPECIFIED., .F., .F., ( 4, 1, 1, 1, 1, 1, 4 ), ( 0.000000000000000, 0.306175283458944, 0.574078320571377, 0.699415559469337, 0.806666058709631, 0.910215533573193, 1.00000000000000 ), .UNSPECIFIED. );
#4874 = VERTEX_POINT( '', #6838 );
#4875 = B_SPLINE_CURVE_WITH_KNOTS( '', 3, ( #6839, #6840, #6841, #6842, #6843, #6844, #6845, #6846 ), .UNSPECIFIED., .F., .F., ( 4, 1, 1, 1, 1, 4 ), ( 0.000000000000000, 0.140544848882120, 0.296132662173721, 0.467036917989639, 0.687628598141250, 1.00000000000000 ), .UNSPECIFIED. );
#4876 = LINE( '', #6847, #6848 );
#4877 = VERTEX_POINT( '', #6849 );
#4878 = VERTEX_POINT( '', #6850 );
#4879 = LINE( '', #6851, #6852 );
#4880 = LINE( '', #6853, #6854 );
#4881 = B_SPLINE_CURVE_WITH_KNOTS( '', 3, ( #6855, #6856, #6857, #6858, #6859, #6860 ), .UNSPECIFIED., .F., .F., ( 4, 1, 1, 4 ), ( 0.000000000000000, 0.333333333333300, 0.666666666666700, 1.00000000000000 ), .UNSPECIFIED. );
#4882 = LINE( '', #6861, #6862 );
#4883 = LINE( '', #6863, #6864 );
#4884 = VERTEX_POINT( '', #6865 );
#4885 = LINE( '', #6866, #6867 );
#4886 = VERTEX_POINT( '', #6868 );
#4887 = LINE( '', #6869, #6870 );
#4888 = LINE( '', #6871, #6872 );
#4889 = VERTEX_POINT( '', #6873 );
#4890 = LINE( '', #6874, #6875 );
#4891 = VERTEX_POINT( '', #6876 );
#4892 = LINE( '', #6877, #6878 );
#4893 = LINE( '', #6879, #6880 );
#4894 = VERTEX_POINT( '', #6881 );
#4895 = LINE( '', #6882, #6883 );
#4896 = VERTEX_POINT( '', #6884 );
#4897 = LINE( '', #6885, #6886 );
#4898 = LINE( '', #6887, #6888 );
#4899 = VERTEX_POINT( '', #6889 );
#4900 = LINE( '', #6890, #6891 );
#4901 = VERTEX_POINT( '', #6892 );
#4902 = LINE( '', #6893, #6894 );
#4903 = LINE( '', #6895, #6896 );
#4904 = LINE( '', #6897, #6898 );
#4905 = VERTEX_POINT( '', #6899 );
#4906 = LINE( '', #6900, #6901 );
#4907 = VERTEX_POINT( '', #6902 );
#4908 = LINE( '', #6903, #6904 );
#4909 = LINE( '', #6905, #6906 );
#4910 = LINE( '', #6907, #6908 );
#4911 = LINE( '', #6909, #6910 );
#4912 = VERTEX_POINT( '', #6911 );
#4913 = LINE( '', #6912, #6913 );
#4914 = VERTEX_POINT( '', #6914 );
#4915 = LINE( '', #6915, #6916 );
#4916 = VERTEX_POINT( '', #6917 );
#4917 = LINE( '', #6918, #6919 );
#4918 = VERTEX_POINT( '', #6920 );
#4919 = LINE( '', #6921, #6922 );
#4920 = VERTEX_POINT( '', #6923 );
#4921 = LINE( '', #6924, #6925 );
#4922 = VERTEX_POINT( '', #6926 );
#4923 = LINE( '', #6927, #6928 );
#4924 = LINE( '', #6929, #6930 );
#4925 = VERTEX_POINT( '', #6931 );
#4926 = LINE( '', #6932, #6933 );
#4927 = LINE( '', #6934, #6935 );
#4928 = VERTEX_POINT( '', #6936 );
#4929 = CIRCLE( '', #6937, 0.000100000000000000 );
#4930 = LINE( '', #6938, #6939 );
#4931 = LINE( '', #6940, #6941 );
#4932 = LINE( '', #6942, #6943 );
#4933 = VERTEX_POINT( '', #6944 );
#4934 = VERTEX_POINT( '', #6945 );
#4935 = LINE( '', #6946, #6947 );
#4936 = B_SPLINE_CURVE_WITH_KNOTS( '', 3, ( #6948, #6949, #6950, #6951, #6952, #6953 ), .UNSPECIFIED., .F., .F., ( 4, 1, 1, 4 ), ( 0.000000000000000, 0.333333333333300, 0.666666666666700, 1.00000000000000 ), .UNSPECIFIED. );
#4937 = LINE( '', #6954, #6955 );
#4938 = VERTEX_POINT( '', #6956 );
#4939 = LINE( '', #6957, #6958 );
#4940 = LINE( '', #6959, #6960 );
#4941 = VERTEX_POINT( '', #6961 );
#4942 = LINE( '', #6962, #6963 );
#4943 = VERTEX_POINT( '', #6964 );
#4944 = LINE( '', #6965, #6966 );
#4945 = LINE( '', #6967, #6968 );
#4946 = VERTEX_POINT( '', #6969 );
#4947 = LINE( '', #6970, #6971 );
#4948 = LINE( '', #6972, #6973 );
#4949 = LINE( '', #6974, #6975 );
#4950 = VERTEX_POINT( '', #6976 );
#4951 = LINE( '', #6977, #6978 );
#4952 = LINE( '', #6979, #6980 );
#4953 = VERTEX_POINT( '', #6981 );
#4954 = LINE( '', #6982, #6983 );
#4955 = LINE( '', #6984, #6985 );
#4956 = LINE( '', #6986, #6987 );
#4957 = VERTEX_POINT( '', #6988 );
#4958 = LINE( '', #6989, #6990 );
#4959 = LINE( '', #6991, #6992 );
#4960 = LINE( '', #6993, #6994 );
#4961 = VERTEX_POINT( '', #6995 );
#4962 = LINE( '', #6996, #6997 );
#4963 = LINE( '', #6998, #6999 );
#4964 = VERTEX_POINT( '', #7000 );
#4965 = CIRCLE( '', #7001, 0.000850000000000000 );
#4966 = VERTEX_POINT( '', #7002 );
#4967 = B_SPLINE_CURVE_WITH_KNOTS( '', 3, ( #7003, #7004, #7005, #7006, #7007, #7008 ), .UNSPECIFIED., .F., .F., ( 4, 1, 1, 4 ), ( 0.000000000000000, 0.333333333333300, 0.666666666666700, 1.00000000000000 ), .UNSPECIFIED. );
#4968 = VERTEX_POINT( '', #7009 );
#4969 = LINE( '', #7010, #7011 );
#4970 = CIRCLE( '', #7012, 0.000850000000000000 );
#4971 = B_SPLINE_CURVE_WITH_KNOTS( '', 3, ( #7013, #7014, #7015, #7016, #7017, #7018 ), .UNSPECIFIED., .F., .F., ( 4, 1, 1, 4 ), ( 0.000000000000000, 0.333333333333300, 0.666666666666700, 1.00000000000000 ), .UNSPECIFIED. );
#4972 = LINE( '', #7019, #7020 );
#4973 = CIRCLE( '', #7021, 0.00147500000000000 );
#4974 = CIRCLE( '', #7022, 0.00113296160000000 );
#4975 = VERTEX_POINT( '', #7023 );
#4976 = LINE( '', #7024, #7025 );
#4977 = LINE( '', #7026, #7027 );
#4978 = VERTEX_POINT( '', #7028 );
#4979 = VERTEX_POINT( '', #7029 );
#4980 = B_SPLINE_CURVE_WITH_KNOTS( '', 3, ( #7030, #7031, #7032, #7033, #7034, #7035 ), .UNSPECIFIED., .F., .F., ( 4, 1, 1, 4 ), ( 0.000000000000000, 0.333333333333300, 0.666666666666700, 1.00000000000000 ), .UNSPECIFIED. );
#4981 = CIRCLE( '', #7036, 0.000850000000000000 );
#4982 = VERTEX_POINT( '', #7037 );
#4983 = CIRCLE( '', #7038, 0.000850000000000000 );
#4984 = LINE( '', #7039, #7040 );
#4985 = CIRCLE( '', #7041, 0.00113296160000000 );
#4986 = VERTEX_POINT( '', #7042 );
#4987 = LINE( '', #7043, #7044 );
#4988 = CIRCLE( '', #7045, 0.000702669000000000 );
#4989 = B_SPLINE_CURVE_WITH_KNOTS( '', 3, ( #7046, #7047, #7048, #7049, #7050, #7051 ), .UNSPECIFIED., .F., .F., ( 4, 1, 1, 4 ), ( 0.000000000000000, 0.333333333333300, 0.666666666666700, 1.00000000000000 ), .UNSPECIFIED. );
#4990 = LINE( '', #7052, #7053 );
#4991 = B_SPLINE_CURVE_WITH_KNOTS( '', 3, ( #7054, #7055, #7056, #7057, #7058, #7059, #7060, #7061, #7062 ), .UNSPECIFIED., .F., .F., ( 4, 1, 1, 1, 1, 1, 4 ), ( 0.000000000000000, 0.157284323722091, 0.293296889575743, 0.408040314661622, 0.501522283170535, 0.769883683650364, 1.00000000000000 ), .UNSPECIFIED. );
#4992 = LINE( '', #7063, #7064 );
#4993 = VERTEX_POINT( '', #7065 );
#4994 = B_SPLINE_CURVE_WITH_KNOTS( '', 2, ( #7066, #7067, #7068, #7069, #7070, #7071, #7072, #7073, #7074, #7075, #7076, #7077, #7078, #7079, #7080, #7081, #7082 ), .UNSPECIFIED., .F., .F., ( 3, 2, 2, 2, 2, 2, 2, 2, 3 ), ( 0.000000000000000, 0.125000000000000, 0.250000000000000, 0.375000000000000, 0.500000000000000, 0.625000000000000, 0.750000000000000, 0.875000000000000, 1.00000000000000 ), .UNSPECIFIED. );
#4995 = LINE( '', #7083, #7084 );
#4996 = VERTEX_POINT( '', #7085 );
#4997 = LINE( '', #7086, #7087 );
#4998 = CIRCLE( '', #7088, 0.000702669000000000 );
#4999 = LINE( '', #7089, #7090 );
#5000 = LINE( '', #7091, #7092 );
#5001 = VERTEX_POINT( '', #7093 );
#5002 = B_SPLINE_CURVE_WITH_KNOTS( '', 3, ( #7094, #7095, #7096, #7097, #7098, #7099, #7100 ), .UNSPECIFIED., .F., .F., ( 4, 1, 1, 1, 4 ), ( 0.000000000000000, 0.273195646765816, 0.505201235574899, 0.752397509244450, 1.00000000000000 ), .UNSPECIFIED. );
#5003 = LINE( '', #7101, #7102 );
#5004 = VERTEX_POINT( '', #7103 );
#5005 = LINE( '', #7104, #7105 );
#5006 = LINE( '', #7106, #7107 );
#5007 = LINE( '', #7108, #7109 );
#5008 = LINE( '', #7110, #7111 );
#5009 = VERTEX_POINT( '', #7112 );
#5010 = LINE( '', #7113, #7114 );
#5011 = VERTEX_POINT( '', #7115 );
#5012 = LINE( '', #7116, #7117 );
#5013 = LINE( '', #7118, #7119 );
#5014 = LINE( '', #7120, #7121 );
#5015 = LINE( '', #7122, #7123 );
#5016 = LINE( '', #7124, #7125 );
#5017 = LINE( '', #7126, #7127 );
#5018 = LINE( '', #7128, #7129 );
#5019 = VERTEX_POINT( '', #7130 );
#5020 = VERTEX_POINT( '', #7131 );
#5021 = CIRCLE( '', #7132, 0.00113296160000000 );
#5022 = VERTEX_POINT( '', #7133 );
#5023 = CIRCLE( '', #7134, 0.000850000000000000 );
#5024 = VERTEX_POINT( '', #7135 );
#5025 = CIRCLE( '', #7136, 0.00113296160000000 );
#5026 = CIRCLE( '', #7137, 0.000850000000000000 );
#5027 = VERTEX_POINT( '', #7138 );
#5028 = CIRCLE( '', #7139, 0.00113296160000000 );
#5029 = CIRCLE( '', #7140, 0.000850000000000000 );
#5030 = VERTEX_POINT( '', #7141 );
#5031 = LINE( '', #7142, #7143 );
#5032 = CIRCLE( '', #7144, 0.000100000000000000 );
#5033 = CIRCLE( '', #7145, 0.000100000000000000 );
#5034 = CIRCLE( '', #7146, 0.000500000000000000 );
#5035 = VERTEX_POINT( '', #7147 );
#5036 = LINE( '', #7148, #7149 );
#5037 = LINE( '', #7150, #7151 );
#5038 = VERTEX_POINT( '', #7152 );
#5039 = CIRCLE( '', #7153, 0.000100000000000000 );
#5040 = VERTEX_POINT( '', #7154 );
#5041 = LINE( '', #7155, #7156 );
#5042 = B_SPLINE_CURVE_WITH_KNOTS( '', 2, ( #7157, #7158, #7159 ), .UNSPECIFIED., .F., .F., ( 3, 3 ), ( 0.000000000000000, 1.00000000000000 ), .UNSPECIFIED. );
#5043 = LINE( '', #7160, #7161 );
#5044 = LINE( '', #7162, #7163 );
#5045 = LINE( '', #7164, #7165 );
#5046 = LINE( '', #7166, #7167 );
#5047 = B_SPLINE_CURVE_WITH_KNOTS( '', 1, ( #7168, #7169 ), .UNSPECIFIED., .F., .F., ( 2, 2 ), ( 0.000000000000000, 1.00000000000000 ), .UNSPECIFIED. );
#5048 = VERTEX_POINT( '', #7170 );
#5049 = VERTEX_POINT( '', #7171 );
#5050 = LINE( '', #7172, #7173 );
#5051 = B_SPLINE_CURVE_WITH_KNOTS( '', 3, ( #7174, #7175, #7176, #7177, #7178, #7179 ), .UNSPECIFIED., .F., .F., ( 4, 1, 1, 4 ), ( 0.000000000000000, 0.333333333333300, 0.666666666666700, 1.00000000000000 ), .UNSPECIFIED. );
#5052 = LINE( '', #7180, #7181 );
#5053 = B_SPLINE_CURVE_WITH_KNOTS( '', 3, ( #7182, #7183, #7184, #7185, #7186, #7187 ), .UNSPECIFIED., .F., .F., ( 4, 1, 1, 4 ), ( 0.000000000000000, 0.333333333333300, 0.666666666666700, 1.00000000000000 ), .UNSPECIFIED. );
#5054 = CIRCLE( '', #7188, 0.000850000000000000 );
#5055 = LINE( '', #7189, #7190 );
#5056 = LINE( '', #7191, #7192 );
#5057 = LINE( '', #7193, #7194 );
#5058 = LINE( '', #7195, #7196 );
#5059 = LINE( '', #7197, #7198 );
#5060 = VERTEX_POINT( '', #7199 );
#5061 = CIRCLE( '', #7200, 0.000500000000000000 );
#5062 = LINE( '', #7201, #7202 );
#5063 = CIRCLE( '', #7203, 0.00147500000000000 );
#5064 = CIRCLE( '', #7204, 0.000500000000000000 );
#5065 = VERTEX_POINT( '', #7205 );
#5066 = CIRCLE( '', #7206, 0.000850000000000000 );
#5067 = LINE( '', #7207, #7208 );
#5068 = CIRCLE( '', #7209, 0.000850000000000000 );
#5069 = CIRCLE( '', #7210, 0.000100000000000000 );
#5070 = LINE( '', #7211, #7212 );
#5071 = B_SPLINE_CURVE_WITH_KNOTS( '', 3, ( #7213, #7214, #7215, #7216, #7217, #7218 ), .UNSPECIFIED., .F., .F., ( 4, 1, 1, 4 ), ( 0.000000000000000, 0.333333333333300, 0.666666666666700, 1.00000000000000 ), .UNSPECIFIED. );
#5072 = B_SPLINE_CURVE_WITH_KNOTS( '', 3, ( #7219, #7220, #7221, #7222, #7223, #7224 ), .UNSPECIFIED., .F., .F., ( 4, 1, 1, 4 ), ( 0.000000000000000, 0.333333333333300, 0.666666666666700, 1.00000000000000 ), .UNSPECIFIED. );
#5073 = B_SPLINE_CURVE_WITH_KNOTS( '', 3, ( #7225, #7226, #7227, #7228, #7229, #7230 ), .UNSPECIFIED., .F., .F., ( 4, 1, 1, 4 ), ( 0.000000000000000, 0.333333333333300, 0.666666666666700, 1.00000000000000 ), .UNSPECIFIED. );
#5074 = LINE( '', #7231, #7232 );
#5075 = LINE( '', #7233, #7234 );
#5076 = LINE( '', #7235, #7236 );
#5077 = B_SPLINE_CURVE_WITH_KNOTS( '', 3, ( #7237, #7238, #7239, #7240, #7241, #7242 ), .UNSPECIFIED., .F., .F., ( 4, 1, 1, 4 ), ( 0.000000000000000, 0.333333333333300, 0.666666666666700, 1.00000000000000 ), .UNSPECIFIED. );
#5078 = LINE( '', #7243, #7244 );
#5079 = LINE( '', #7245, #7246 );
#5080 = VERTEX_POINT( '', #7247 );
#5081 = LINE( '', #7248, #7249 );
#5082 = B_SPLINE_CURVE_WITH_KNOTS( '', 3, ( #7250, #7251, #7252, #7253, #7254, #7255 ), .UNSPECIFIED., .F., .F., ( 4, 1, 1, 4 ), ( 0.000000000000000, 0.333333333333300, 0.666666666666700, 1.00000000000000 ), .UNSPECIFIED. );
#5083 = B_SPLINE_CURVE_WITH_KNOTS( '', 3, ( #7256, #7257, #7258, #7259, #7260, #7261 ), .UNSPECIFIED., .F., .F., ( 4, 1, 1, 4 ), ( 0.000000000000000, 0.333333333333300, 0.666666666666700, 1.00000000000000 ), .UNSPECIFIED. );
#5084 = LINE( '', #7262, #7263 );
#5085 = CARTESIAN_POINT( '', ( -0.0219354230530000, 0.00477180477032800, 0.0160342311381500 ) );
#5086 = CARTESIAN_POINT( '', ( -0.0219061337311200, 0.00470109409221000, 0.0160635204600300 ) );
#5087 = CARTESIAN_POINT( '', ( -0.0219354230530000, 0.00477180477033800, 0.0160342311381500 ) );
#5088 = CARTESIAN_POINT( '', ( -0.0219354230530000, 0.00473038341409670, 0.0160342311381500 ) );
#5089 = CARTESIAN_POINT( '', ( -0.0219061337311200, 0.00470109409222000, 0.0160635204600300 ) );
#5090 = CARTESIAN_POINT( '', ( -0.0215354230530000, 0.00507180477032800, 0.0164342311381500 ) );
#5091 = CARTESIAN_POINT( '', ( -0.0219061337311300, 0.00470109409222000, 0.0160635204600400 ) );
#5092 = VECTOR( '', #7264, 1.00000000000000 );
#5093 = CARTESIAN_POINT( '', ( -0.0215354230530000, 0.00539580477032800, 0.0164342311381500 ) );
#5094 = CARTESIAN_POINT( '', ( -0.0215354230530100, 0.00507180477033800, 0.0164342311381600 ) );
#5095 = VECTOR( '', #7265, 1.00000000000000 );
#5096 = CARTESIAN_POINT( '', ( -0.0219061337311200, 0.00576651544844700, 0.0160635204600300 ) );
#5097 = CARTESIAN_POINT( '', ( -0.0219061337311300, 0.00576651544845700, 0.0160635204600400 ) );
#5098 = VECTOR( '', #7266, 1.00000000000000 );
#5099 = CARTESIAN_POINT( '', ( -0.0219354230530000, 0.00569580477032800, 0.0160342311381500 ) );
#5100 = CARTESIAN_POINT( '', ( -0.0219061337311200, 0.00576651544845700, 0.0160635204600300 ) );
#5101 = CARTESIAN_POINT( '', ( -0.0219354230530000, 0.00573722612658030, 0.0160342311381500 ) );
#5102 = CARTESIAN_POINT( '', ( -0.0219354230530000, 0.00569580477033800, 0.0160342311381500 ) );
#5103 = CARTESIAN_POINT( '', ( -0.0219354230530100, 0.00477180477033800, 0.0160342311381600 ) );
#5104 = VECTOR( '', #7267, 1.00000000000000 );
#5105 = CARTESIAN_POINT( '', ( -0.0171987654185000, 0.00525613577032900, 0.00656212435696000 ) );
#5106 = CARTESIAN_POINT( '', ( -0.0171987654185000, 0.00525613577032800, 0.0115942311381500 ) );
#5107 = CARTESIAN_POINT( '', ( -0.0171987654185100, 0.00525613577033900, 0.00656212435697000 ) );
#5108 = VECTOR( '', #7268, 1.00000000000000 );
#5109 = CARTESIAN_POINT( '', ( -0.0171987654185000, 0.00353380477032900, 0.00656212435696000 ) );
#5110 = CARTESIAN_POINT( '', ( -0.0171987654185100, 0.00353380477033900, 0.00656212435697000 ) );
#5111 = VECTOR( '', #7269, 1.00000000000000 );
#5112 = CARTESIAN_POINT( '', ( -0.0171987654185000, 0.00353380477032900, 0.0126542311381500 ) );
#5113 = CARTESIAN_POINT( '', ( -0.0171987654185100, 0.00353380477033900, 0.0126542311381600 ) );
#5114 = VECTOR( '', #7270, 1.00000000000000 );
#5115 = CARTESIAN_POINT( '', ( -0.0171990935483200, -0.00328323145433600, 0.0126542311381500 ) );
#5116 = CARTESIAN_POINT( '', ( -0.0171990935483300, -0.00328323145433600, 0.0126542311381500 ) );
#5117 = CARTESIAN_POINT( '', ( -0.0171987654184942, 0.00353380477032900, 0.0126542311381500 ) );
#5118 = CARTESIAN_POINT( '', ( -0.0171990935529100, -0.00328323145403400, -0.00214576886185300 ) );
#5119 = CARTESIAN_POINT( '', ( -0.0171995439044364, -0.00328323228136243, -0.00214576886185300 ) );
#5120 = CARTESIAN_POINT( '', ( -0.0171995439044362, -0.00328323228146932, 0.00278756447148133 ) );
#5121 = CARTESIAN_POINT( '', ( -0.0171995439044360, -0.00328323228157622, 0.00772089780481567 ) );
#5122 = CARTESIAN_POINT( '', ( -0.0171995439044358, -0.00328323228168312, 0.0126542311381500 ) );
#5123 = CARTESIAN_POINT( '', ( -0.0171990935565700, 0.00819930677534900, -0.00214576886185300 ) );
#5124 = CARTESIAN_POINT( '', ( -0.0171987654185000, 0.00780022612653600, -0.00214576886186300 ) );
#5125 = VECTOR( '', #7271, 1.00000000000000 );
#5126 = CARTESIAN_POINT( '', ( -0.0171990935529100, 0.00819930677559100, 0.0126542311381500 ) );
#5127 = CARTESIAN_POINT( '', ( -0.0171995439044363, 0.00819930760291940, 0.0126542311381500 ) );
#5128 = CARTESIAN_POINT( '', ( -0.0171995439044365, 0.00819930760283339, 0.00772089780481567 ) );
#5129 = CARTESIAN_POINT( '', ( -0.0171995439044367, 0.00819930760274739, 0.00278756447148133 ) );
#5130 = CARTESIAN_POINT( '', ( -0.0171995439044368, 0.00819930760266138, -0.00214576886185300 ) );
#5131 = CARTESIAN_POINT( '', ( -0.0171987654185000, 0.00758380477032900, 0.0126542311381500 ) );
#5132 = CARTESIAN_POINT( '', ( -0.0171987654185100, 0.00758380477032900, 0.0126542311381500 ) );
#5133 = CARTESIAN_POINT( '', ( -0.0171990935529297, 0.00819930677559099, 0.0126542311381500 ) );
#5134 = CARTESIAN_POINT( '', ( -0.0171987654185000, 0.00758380477032900, 0.00656212435696000 ) );
#5135 = CARTESIAN_POINT( '', ( -0.0171987654185100, 0.00758380477033900, 0.00656212435697000 ) );
#5136 = VECTOR( '', #7272, 1.00000000000000 );
#5137 = CARTESIAN_POINT( '', ( -0.0171987654185000, 0.00586147377032900, 0.00656212435696000 ) );
#5138 = CARTESIAN_POINT( '', ( -0.0171987654185100, 0.00586147377033900, 0.00656212435697000 ) );
#5139 = VECTOR( '', #7273, 1.00000000000000 );
#5140 = CARTESIAN_POINT( '', ( -0.0171987654185000, 0.00586147377032900, 0.0115942311381500 ) );
#5141 = CARTESIAN_POINT( '', ( -0.0171987654185100, 0.00586147377033900, 0.0115942311381600 ) );
#5142 = VECTOR( '', #7274, 1.00000000000000 );
#5143 = CARTESIAN_POINT( '', ( -0.0171987654185100, 0.00586147377033900, 0.0115942311381600 ) );
#5144 = VECTOR( '', #7275, 1.00000000000000 );
#5145 = CARTESIAN_POINT( '', ( -0.0167987654185000, 0.00485613577032900, 0.0115942311381500 ) );
#5146 = CARTESIAN_POINT( '', ( -0.0167987654185000, 0.00485613577032900, 0.00716923113814600 ) );
#5147 = CARTESIAN_POINT( '', ( -0.0167987654185100, 0.00485613577033900, 0.0115942311381600 ) );
#5148 = VECTOR( '', #7276, 1.00000000000000 );
#5149 = CARTESIAN_POINT( '', ( -0.0170523188090900, 0.00494676434611700, 0.00691567774755300 ) );
#5150 = CARTESIAN_POINT( '', ( -0.0170523188090935, 0.00494676434612700, 0.00691567774755649 ) );
#5151 = CARTESIAN_POINT( '', ( -0.0169417389761799, 0.00485613577033900, 0.00702625758047012 ) );
#5152 = CARTESIAN_POINT( '', ( -0.0167987654185020, 0.00485613577033900, 0.00716923113814799 ) );
#5153 = CARTESIAN_POINT( '', ( -0.0170523188091020, 0.00494676434612461, 0.00691567774756300 ) );
#5154 = CARTESIAN_POINT( '', ( -0.0170656901260069, 0.00495865098290201, 0.00690131398863985 ) );
#5155 = CARTESIAN_POINT( '', ( -0.0170938658346040, 0.00498369821021863, 0.00687104703074362 ) );
#5156 = CARTESIAN_POINT( '', ( -0.0171288987971144, 0.00502796121903952, 0.00681948040957827 ) );
#5157 = CARTESIAN_POINT( '', ( -0.0171617721033367, 0.00508367980147403, 0.00675586383875577 ) );
#5158 = CARTESIAN_POINT( '', ( -0.0171915209875412, 0.00515984571953653, 0.00666923242884778 ) );
#5159 = CARTESIAN_POINT( '', ( -0.0171960850457981, 0.00522050933878740, 0.00660175335663198 ) );
#5160 = CARTESIAN_POINT( '', ( -0.0171987654185000, 0.00525613577032900, 0.00656212435697000 ) );
#5161 = AXIS2_PLACEMENT_3D( '', #7277, #7278, #7279 );
#5162 = CARTESIAN_POINT( '', ( -0.0151987654185000, 0.00708380477032900, 0.00876923113814600 ) );
#5163 = CARTESIAN_POINT( '', ( -0.0151987654185000, 0.00403380477032900, 0.00876923113814600 ) );
#5164 = CARTESIAN_POINT( '', ( -0.0151987654185020, 0.00708380477033900, 0.00876923113814800 ) );
#5165 = CARTESIAN_POINT( '', ( -0.0149069484736075, 0.00708380477033900, 0.00906104808304251 ) );
#5166 = CARTESIAN_POINT( '', ( -0.0146374209864189, 0.00697673192945875, 0.00933057557023112 ) );
#5167 = CARTESIAN_POINT( '', ( -0.0143436321433309, 0.00686002099071009, 0.00962436441331907 ) );
#5168 = CARTESIAN_POINT( '', ( -0.0141204275771901, 0.00663714261164800, 0.00984756897945989 ) );
#5169 = CARTESIAN_POINT( '', ( -0.0138979007243652, 0.00641494095550390, 0.0100700958322848 ) );
#5170 = CARTESIAN_POINT( '', ( -0.0137808382593803, 0.00612014920242033, 0.0101871582972697 ) );
#5171 = CARTESIAN_POINT( '', ( -0.0136738660735854, 0.00585076722600502, 0.0102941304830646 ) );
#5172 = CARTESIAN_POINT( '', ( -0.0136737654185000, 0.00555880477033883, 0.0102942311381500 ) );
#5173 = CARTESIAN_POINT( '', ( -0.0136736651183752, 0.00526787192159407, 0.0102943314382748 ) );
#5174 = CARTESIAN_POINT( '', ( -0.0137808382593803, 0.00499746033825667, 0.0101871582972697 ) );
#5175 = CARTESIAN_POINT( '', ( -0.0138973442940288, 0.00470350066699742, 0.0100706522626212 ) );
#5176 = CARTESIAN_POINT( '', ( -0.0141204275771901, 0.00448046692902900, 0.00984756897945989 ) );
#5177 = CARTESIAN_POINT( '', ( -0.0143428807079544, 0.00425806320350525, 0.00962511584869560 ) );
#5178 = CARTESIAN_POINT( '', ( -0.0146374209864189, 0.00414087761121850, 0.00933057557023112 ) );
#5179 = CARTESIAN_POINT( '', ( -0.0149065433567821, 0.00403380477033900, 0.00906145319986787 ) );
#5180 = CARTESIAN_POINT( '', ( -0.0151987654185020, 0.00403380477033900, 0.00876923113814800 ) );
#5181 = CARTESIAN_POINT( '', ( -0.0166987654185000, 0.00403380477032900, 0.00726923113814600 ) );
#5182 = CARTESIAN_POINT( '', ( -0.0166987654185100, 0.00403380477033900, 0.00726923113815600 ) );
#5183 = VECTOR( '', #7280, 1.00000000000000 );
#5184 = CARTESIAN_POINT( '', ( -0.0170523188090900, 0.00388735816092200, 0.00691567774755300 ) );
#5185 = CARTESIAN_POINT( '', ( -0.0166987654185020, 0.00403380477033900, 0.00726923113814800 ) );
#5186 = CARTESIAN_POINT( '', ( -0.0167937891509383, 0.00403380477033900, 0.00717420740571174 ) );
#5187 = CARTESIAN_POINT( '', ( -0.0168840025595943, 0.00399822613242250, 0.00708399399705575 ) );
#5188 = CARTESIAN_POINT( '', ( -0.0169788616559296, 0.00396081531409867, 0.00698913490072038 ) );
#5189 = CARTESIAN_POINT( '', ( -0.0170523188090935, 0.00388735816093200, 0.00691567774755649 ) );
#5190 = CARTESIAN_POINT( '', ( -0.0170523188091000, 0.00494676434612700, 0.00691567774756300 ) );
#5191 = VECTOR( '', #7281, 1.00000000000000 );
#5192 = CARTESIAN_POINT( '', ( -0.0151987654185000, 0.00485613577032900, 0.00876923113814600 ) );
#5193 = CARTESIAN_POINT( '', ( -0.0151987654185100, 0.00485613577033900, 0.00876923113815600 ) );
#5194 = VECTOR( '', #7282, 1.00000000000000 );
#5195 = CARTESIAN_POINT( '', ( -0.0151987654185000, 0.00626147377032900, 0.00876923113814600 ) );
#5196 = CARTESIAN_POINT( '', ( -0.0151987654185020, 0.00485613577033900, 0.00876923113814800 ) );
#5197 = CARTESIAN_POINT( '', ( -0.0150644232005444, 0.00485613577033900, 0.00890357335610561 ) );
#5198 = CARTESIAN_POINT( '', ( -0.0149401166770283, 0.00490547135461917, 0.00902787987962171 ) );
#5199 = CARTESIAN_POINT( '', ( -0.0148049359923570, 0.00495912274694362, 0.00916306056429299 ) );
#5200 = CARTESIAN_POINT( '', ( -0.0147019034036730, 0.00506194275550893, 0.00926609315297696 ) );
#5201 = CARTESIAN_POINT( '', ( -0.0145995177677724, 0.00516411714610453, 0.00936847878887763 ) );
#5202 = CARTESIAN_POINT( '', ( -0.0145454320027823, 0.00530015602886547, 0.00942256455386773 ) );
#5203 = CARTESIAN_POINT( '', ( -0.0144961934100470, 0.00542400309187094, 0.00947180314660301 ) );
#5204 = CARTESIAN_POINT( '', ( -0.0144960964185003, 0.00555880477033883, 0.00947190013814966 ) );
#5205 = CARTESIAN_POINT( '', ( -0.0144960001643253, 0.00569258162822429, 0.00947199639232468 ) );
#5206 = CARTESIAN_POINT( '', ( -0.0145454320027823, 0.00581745351181153, 0.00942256455386773 ) );
#5207 = CARTESIAN_POINT( '', ( -0.0145989674026935, 0.00595269157768541, 0.00936902915395653 ) );
#5208 = CARTESIAN_POINT( '', ( -0.0147019034036730, 0.00605566678516807, 0.00926609315297696 ) );
#5209 = CARTESIAN_POINT( '', ( -0.0148042151872479, 0.00615801753749264, 0.00916378136940210 ) );
#5210 = CARTESIAN_POINT( '', ( -0.0149401166770283, 0.00621213818605808, 0.00902787987962171 ) );
#5211 = CARTESIAN_POINT( '', ( -0.0150640024688783, 0.00626147377033900, 0.00890399408777175 ) );
#5212 = CARTESIAN_POINT( '', ( -0.0151987654185020, 0.00626147377033900, 0.00876923113814800 ) );
#5213 = CARTESIAN_POINT( '', ( -0.0167987654185000, 0.00626147377032900, 0.00716923113814600 ) );
#5214 = CARTESIAN_POINT( '', ( -0.0167987654185100, 0.00626147377033900, 0.00716923113815600 ) );
#5215 = VECTOR( '', #7283, 1.00000000000000 );
#5216 = CARTESIAN_POINT( '', ( -0.0170523188090900, 0.00617084519454000, 0.00691567774755300 ) );
#5217 = CARTESIAN_POINT( '', ( -0.0167987654185020, 0.00626147377033900, 0.00716923113814799 ) );
#5218 = CARTESIAN_POINT( '', ( -0.0169417389761787, 0.00626147377033900, 0.00702625758047134 ) );
#5219 = CARTESIAN_POINT( '', ( -0.0170523188090935, 0.00617084519455000, 0.00691567774755649 ) );
#5220 = CARTESIAN_POINT( '', ( -0.0170523188090800, 0.00723025137972100, 0.00691567774756900 ) );
#5221 = CARTESIAN_POINT( '', ( -0.0170523188090900, 0.00723025137973100, 0.00691567774757900 ) );
#5222 = VECTOR( '', #7284, 1.00000000000000 );
#5223 = CARTESIAN_POINT( '', ( -0.0166987654185000, 0.00708380477032900, 0.00726923113814600 ) );
#5224 = CARTESIAN_POINT( '', ( -0.0170523188090935, 0.00723025137974500, 0.00691567774755649 ) );
#5225 = CARTESIAN_POINT( '', ( -0.0169796149448133, 0.00715754751546205, 0.00698838161183668 ) );
#5226 = CARTESIAN_POINT( '', ( -0.0168840025595943, 0.00711938340825475, 0.00708399399705575 ) );
#5227 = CARTESIAN_POINT( '', ( -0.0167948675402555, 0.00708380477033900, 0.00717312901639453 ) );
#5228 = CARTESIAN_POINT( '', ( -0.0166987654185020, 0.00708380477033900, 0.00726923113814800 ) );
#5229 = CARTESIAN_POINT( '', ( -0.0151987654185100, 0.00708380477033900, 0.00876923113815600 ) );
#5230 = VECTOR( '', #7285, 1.00000000000000 );
#5231 = CARTESIAN_POINT( '', ( -0.0170523188090918, 0.00617084519455000, 0.00691567774755477 ) );
#5232 = CARTESIAN_POINT( '', ( -0.0170656991531223, 0.00615892959589392, 0.00690132377587447 ) );
#5233 = CARTESIAN_POINT( '', ( -0.0170939007134146, 0.00613381525853830, 0.00687107011447005 ) );
#5234 = CARTESIAN_POINT( '', ( -0.0171289674956729, 0.00608946212316945, 0.00681946292867233 ) );
#5235 = CARTESIAN_POINT( '', ( -0.0171618277175554, 0.00603392621653163, 0.00675561889309213 ) );
#5236 = CARTESIAN_POINT( '', ( -0.0171915444747638, 0.00595708471680245, 0.00666963469447766 ) );
#5237 = CARTESIAN_POINT( '', ( -0.0171960937399903, 0.00589684888476867, 0.00660190212962451 ) );
#5238 = CARTESIAN_POINT( '', ( -0.0171987654185000, 0.00586147377033900, 0.00656212435697000 ) );
#5239 = CARTESIAN_POINT( '', ( -0.0167987654185000, 0.00626147377032900, 0.0115942311381500 ) );
#5240 = CARTESIAN_POINT( '', ( -0.0167987654185100, 0.00626147377033900, 0.00716923113815600 ) );
#5241 = VECTOR( '', #7286, 1.00000000000000 );
#5242 = AXIS2_PLACEMENT_3D( '', #7287, #7288, #7289 );
#5243 = CARTESIAN_POINT( '', ( -0.0176995430607500, -0.00378415080500500, 0.0126542311381500 ) );
#5244 = AXIS2_PLACEMENT_3D( '', #7290, #7291, #7292 );
#5245 = CARTESIAN_POINT( '', ( -0.0176995430607500, -0.00378415080500500, -0.00214576886185300 ) );
#5246 = CARTESIAN_POINT( '', ( -0.0176995430607600, -0.00378415080501500, 0.0126542311381600 ) );
#5247 = VECTOR( '', #7293, 1.00000000000000 );
#5248 = AXIS2_PLACEMENT_3D( '', #7294, #7295, #7296 );
#5249 = CARTESIAN_POINT( '', ( -0.0260850907769400, 0.00579480477033100, 0.0147907274767700 ) );
#5250 = CARTESIAN_POINT( '', ( -0.0260850907769400, 0.00579480477032800, 0.0126542311381500 ) );
#5251 = CARTESIAN_POINT( '', ( -0.0260850907769500, 0.00579480477034100, 0.0147907274767800 ) );
#5252 = VECTOR( '', #7297, 1.00000000000000 );
#5253 = CARTESIAN_POINT( '', ( -0.0261838024783800, 0.00587880477032900, 0.0126542311381500 ) );
#5254 = AXIS2_PLACEMENT_3D( '', #7298, #7299, #7300 );
#5255 = CARTESIAN_POINT( '', ( -0.0261838042364800, 0.00587880492436800, 0.0149633663681700 ) );
#5256 = CARTESIAN_POINT( '', ( -0.0261838024783900, 0.00587880477033900, 0.0126542311381600 ) );
#5257 = VECTOR( '', #7301, 1.00000000000000 );
#5258 = CARTESIAN_POINT( '', ( -0.0260850907769538, 0.00579480477034039, 0.0147907274767782 ) );
#5259 = CARTESIAN_POINT( '', ( -0.0260860068247071, 0.00579930242206171, 0.0147910959011449 ) );
#5260 = CARTESIAN_POINT( '', ( -0.0260878976714693, 0.00580858618501402, 0.0147918563789893 ) );
#5261 = CARTESIAN_POINT( '', ( -0.0260930719086131, 0.00582153146161069, 0.0147979332907047 ) );
#5262 = CARTESIAN_POINT( '', ( -0.0261005741334465, 0.00583502698161033, 0.0148084597201127 ) );
#5263 = CARTESIAN_POINT( '', ( -0.0261110538225180, 0.00584822993757075, 0.0148250326048630 ) );
#5264 = CARTESIAN_POINT( '', ( -0.0261288712857594, 0.00586372952703335, 0.0148556787521664 ) );
#5265 = CARTESIAN_POINT( '', ( -0.0261540030684941, 0.00587655556456616, 0.0149022648814041 ) );
#5266 = CARTESIAN_POINT( '', ( -0.0261734344725828, 0.00587802234284959, 0.0149421061391273 ) );
#5267 = CARTESIAN_POINT( '', ( -0.0261838036600055, 0.00587880506029291, 0.0149633666443693 ) );
#5268 = CARTESIAN_POINT( '', ( -0.0261838042363800, 0.00523880461629000, 0.0149633663679700 ) );
#5269 = CARTESIAN_POINT( '', ( -0.0261838024783800, 0.00523880477032900, 0.0126542311381500 ) );
#5270 = CARTESIAN_POINT( '', ( -0.0261838042363900, 0.00523880461630000, 0.0149633663679800 ) );
#5271 = VECTOR( '', #7302, 1.00000000000000 );
#5272 = CARTESIAN_POINT( '', ( -0.0260850907769400, 0.00532280477032900, 0.0126542311381500 ) );
#5273 = AXIS2_PLACEMENT_3D( '', #7303, #7304, #7305 );
#5274 = CARTESIAN_POINT( '', ( -0.0260850907769600, 0.00532280477025000, 0.0147907274767500 ) );
#5275 = CARTESIAN_POINT( '', ( -0.0260850907769700, 0.00532280477026000, 0.0147907274767600 ) );
#5276 = VECTOR( '', #7306, 1.00000000000000 );
#5277 = CARTESIAN_POINT( '', ( -0.0261838036599050, 0.00523880448038500, 0.0149633666441695 ) );
#5278 = CARTESIAN_POINT( '', ( -0.0261734330844056, 0.00523958779950263, 0.0149421038305423 ) );
#5279 = CARTESIAN_POINT( '', ( -0.0261539967254007, 0.00524105588308068, 0.0149022534211668 ) );
#5280 = CARTESIAN_POINT( '', ( -0.0261288967331124, 0.00525387640148576, 0.0148557278606518 ) );
#5281 = CARTESIAN_POINT( '', ( -0.0261110233026056, 0.00526937820862275, 0.0148249720293890 ) );
#5282 = CARTESIAN_POINT( '', ( -0.0260995750841566, 0.00528396823606815, 0.0148069191083183 ) );
#5283 = CARTESIAN_POINT( '', ( -0.0260899777813593, 0.00530142411486965, 0.0147935282491642 ) );
#5284 = CARTESIAN_POINT( '', ( -0.0260866424417791, 0.00531601623312982, 0.0147916167454561 ) );
#5285 = CARTESIAN_POINT( '', ( -0.0260850907769576, 0.00532280477025799, 0.0147907274767659 ) );
#5286 = CARTESIAN_POINT( '', ( -0.0275410883731000, 0.00626147377032900, 0.00880318272621600 ) );
#5287 = CARTESIAN_POINT( '', ( -0.0259480813095900, 0.00626147377032900, 0.00721017566270700 ) );
#5288 = CARTESIAN_POINT( '', ( -0.0275410883731100, 0.00626147377033900, 0.00880318272622600 ) );
#5289 = VECTOR( '', #7307, 1.00000000000000 );
#5290 = CARTESIAN_POINT( '', ( -0.0259480813095900, 0.00626147377032900, 0.0115942311381500 ) );
#5291 = CARTESIAN_POINT( '', ( -0.0259480813096000, 0.00626147377033900, 0.0115942311381600 ) );
#5292 = VECTOR( '', #7308, 1.00000000000000 );
#5293 = CARTESIAN_POINT( '', ( -0.0275410883731000, 0.00626147377032900, 0.0115942311381500 ) );
#5294 = CARTESIAN_POINT( '', ( -0.0275410883731100, 0.00626147377033900, 0.0115942311381600 ) );
#5295 = VECTOR( '', #7309, 1.00000000000000 );
#5296 = CARTESIAN_POINT( '', ( -0.0275410883731100, 0.00626147377033900, 0.00880318272622600 ) );
#5297 = VECTOR( '', #7310, 1.00000000000000 );
#5298 = CARTESIAN_POINT( '', ( -0.0140287654185000, 0.00523880477032900, 0.0126542311381500 ) );
#5299 = CARTESIAN_POINT( '', ( -0.0140287655115300, 0.00523880435148000, 0.0153526473514500 ) );
#5300 = CARTESIAN_POINT( '', ( -0.0140287654185100, 0.00523880477033900, 0.0126542311381600 ) );
#5301 = VECTOR( '', #7311, 1.00000000000000 );
#5302 = CARTESIAN_POINT( '', ( -0.0138414795237800, 0.00523880477032900, 0.0126542311381500 ) );
#5303 = CARTESIAN_POINT( '', ( -0.0138414795237900, 0.00523880477033900, 0.0126542311381600 ) );
#5304 = VECTOR( '', #7312, 1.00000000000000 );
#5305 = CARTESIAN_POINT( '', ( -0.0138414812817800, 0.00523880461629000, 0.0149633663679700 ) );
#5306 = CARTESIAN_POINT( '', ( -0.0138414812817900, 0.00523880461630000, 0.0149633663679800 ) );
#5307 = VECTOR( '', #7313, 1.00000000000000 );
#5308 = CARTESIAN_POINT( '', ( -0.0138414812817900, 0.00523880461630000, 0.0149633663679800 ) );
#5309 = CARTESIAN_POINT( '', ( -0.0138622210696000, 0.00523880461630000, 0.0150066561144600 ) );
#5310 = CARTESIAN_POINT( '', ( -0.0139037280256600, 0.00523880478637700, 0.0150932095498900 ) );
#5311 = CARTESIAN_POINT( '', ( -0.0139661625415900, 0.00523880494526300, 0.0152229742629700 ) );
#5312 = CARTESIAN_POINT( '', ( -0.0140078731775600, 0.00523880435149000, 0.0153094308575700 ) );
#5313 = CARTESIAN_POINT( '', ( -0.0140287655115400, 0.00523880435149000, 0.0153526473514600 ) );
#5314 = CARTESIAN_POINT( '', ( -0.0245444225785700, 0.00457375277032800, -0.00214576886185300 ) );
#5315 = CARTESIAN_POINT( '', ( -0.0245444225785700, 0.00457375277032800, 0.00895423113814600 ) );
#5316 = CARTESIAN_POINT( '', ( -0.0245444225785800, 0.00457375277033800, -0.00214576886186300 ) );
#5317 = VECTOR( '', #7314, 1.00000000000000 );
#5318 = CARTESIAN_POINT( '', ( -0.0245444224748900, 0.00316191677032900, 0.00895423113814600 ) );
#5319 = CARTESIAN_POINT( '', ( -0.0245444225785800, 0.00457375277033800, 0.00895423113815600 ) );
#5320 = VECTOR( '', #7315, 1.00000000000000 );
#5321 = CARTESIAN_POINT( '', ( -0.0245444224748900, 0.00316191677032900, -0.00214576886185300 ) );
#5322 = CARTESIAN_POINT( '', ( -0.0245444224749000, 0.00316191677033900, -0.00214576886186300 ) );
#5323 = VECTOR( '', #7316, 1.00000000000000 );
#5324 = CARTESIAN_POINT( '', ( -0.0245444225785800, 0.00457375277033800, -0.00214576886186300 ) );
#5325 = VECTOR( '', #7317, 1.00000000000000 );
#5326 = CARTESIAN_POINT( '', ( -0.0188808750263800, 0.00258679571762400, -0.00204576889216700 ) );
#5327 = CARTESIAN_POINT( '', ( -0.0188807295786300, 0.00258635937436600, -0.00214576886185300 ) );
#5328 = CARTESIAN_POINT( '', ( -0.0188808750263900, 0.00258679571762369, -0.00204576889216697 ) );
#5329 = CARTESIAN_POINT( '', ( -0.0188807295786276, 0.00258592306433776, -0.00214576505423306 ) );
#5330 = CARTESIAN_POINT( '', ( -0.0238659717017100, 0.00258679571762400, -0.00204576889216700 ) );
#5331 = CARTESIAN_POINT( '', ( -0.0238659717017200, 0.00258679571763400, -0.00204576889217700 ) );
#5332 = VECTOR( '', #7318, 1.00000000000000 );
#5333 = CARTESIAN_POINT( '', ( -0.0238661171494600, 0.00258635937436600, -0.00214576886185300 ) );
#5334 = CARTESIAN_POINT( '', ( -0.0238659717017200, 0.00258679571762400, -0.00204576889216703 ) );
#5335 = CARTESIAN_POINT( '', ( -0.0238661171494824, 0.00258679571762400, -0.00214576886185297 ) );
#5336 = CARTESIAN_POINT( '', ( -0.0239633534135300, 0.00258679571776700, -0.00214576886185300 ) );
#5337 = CARTESIAN_POINT( '', ( -0.0239633534135400, 0.00258679571777700, -0.00214576886185300 ) );
#5338 = CARTESIAN_POINT( '', ( -0.0238661171494700, 0.00258635937437600, -0.00214576886185300 ) );
#5339 = CARTESIAN_POINT( '', ( -0.0239633534135300, 0.00258745398246700, -0.00199491025300700 ) );
#5340 = CARTESIAN_POINT( '', ( -0.0239633534135400, 0.00258679571762400, -0.00214576886185304 ) );
#5341 = CARTESIAN_POINT( '', ( -0.0239633534135500, 0.00258679571762400, -0.00199491025300709 ) );
#5342 = CARTESIAN_POINT( '', ( -0.0239633534135300, 0.00258679571762400, 0.00895423113814600 ) );
#5343 = CARTESIAN_POINT( '', ( -0.0239633534135400, 0.00258679571762400, -0.00214576889469500 ) );
#5344 = VECTOR( '', #7319, 1.00000000000000 );
#5345 = CARTESIAN_POINT( '', ( -0.0187834926924700, 0.00258679571762400, 0.00895423113814600 ) );
#5346 = CARTESIAN_POINT( '', ( -0.0239633534135400, 0.00258679571763400, 0.00895423113815600 ) );
#5347 = VECTOR( '', #7320, 1.00000000000000 );
#5348 = CARTESIAN_POINT( '', ( -0.0187834926924700, 0.00258745398246700, -0.00199491025300700 ) );
#5349 = CARTESIAN_POINT( '', ( -0.0187834926924700, 0.00258745398247700, -0.00199491025300700 ) );
#5350 = CARTESIAN_POINT( '', ( -0.0187834926924700, 0.00258679571762342, 0.00895423113814600 ) );
#5351 = CARTESIAN_POINT( '', ( -0.0187834926924700, 0.00258679571776700, -0.00214576886185300 ) );
#5352 = CARTESIAN_POINT( '', ( -0.0187834926924800, 0.00258679571791025, -0.00214576886185421 ) );
#5353 = CARTESIAN_POINT( '', ( -0.0187834926924700, 0.00258811219091678, -0.00199491599710503 ) );
#5354 = CARTESIAN_POINT( '', ( -0.0188807295786400, 0.00258635937437600, -0.00214576886185300 ) );
#5355 = CARTESIAN_POINT( '', ( -0.0187834926924800, 0.00258679571777700, -0.00214576886185300 ) );
#5356 = CARTESIAN_POINT( '', ( -0.0241155350142800, 0.00258679571791000, -0.00214576886185300 ) );
#5357 = CARTESIAN_POINT( '', ( -0.0241155350142900, 0.00258679571792000, -0.00214576886186300 ) );
#5358 = VECTOR( '', #7321, 1.00000000000000 );
#5359 = CARTESIAN_POINT( '', ( -0.0241155350142800, 0.00258679571791026, -0.00214576886185298 ) );
#5360 = CARTESIAN_POINT( '', ( -0.0239633534135324, 0.00258811219091680, -0.00199491599710266 ) );
#5361 = CARTESIAN_POINT( '', ( -0.0255480813095900, 0.00820022612653500, -0.00214576886185300 ) );
#5362 = CARTESIAN_POINT( '', ( -0.0250480813095900, 0.00870022612653600, -0.00214576886185300 ) );
#5363 = AXIS2_PLACEMENT_3D( '', #7322, #7323, #7324 );
#5364 = CARTESIAN_POINT( '', ( -0.0225234233640400, 0.00869966531250500, -0.00214514128424700 ) );
#5365 = CARTESIAN_POINT( '', ( -0.0225234233640400, 0.00870022612653600, -0.00214514128425700 ) );
#5366 = CARTESIAN_POINT( '', ( -0.0250480813095900, 0.00870022612653600, -0.00214576886187318 ) );
#5367 = CARTESIAN_POINT( '', ( -0.0202234233640400, 0.00869966531250500, -0.00214514128424700 ) );
#5368 = CARTESIAN_POINT( '', ( -0.0202234233640400, 0.00869925140064514, -0.00214489469846219 ) );
#5369 = CARTESIAN_POINT( '', ( -0.0225234233640400, 0.00869925140064514, -0.00214489469846219 ) );
#5370 = CARTESIAN_POINT( '', ( -0.0176995430607500, 0.00870022612653600, -0.00214576886185300 ) );
#5371 = CARTESIAN_POINT( '', ( -0.0176995430607500, 0.00870022612653600, -0.00214576886186300 ) );
#5372 = CARTESIAN_POINT( '', ( -0.0202234233640400, 0.00870022612653600, -0.00214514128424680 ) );
#5373 = AXIS2_PLACEMENT_3D( '', #7325, #7326, #7327 );
#5374 = CARTESIAN_POINT( '', ( -0.0250480813095900, -0.00378415080500500, -0.00214576886185300 ) );
#5375 = CARTESIAN_POINT( '', ( -0.0250480813096000, -0.00378415080501500, -0.00214576886186300 ) );
#5376 = VECTOR( '', #7328, 1.00000000000000 );
#5377 = CARTESIAN_POINT( '', ( -0.0255480813095900, -0.00328415080500400, -0.00214576886185300 ) );
#5378 = AXIS2_PLACEMENT_3D( '', #7329, #7330, #7331 );
#5379 = CARTESIAN_POINT( '', ( -0.0255480813096000, 0.00820022612654600, -0.00214576886186300 ) );
#5380 = VECTOR( '', #7332, 1.00000000000000 );
#5381 = CARTESIAN_POINT( '', ( -0.0188807295786300, 0.00258592306433767, -0.00214576505424298 ) );
#5382 = CARTESIAN_POINT( '', ( -0.0238661171494600, 0.00258592306433767, -0.00214576505424298 ) );
#5383 = CARTESIAN_POINT( '', ( -0.0186313110917300, 0.00258679571791000, -0.00214576886185300 ) );
#5384 = CARTESIAN_POINT( '', ( -0.0187834926924800, 0.00258679571777700, -0.00214576886186300 ) );
#5385 = VECTOR( '', #7333, 1.00000000000000 );
#5386 = CARTESIAN_POINT( '', ( -0.0186313110917300, 0.00316191677032900, -0.00214576886185300 ) );
#5387 = CARTESIAN_POINT( '', ( -0.0186313110917400, 0.00258679571792000, -0.00214576886186300 ) );
#5388 = VECTOR( '', #7334, 1.00000000000000 );
#5389 = CARTESIAN_POINT( '', ( -0.0182024241495100, 0.00316191677032900, -0.00214576886185300 ) );
#5390 = CARTESIAN_POINT( '', ( -0.0186313110917400, 0.00316191677033900, -0.00214576886186300 ) );
#5391 = VECTOR( '', #7335, 1.00000000000000 );
#5392 = CARTESIAN_POINT( '', ( -0.0182024240458300, 0.00457375277032800, -0.00214576886185300 ) );
#5393 = CARTESIAN_POINT( '', ( -0.0182024241495200, 0.00316191677033900, -0.00214576886186300 ) );
#5394 = VECTOR( '', #7336, 1.00000000000000 );
#5395 = CARTESIAN_POINT( '', ( -0.0186313110917300, 0.00457375277032800, -0.00214576886185300 ) );
#5396 = CARTESIAN_POINT( '', ( -0.0182024240458400, 0.00457375277033800, -0.00214576886186300 ) );
#5397 = VECTOR( '', #7337, 1.00000000000000 );
#5398 = CARTESIAN_POINT( '', ( -0.0186313110917300, 0.00551497677032800, -0.00214576886185300 ) );
#5399 = CARTESIAN_POINT( '', ( -0.0186313110917400, 0.00457375277033800, -0.00214576886186300 ) );
#5400 = VECTOR( '', #7338, 1.00000000000000 );
#5401 = CARTESIAN_POINT( '', ( -0.0182024240458300, 0.00551497677032800, -0.00214576886185300 ) );
#5402 = CARTESIAN_POINT( '', ( -0.0186313110917400, 0.00551497677033800, -0.00214576886186300 ) );
#5403 = VECTOR( '', #7339, 1.00000000000000 );
#5404 = CARTESIAN_POINT( '', ( -0.0182024240458300, 0.00692681277032800, -0.00214576886185300 ) );
#5405 = CARTESIAN_POINT( '', ( -0.0182024240458400, 0.00551497677033800, -0.00214576886186300 ) );
#5406 = VECTOR( '', #7340, 1.00000000000000 );
#5407 = CARTESIAN_POINT( '', ( -0.0186313110917300, 0.00692681277032800, -0.00214576886185300 ) );
#5408 = CARTESIAN_POINT( '', ( -0.0182024240458400, 0.00692681277033800, -0.00214576886186300 ) );
#5409 = VECTOR( '', #7341, 1.00000000000000 );
#5410 = CARTESIAN_POINT( '', ( -0.0186313110917300, 0.00775193378990300, -0.00214576886185300 ) );
#5411 = CARTESIAN_POINT( '', ( -0.0186313110917400, 0.00692681277033800, -0.00214576886186300 ) );
#5412 = VECTOR( '', #7342, 1.00000000000000 );
#5413 = CARTESIAN_POINT( '', ( -0.0241155350142800, 0.00775193378990300, -0.00214576886185300 ) );
#5414 = CARTESIAN_POINT( '', ( -0.0186313110917400, 0.00775193378991300, -0.00214576886186300 ) );
#5415 = VECTOR( '', #7343, 1.00000000000000 );
#5416 = CARTESIAN_POINT( '', ( -0.0241155350142800, 0.00692681277032800, -0.00214576886185300 ) );
#5417 = CARTESIAN_POINT( '', ( -0.0241155350142900, 0.00692681277033800, -0.00214576886186300 ) );
#5418 = VECTOR( '', #7344, 1.00000000000000 );
#5419 = CARTESIAN_POINT( '', ( -0.0245444225785700, 0.00692681277032800, -0.00214576886185300 ) );
#5420 = CARTESIAN_POINT( '', ( -0.0241155350142900, 0.00692681277033800, -0.00214576886186300 ) );
#5421 = VECTOR( '', #7345, 1.00000000000000 );
#5422 = CARTESIAN_POINT( '', ( -0.0245444224748900, 0.00551497677032800, -0.00214576886185300 ) );
#5423 = CARTESIAN_POINT( '', ( -0.0245444225785800, 0.00692681277033800, -0.00214576886186300 ) );
#5424 = VECTOR( '', #7346, 1.00000000000000 );
#5425 = CARTESIAN_POINT( '', ( -0.0241155350142800, 0.00551497677032800, -0.00214576886185300 ) );
#5426 = CARTESIAN_POINT( '', ( -0.0245444224749000, 0.00551497677033800, -0.00214576886186300 ) );
#5427 = VECTOR( '', #7347, 1.00000000000000 );
#5428 = CARTESIAN_POINT( '', ( -0.0241155350142800, 0.00457375277032800, -0.00214576886185300 ) );
#5429 = CARTESIAN_POINT( '', ( -0.0241155350142900, 0.00457375277033800, -0.00214576886186300 ) );
#5430 = VECTOR( '', #7348, 1.00000000000000 );
#5431 = CARTESIAN_POINT( '', ( -0.0241155350142900, 0.00457375277033800, -0.00214576886186300 ) );
#5432 = VECTOR( '', #7349, 1.00000000000000 );
#5433 = CARTESIAN_POINT( '', ( -0.0241155350142800, 0.00316191677032900, -0.00214576886185300 ) );
#5434 = CARTESIAN_POINT( '', ( -0.0245444224749000, 0.00316191677033900, -0.00214576886186300 ) );
#5435 = VECTOR( '', #7350, 1.00000000000000 );
#5436 = CARTESIAN_POINT( '', ( -0.0241155350142900, 0.00258679571792000, -0.00214576886186300 ) );
#5437 = VECTOR( '', #7351, 1.00000000000000 );
#5438 = CARTESIAN_POINT( '', ( -0.0241155350142800, 0.00122681277032800, -0.00214576886185300 ) );
#5439 = CARTESIAN_POINT( '', ( -0.0241155350142800, 0.00180193382274700, -0.00214576886185300 ) );
#5440 = CARTESIAN_POINT( '', ( -0.0241155350142900, 0.00122681277033800, -0.00214576886186300 ) );
#5441 = VECTOR( '', #7352, 1.00000000000000 );
#5442 = CARTESIAN_POINT( '', ( -0.0245444225785700, 0.00122681277032800, -0.00214576886185300 ) );
#5443 = CARTESIAN_POINT( '', ( -0.0245444225785800, 0.00122681277033800, -0.00214576886186300 ) );
#5444 = VECTOR( '', #7353, 1.00000000000000 );
#5445 = CARTESIAN_POINT( '', ( -0.0245444224748900, -0.000185023229671600, -0.00214576886185300 ) );
#5446 = CARTESIAN_POINT( '', ( -0.0245444225785800, 0.00122681277033800, -0.00214576886186300 ) );
#5447 = VECTOR( '', #7354, 1.00000000000000 );
#5448 = CARTESIAN_POINT( '', ( -0.0241155350142800, -0.000185023229671600, -0.00214576886185300 ) );
#5449 = CARTESIAN_POINT( '', ( -0.0245444224749000, -0.000185023229681600, -0.00214576886186300 ) );
#5450 = VECTOR( '', #7355, 1.00000000000000 );
#5451 = CARTESIAN_POINT( '', ( -0.0241155350142800, -0.00112624722967200, -0.00214576886185300 ) );
#5452 = CARTESIAN_POINT( '', ( -0.0241155350142900, -0.00112624722968200, -0.00214576886186300 ) );
#5453 = VECTOR( '', #7356, 1.00000000000000 );
#5454 = CARTESIAN_POINT( '', ( -0.0245444225785700, -0.00112624722967200, -0.00214576886185300 ) );
#5455 = CARTESIAN_POINT( '', ( -0.0245444225785800, -0.00112624722968200, -0.00214576886186300 ) );
#5456 = VECTOR( '', #7357, 1.00000000000000 );
#5457 = CARTESIAN_POINT( '', ( -0.0245444225785700, -0.00249840250662400, -0.00214576886185300 ) );
#5458 = CARTESIAN_POINT( '', ( -0.0245444225785800, -0.00112624722968200, -0.00214576886186300 ) );
#5459 = VECTOR( '', #7358, 1.00000000000000 );
#5460 = CARTESIAN_POINT( '', ( -0.0241155350142800, -0.00249840250662400, -0.00214576886185300 ) );
#5461 = CARTESIAN_POINT( '', ( -0.0241155350142900, -0.00249840250663400, -0.00214576886186300 ) );
#5462 = VECTOR( '', #7359, 1.00000000000000 );
#5463 = CARTESIAN_POINT( '', ( -0.0241155350142800, -0.00336320424924600, -0.00214576886185300 ) );
#5464 = CARTESIAN_POINT( '', ( -0.0241155350142900, -0.00249840250663400, -0.00214576886186300 ) );
#5465 = VECTOR( '', #7360, 1.00000000000000 );
#5466 = CARTESIAN_POINT( '', ( -0.0200771781210600, -0.00336320424924600, -0.00214576886185300 ) );
#5467 = CARTESIAN_POINT( '', ( -0.0241155350142900, -0.00336320424925600, -0.00214576886186300 ) );
#5468 = VECTOR( '', #7361, 1.00000000000000 );
#5469 = CARTESIAN_POINT( '', ( -0.0192123763784400, -0.00249840250662400, -0.00214576886185300 ) );
#5470 = CARTESIAN_POINT( '', ( -0.0200771781210700, -0.00336320424925600, -0.00214576886186300 ) );
#5471 = VECTOR( '', #7362, 1.00000000000000 );
#5472 = CARTESIAN_POINT( '', ( -0.0181987647944400, -0.00249840250662400, -0.00214576886185300 ) );
#5473 = CARTESIAN_POINT( '', ( -0.0192123763784500, -0.00249840250663400, -0.00214576886186300 ) );
#5474 = VECTOR( '', #7363, 1.00000000000000 );
#5475 = CARTESIAN_POINT( '', ( -0.0181987647944400, -0.00112624722967200, -0.00214576886185300 ) );
#5476 = CARTESIAN_POINT( '', ( -0.0181987647944500, -0.00249840250663400, -0.00214576886186300 ) );
#5477 = VECTOR( '', #7364, 1.00000000000000 );
#5478 = CARTESIAN_POINT( '', ( -0.0186313110917300, -0.00112624722967200, -0.00214576886185300 ) );
#5479 = CARTESIAN_POINT( '', ( -0.0181987647944500, -0.00112624722968200, -0.00214576886186300 ) );
#5480 = VECTOR( '', #7365, 1.00000000000000 );
#5481 = CARTESIAN_POINT( '', ( -0.0186313110917300, -0.000185023229671600, -0.00214576886185300 ) );
#5482 = CARTESIAN_POINT( '', ( -0.0186313110917400, -0.00112624722968200, -0.00214576886186300 ) );
#5483 = VECTOR( '', #7366, 1.00000000000000 );
#5484 = CARTESIAN_POINT( '', ( -0.0182024240458300, -0.000185023229671600, -0.00214576886185300 ) );
#5485 = CARTESIAN_POINT( '', ( -0.0186313110917400, -0.000185023229681600, -0.00214576886186300 ) );
#5486 = VECTOR( '', #7367, 1.00000000000000 );
#5487 = CARTESIAN_POINT( '', ( -0.0182024241495100, 0.00122681277032800, -0.00214576886185300 ) );
#5488 = CARTESIAN_POINT( '', ( -0.0182024240458400, -0.000185023229681600, -0.00214576886186300 ) );
#5489 = VECTOR( '', #7368, 1.00000000000000 );
#5490 = CARTESIAN_POINT( '', ( -0.0186313110917300, 0.00122681277032800, -0.00214576886185300 ) );
#5491 = CARTESIAN_POINT( '', ( -0.0182024241495200, 0.00122681277033800, -0.00214576886186300 ) );
#5492 = VECTOR( '', #7369, 1.00000000000000 );
#5493 = CARTESIAN_POINT( '', ( -0.0186313110917300, 0.00180193382274700, -0.00214576886185300 ) );
#5494 = CARTESIAN_POINT( '', ( -0.0186313110917400, 0.00122681277033800, -0.00214576886186300 ) );
#5495 = VECTOR( '', #7370, 1.00000000000000 );
#5496 = CARTESIAN_POINT( '', ( -0.0187834926712400, 0.00180193382284200, -0.00214576886185300 ) );
#5497 = CARTESIAN_POINT( '', ( -0.0186313110917400, 0.00180193382275700, -0.00214576886186300 ) );
#5498 = VECTOR( '', #7371, 1.00000000000000 );
#5499 = CARTESIAN_POINT( '', ( -0.0188807295786300, 0.00180237016629000, -0.00214576886185300 ) );
#5500 = CARTESIAN_POINT( '', ( -0.0187834926712500, 0.00180193382285200, -0.00214576886185300 ) );
#5501 = CARTESIAN_POINT( '', ( -0.0188807295786400, 0.00180237016630000, -0.00214576886185300 ) );
#5502 = CARTESIAN_POINT( '', ( -0.0238661171494600, 0.00180237016629000, -0.00214576886185300 ) );
#5503 = CARTESIAN_POINT( '', ( -0.0238661171494600, 0.00180280647631933, -0.00214576505424314 ) );
#5504 = CARTESIAN_POINT( '', ( -0.0188807295786300, 0.00180280647631933, -0.00214576505424314 ) );
#5505 = CARTESIAN_POINT( '', ( -0.0239633534135300, 0.00180193382289000, -0.00214576886185300 ) );
#5506 = CARTESIAN_POINT( '', ( -0.0238661171494700, 0.00180237016630000, -0.00214576886185300 ) );
#5507 = CARTESIAN_POINT( '', ( -0.0239633534135400, 0.00180193382290000, -0.00214576886185300 ) );
#5508 = CARTESIAN_POINT( '', ( -0.0239633534135400, 0.00180193382290000, -0.00214576886186300 ) );
#5509 = VECTOR( '', #7372, 1.00000000000000 );
#5510 = CARTESIAN_POINT( '', ( -0.0239633534135300, 0.00180127555819000, -0.00199491025300700 ) );
#5511 = CARTESIAN_POINT( '', ( -0.0239633534135299, 0.00180061734974022, -0.00199491599710522 ) );
#5512 = CARTESIAN_POINT( '', ( -0.0241155350142776, 0.00180193382274675, -0.00214576886185555 ) );
#5513 = CARTESIAN_POINT( '', ( -0.0239633534135400, 0.00180193382303300, -0.00199491025300696 ) );
#5514 = CARTESIAN_POINT( '', ( -0.0239633534135300, 0.00180193382303300, -0.00214576886185291 ) );
#5515 = CARTESIAN_POINT( '', ( -0.0187834926924700, 0.00180127555819000, -0.00199491025300700 ) );
#5516 = CARTESIAN_POINT( '', ( -0.0186313110917400, 0.00180193382274682, -0.00214576886186311 ) );
#5517 = CARTESIAN_POINT( '', ( -0.0187834926924825, 0.00180061734974033, -0.00199491599711777 ) );
#5518 = CARTESIAN_POINT( '', ( -0.0187834926924700, 0.00122681277032800, -0.00199490953498800 ) );
#5519 = CARTESIAN_POINT( '', ( -0.0187834926924800, 0.00122681277033800, -0.00199490953499800 ) );
#5520 = VECTOR( '', #7373, 1.00000000000000 );
#5521 = CARTESIAN_POINT( '', ( -0.0187834926924800, 0.00180127555820000, -0.00199491025301700 ) );
#5522 = VECTOR( '', #7374, 1.00000000000000 );
#5523 = CARTESIAN_POINT( '', ( -0.0277765269695900, 0.00405208858362200, 0.0126542311381500 ) );
#5524 = CARTESIAN_POINT( '', ( -0.0277765269695900, 0.00405208858362200, 0.0146835021307400 ) );
#5525 = CARTESIAN_POINT( '', ( -0.0277765269696000, 0.00405208858363200, 0.0126542311381600 ) );
#5526 = VECTOR( '', #7375, 1.00000000000000 );
#5527 = CARTESIAN_POINT( '', ( -0.0278610886616100, 0.00415089291171400, 0.0148575904324000 ) );
#5528 = CARTESIAN_POINT( '', ( -0.0278610889097757, 0.00415089181990845, 0.0148575909545168 ) );
#5529 = CARTESIAN_POINT( '', ( -0.0278602978414161, 0.00414047075151029, 0.0148361732037521 ) );
#5530 = CARTESIAN_POINT( '', ( -0.0278588147959236, 0.00412093398413817, 0.0147960205439348 ) );
#5531 = CARTESIAN_POINT( '', ( -0.0278458867501496, 0.00409576855242936, 0.0147491184269442 ) );
#5532 = CARTESIAN_POINT( '', ( -0.0278302767264605, 0.00407787868128191, 0.0147180914561138 ) );
#5533 = CARTESIAN_POINT( '', ( -0.0278156000545856, 0.00406644848547140, 0.0146998752998248 ) );
#5534 = CARTESIAN_POINT( '', ( -0.0277980437801924, 0.00405688538395034, 0.0146863381324491 ) );
#5535 = CARTESIAN_POINT( '', ( -0.0277833552140184, 0.00405361082248041, 0.0146844021206764 ) );
#5536 = CARTESIAN_POINT( '', ( -0.0277765269696002, 0.00405208858363055, 0.0146835021307507 ) );
#5537 = CARTESIAN_POINT( '', ( -0.0278610883731000, 0.00415088964504600, 0.0126542311381500 ) );
#5538 = CARTESIAN_POINT( '', ( -0.0278610886616200, 0.00415089291172400, 0.0148575904324100 ) );
#5539 = VECTOR( '', #7376, 1.00000000000000 );
#5540 = AXIS2_PLACEMENT_3D( '', #7377, #7378, #7379 );
#5541 = CARTESIAN_POINT( '', ( -0.0288983725098100, 0.00587880492436700, 0.0149633663679700 ) );
#5542 = CARTESIAN_POINT( '', ( -0.0288983742678100, 0.00587880477032900, 0.0126542311381500 ) );
#5543 = CARTESIAN_POINT( '', ( -0.0288983725098200, 0.00587880492437700, 0.0149633663679800 ) );
#5544 = VECTOR( '', #7380, 1.00000000000000 );
#5545 = CARTESIAN_POINT( '', ( -0.0289970859692500, 0.00579480477032800, 0.0126542311381500 ) );
#5546 = AXIS2_PLACEMENT_3D( '', #7381, #7382, #7383 );
#5547 = CARTESIAN_POINT( '', ( -0.0289970859692300, 0.00579480477040700, 0.0147907274767500 ) );
#5548 = CARTESIAN_POINT( '', ( -0.0289970859692400, 0.00579480477041700, 0.0147907274767600 ) );
#5549 = VECTOR( '', #7384, 1.00000000000000 );
#5550 = CARTESIAN_POINT( '', ( -0.0288983730862937, 0.00587880506028935, 0.0149633666441641 ) );
#5551 = CARTESIAN_POINT( '', ( -0.0289087436617929, 0.00587802174117171, 0.0149421038305376 ) );
#5552 = CARTESIAN_POINT( '', ( -0.0289281800207979, 0.00587655365759360, 0.0149022534211621 ) );
#5553 = CARTESIAN_POINT( '', ( -0.0289532800130867, 0.00586373313918794, 0.0148557278606464 ) );
#5554 = CARTESIAN_POINT( '', ( -0.0289711534435943, 0.00584823133205284, 0.0148249720293819 ) );
#5555 = CARTESIAN_POINT( '', ( -0.0289826016620437, 0.00583364130460537, 0.0148069191083116 ) );
#5556 = CARTESIAN_POINT( '', ( -0.0289921989648398, 0.00581618542580371, 0.0147935282491603 ) );
#5557 = CARTESIAN_POINT( '', ( -0.0289955343044204, 0.00580159330754424, 0.0147916167454514 ) );
#5558 = CARTESIAN_POINT( '', ( -0.0289970859692419, 0.00579480477041731, 0.0147907274767609 ) );
#5559 = CARTESIAN_POINT( '', ( -0.0182024241495100, 0.00316191677032900, 0.00895423113814600 ) );
#5560 = CARTESIAN_POINT( '', ( -0.0182024241495200, 0.00316191677033900, -0.00214576886186300 ) );
#5561 = VECTOR( '', #7385, 1.00000000000000 );
#5562 = CARTESIAN_POINT( '', ( -0.0182024240458300, 0.00457375277032800, 0.00895423113814600 ) );
#5563 = CARTESIAN_POINT( '', ( -0.0182024241495200, 0.00316191677033900, 0.00895423113815600 ) );
#5564 = VECTOR( '', #7386, 1.00000000000000 );
#5565 = CARTESIAN_POINT( '', ( -0.0182024240458400, 0.00457375277033800, -0.00214576886186300 ) );
#5566 = VECTOR( '', #7387, 1.00000000000000 );
#5567 = CARTESIAN_POINT( '', ( -0.0272210883796100, 0.00696671989961100, 0.0134342311381500 ) );
#5568 = CARTESIAN_POINT( '', ( -0.0272210883738300, 0.00696671989155500, 0.0126542311381500 ) );
#5569 = CARTESIAN_POINT( '', ( -0.0272210883796200, 0.00696671989962100, 0.0134342311381600 ) );
#5570 = VECTOR( '', #7388, 1.00000000000000 );
#5571 = CARTESIAN_POINT( '', ( -0.0272210880695100, 0.00696671661457400, 0.0148575904540200 ) );
#5572 = CARTESIAN_POINT( '', ( -0.0272210880695200, 0.00696671661458400, 0.0148575904540300 ) );
#5573 = VECTOR( '', #7389, 1.00000000000000 );
#5574 = CARTESIAN_POINT( '', ( -0.0272210880310100, 0.00672880469436400, 0.0153526488888400 ) );
#5575 = CARTESIAN_POINT( '', ( -0.0272210880695200, 0.00696671661458400, 0.0148575904540300 ) );
#5576 = CARTESIAN_POINT( '', ( -0.0272210880695200, 0.00694038613835800, 0.0149126520078900 ) );
#5577 = CARTESIAN_POINT( '', ( -0.0272210884691700, 0.00688769141356800, 0.0150227350770200 ) );
#5578 = CARTESIAN_POINT( '', ( -0.0272210884922700, 0.00680837511311300, 0.0151877597280200 ) );
#5579 = CARTESIAN_POINT( '', ( -0.0272210880310200, 0.00675536913762300, 0.0152976994436700 ) );
#5580 = CARTESIAN_POINT( '', ( -0.0272210880310200, 0.00672880469437400, 0.0153526488888500 ) );
#5581 = CARTESIAN_POINT( '', ( -0.0272210883731000, 0.00672880477032900, 0.0126542311381500 ) );
#5582 = CARTESIAN_POINT( '', ( -0.0272210883731100, 0.00672880477033900, 0.0126542311381600 ) );
#5583 = VECTOR( '', #7390, 1.00000000000000 );
#5584 = CARTESIAN_POINT( '', ( -0.0272210883738400, 0.00696671989156500, 0.0126542311381600 ) );
#5585 = VECTOR( '', #7391, 1.00000000000000 );
#5586 = CARTESIAN_POINT( '', ( -0.0209139910530000, 9.58047703284300E-05, 0.00248051888375900 ) );
#5587 = CARTESIAN_POINT( '', ( -0.0209139910530000, 9.58047703284300E-05, 0.00895423113814500 ) );
#5588 = CARTESIAN_POINT( '', ( -0.0209139910530100, 9.58047703384300E-05, 0.00248051888376900 ) );
#5589 = VECTOR( '', #7392, 1.00000000000000 );
#5590 = CARTESIAN_POINT( '', ( -0.0218379910530000, 9.58047703284300E-05, 0.00248051888375900 ) );
#5591 = CARTESIAN_POINT( '', ( -0.0209139910530100, 9.58047703384300E-05, 0.00248051888376900 ) );
#5592 = VECTOR( '', #7393, 1.00000000000000 );
#5593 = CARTESIAN_POINT( '', ( -0.0218379910530000, 9.58047703284300E-05, 0.00895423113814500 ) );
#5594 = CARTESIAN_POINT( '', ( -0.0218379910530100, 9.58047703384300E-05, 0.00895423113815500 ) );
#5595 = VECTOR( '', #7394, 1.00000000000000 );
#5596 = CARTESIAN_POINT( '', ( -0.0209139910530100, 9.58047703384300E-05, 0.00895423113815500 ) );
#5597 = VECTOR( '', #7395, 1.00000000000000 );
#5598 = CARTESIAN_POINT( '', ( -0.0272210880742600, 0.00415089293038500, 0.0148575904660100 ) );
#5599 = CARTESIAN_POINT( '', ( -0.0273056497709200, 0.00405208858631400, 0.0146835021307400 ) );
#5600 = CARTESIAN_POINT( '', ( -0.0272210883447737, 0.00415089293038664, 0.0148575904660200 ) );
#5601 = CARTESIAN_POINT( '', ( -0.0272221259564009, 0.00413954285447046, 0.0148345111041199 ) );
#5602 = CARTESIAN_POINT( '', ( -0.0272239244331773, 0.00411986993696308, 0.0147945079899436 ) );
#5603 = CARTESIAN_POINT( '', ( -0.0272379268738501, 0.00409302632935609, 0.0147439529090030 ) );
#5604 = CARTESIAN_POINT( '', ( -0.0272565188270885, 0.00407325958147959, 0.0147104689614343 ) );
#5605 = CARTESIAN_POINT( '', ( -0.0272785572775971, 0.00405864980458452, 0.0146882818492215 ) );
#5606 = CARTESIAN_POINT( '', ( -0.0272972948997535, 0.00405411195756628, 0.0146849761136899 ) );
#5607 = CARTESIAN_POINT( '', ( -0.0273056497530471, 0.00405208859271295, 0.0146835021307500 ) );
#5608 = CARTESIAN_POINT( '', ( -0.0273056497816300, 0.00405208858031500, 0.0134342311400900 ) );
#5609 = CARTESIAN_POINT( '', ( -0.0273056497709300, 0.00405208858632400, 0.0146835021307500 ) );
#5610 = VECTOR( '', #7396, 1.00000000000000 );
#5611 = CARTESIAN_POINT( '', ( -0.0272210883774900, 0.00415088964251500, 0.0134342311381500 ) );
#5612 = AXIS2_PLACEMENT_3D( '', #7397, #7398, #7399 );
#5613 = CARTESIAN_POINT( '', ( -0.0272210883775000, 0.00415088964252500, 0.0134342311381600 ) );
#5614 = VECTOR( '', #7400, 1.00000000000000 );
#5615 = CARTESIAN_POINT( '', ( -0.0238659717017100, 0.00180193382303300, -0.00204576889217400 ) );
#5616 = CARTESIAN_POINT( '', ( -0.0238659717017200, 0.00180193382303337, -0.00204576889217402 ) );
#5617 = CARTESIAN_POINT( '', ( -0.0238661171494824, 0.00180280647631924, -0.00214576505423311 ) );
#5618 = CARTESIAN_POINT( '', ( -0.0188808750263800, 0.00180193382303300, -0.00204576889217400 ) );
#5619 = CARTESIAN_POINT( '', ( -0.0188808750263900, 0.00180193382304300, -0.00204576889218400 ) );
#5620 = VECTOR( '', #7401, 1.00000000000000 );
#5621 = CARTESIAN_POINT( '', ( -0.0188807295786400, 0.00180280647631924, -0.00214576505423312 ) );
#5622 = CARTESIAN_POINT( '', ( -0.0188808750264024, 0.00180193382303337, -0.00204576889217403 ) );
#5623 = CARTESIAN_POINT( '', ( -0.0187834926924800, 0.00180061734974022, -0.00199491599710516 ) );
#5624 = CARTESIAN_POINT( '', ( -0.0187834926712438, 0.00180193382274673, -0.00214576886185392 ) );
#5625 = CARTESIAN_POINT( '', ( -0.0187834926924700, 0.00180193382303300, 0.00895423113814600 ) );
#5626 = CARTESIAN_POINT( '', ( -0.0187834926924700, 0.00180193382304300, 0.00895423113814600 ) );
#5627 = CARTESIAN_POINT( '', ( -0.0187834926924700, 0.00180127555818942, -0.00199491025300700 ) );
#5628 = CARTESIAN_POINT( '', ( -0.0239633534135300, 0.00180193382303300, 0.00895423113814600 ) );
#5629 = CARTESIAN_POINT( '', ( -0.0187834926924800, 0.00180193382304300, 0.00895423113815600 ) );
#5630 = VECTOR( '', #7402, 1.00000000000000 );
#5631 = CARTESIAN_POINT( '', ( -0.0239633534135400, 0.00180193382303300, -0.00214576889469500 ) );
#5632 = VECTOR( '', #7403, 1.00000000000000 );
#5633 = CARTESIAN_POINT( '', ( -0.0148787651196700, 0.00415089293038500, 0.0148575904660100 ) );
#5634 = CARTESIAN_POINT( '', ( -0.0149633268220100, 0.00405208858362200, 0.0146835021307400 ) );
#5635 = CARTESIAN_POINT( '', ( -0.0148787653901837, 0.00415089293038664, 0.0148575904660200 ) );
#5636 = CARTESIAN_POINT( '', ( -0.0148798030018122, 0.00413954285446411, 0.0148345111041080 ) );
#5637 = CARTESIAN_POINT( '', ( -0.0148816014785898, 0.00411986993695651, 0.0147945079899332 ) );
#5638 = CARTESIAN_POINT( '', ( -0.0148956039192620, 0.00409302632935556, 0.0147439529089899 ) );
#5639 = CARTESIAN_POINT( '', ( -0.0149141958724965, 0.00407325958148083, 0.0147104689614347 ) );
#5640 = CARTESIAN_POINT( '', ( -0.0149362343230064, 0.00405864980458478, 0.0146882818492217 ) );
#5641 = CARTESIAN_POINT( '', ( -0.0149549719451634, 0.00405411195756635, 0.0146849761136900 ) );
#5642 = CARTESIAN_POINT( '', ( -0.0149633267984571, 0.00405208859271297, 0.0146835021307500 ) );
#5643 = CARTESIAN_POINT( '', ( -0.0148787650313300, 0.00438880485621500, 0.0153526516273700 ) );
#5644 = CARTESIAN_POINT( '', ( -0.0148787651196800, 0.00415089293039500, 0.0148575904660200 ) );
#5645 = CARTESIAN_POINT( '', ( -0.0148787651196800, 0.00417782269125700, 0.0149139052270500 ) );
#5646 = CARTESIAN_POINT( '', ( -0.0148787655063400, 0.00423133276156100, 0.0150256517890300 ) );
#5647 = CARTESIAN_POINT( '', ( -0.0148787655593400, 0.00431062705313700, 0.0151906852954500 ) );
#5648 = CARTESIAN_POINT( '', ( -0.0148787650313400, 0.00436284500392000, 0.0152989528006000 ) );
#5649 = CARTESIAN_POINT( '', ( -0.0148787650313400, 0.00438880485622500, 0.0153526516273800 ) );
#5650 = CARTESIAN_POINT( '', ( -0.0148745633426500, 0.00447321964760600, 0.0155242311381500 ) );
#5651 = CARTESIAN_POINT( '', ( -0.0148745646519300, 0.00447321748287400, 0.0155242311381600 ) );
#5652 = CARTESIAN_POINT( '', ( -0.0148754953844000, 0.00446389136312200, 0.0155056386668500 ) );
#5653 = CARTESIAN_POINT( '', ( -0.0148770463286000, 0.00444521932786500, 0.0154681240659100 ) );
#5654 = CARTESIAN_POINT( '', ( -0.0148784519214100, 0.00441706468817800, 0.0154109272636200 ) );
#5655 = CARTESIAN_POINT( '', ( -0.0148787650313400, 0.00439824405151600, 0.0153721769200000 ) );
#5656 = CARTESIAN_POINT( '', ( -0.0148787650313400, 0.00438880485622500, 0.0153526516273800 ) );
#5657 = CARTESIAN_POINT( '', ( -0.0155229674943500, 0.00447321964760600, 0.0155242311381500 ) );
#5658 = AXIS2_PLACEMENT_3D( '', #7404, #7405, #7406 );
#5659 = CARTESIAN_POINT( '', ( -0.0155187657605800, 0.00438880484629300, 0.0153526488888400 ) );
#5660 = CARTESIAN_POINT( '', ( -0.0155187657605900, 0.00438880484630300, 0.0153526488888500 ) );
#5661 = CARTESIAN_POINT( '', ( -0.0155187657605900, 0.00439824565093000, 0.0153721775110500 ) );
#5662 = CARTESIAN_POINT( '', ( -0.0155190790209500, 0.00441706834636200, 0.0154109247924200 ) );
#5663 = CARTESIAN_POINT( '', ( -0.0155204848450900, 0.00444522330390400, 0.0154681224113400 ) );
#5664 = CARTESIAN_POINT( '', ( -0.0155220354338200, 0.00446389223531700, 0.0155056378970800 ) );
#5665 = CARTESIAN_POINT( '', ( -0.0155229662491900, 0.00447321875377500, 0.0155242311381600 ) );
#5666 = CARTESIAN_POINT( '', ( -0.0155187657070200, 0.00415089291171400, 0.0148575904324000 ) );
#5667 = CARTESIAN_POINT( '', ( -0.0155187657070300, 0.00415089291172400, 0.0148575904324100 ) );
#5668 = CARTESIAN_POINT( '', ( -0.0155187657070300, 0.00417722338792700, 0.0149126519862800 ) );
#5669 = CARTESIAN_POINT( '', ( -0.0155187653294800, 0.00422991813383100, 0.0150227350871100 ) );
#5670 = CARTESIAN_POINT( '', ( -0.0155187652973400, 0.00430923442564900, 0.0151877597251400 ) );
#5671 = CARTESIAN_POINT( '', ( -0.0155187657605900, 0.00436224040305600, 0.0152976994436800 ) );
#5672 = CARTESIAN_POINT( '', ( -0.0155187657605900, 0.00438880484630300, 0.0153526488888500 ) );
#5673 = CARTESIAN_POINT( '', ( -0.0154342040149900, 0.00405208858362200, 0.0146835021307400 ) );
#5674 = CARTESIAN_POINT( '', ( -0.0155187659551853, 0.00415089181991022, 0.0148575909545160 ) );
#5675 = CARTESIAN_POINT( '', ( -0.0155179748868256, 0.00414047075151176, 0.0148361732037508 ) );
#5676 = CARTESIAN_POINT( '', ( -0.0155164918413328, 0.00412093398413940, 0.0147960205439331 ) );
#5677 = CARTESIAN_POINT( '', ( -0.0155035637955554, 0.00409576855242996, 0.0147491184269430 ) );
#5678 = CARTESIAN_POINT( '', ( -0.0154879537718622, 0.00407787868128236, 0.0147180914561141 ) );
#5679 = CARTESIAN_POINT( '', ( -0.0154732770999860, 0.00406644848547172, 0.0146998752998253 ) );
#5680 = CARTESIAN_POINT( '', ( -0.0154557208255924, 0.00405688538395031, 0.0146863381324490 ) );
#5681 = CARTESIAN_POINT( '', ( -0.0154410322594184, 0.00405361082248041, 0.0146844021206764 ) );
#5682 = CARTESIAN_POINT( '', ( -0.0154342040150002, 0.00405208858363055, 0.0146835021307507 ) );
#5683 = AXIS2_PLACEMENT_3D( '', #7407, #7408, #7409 );
#5684 = CARTESIAN_POINT( '', ( -0.0148787654358500, 0.00696671990760900, 0.0134342311358600 ) );
#5685 = CARTESIAN_POINT( '', ( -0.0149633268311000, 0.00706552096052400, 0.0134342311381500 ) );
#5686 = AXIS2_PLACEMENT_3D( '', #7410, #7411, #7412 );
#5687 = CARTESIAN_POINT( '', ( -0.0149633268224400, 0.00706552095425300, 0.0146835021307400 ) );
#5688 = CARTESIAN_POINT( '', ( -0.0149633268311100, 0.00706552096053400, 0.0134342311381600 ) );
#5689 = VECTOR( '', #7413, 1.00000000000000 );
#5690 = CARTESIAN_POINT( '', ( -0.0148787651149100, 0.00696671661457400, 0.0148575904540200 ) );
#5691 = CARTESIAN_POINT( '', ( -0.0148787648666599, 0.00696671770685908, 0.0148575909763566 ) );
#5692 = CARTESIAN_POINT( '', ( -0.0148795539555444, 0.00697712506550746, 0.0148362009677135 ) );
#5693 = CARTESIAN_POINT( '', ( -0.0148810334963355, 0.00699663885153364, 0.0147960947250191 ) );
#5694 = CARTESIAN_POINT( '', ( -0.0148939347306827, 0.00702177820808544, 0.0147492356243084 ) );
#5695 = CARTESIAN_POINT( '', ( -0.0149095011116635, 0.00703965650176769, 0.0147182165549531 ) );
#5696 = CARTESIAN_POINT( '', ( -0.0149241689916792, 0.00705110344184485, 0.0146999638714730 ) );
#5697 = CARTESIAN_POINT( '', ( -0.0149417368143932, 0.00706069910513710, 0.0146863656102905 ) );
#5698 = CARTESIAN_POINT( '', ( -0.0149564800496180, 0.00706399181769095, 0.0146844102179075 ) );
#5699 = CARTESIAN_POINT( '', ( -0.0149633268220948, 0.00706552095653625, 0.0146835021318229 ) );
#5700 = CARTESIAN_POINT( '', ( -0.0148787651149200, 0.00696671661458400, 0.0148575904540300 ) );
#5701 = VECTOR( '', #7414, 1.00000000000000 );
#5702 = CARTESIAN_POINT( '', ( -0.0149633268262800, 0.00405208858137500, 0.0134342311388000 ) );
#5703 = CARTESIAN_POINT( '', ( -0.0149633268163400, 0.00405208858632400, 0.0146835021307500 ) );
#5704 = VECTOR( '', #7415, 1.00000000000000 );
#5705 = CARTESIAN_POINT( '', ( -0.0148787654228900, 0.00415088964251500, 0.0134342311381500 ) );
#5706 = AXIS2_PLACEMENT_3D( '', #7416, #7417, #7418 );
#5707 = CARTESIAN_POINT( '', ( -0.0148787654229000, 0.00415088964252500, 0.0134342311381600 ) );
#5708 = VECTOR( '', #7419, 1.00000000000000 );
#5709 = CARTESIAN_POINT( '', ( -0.0208139910530000, -0.000928195229671600, 0.0126542311381500 ) );
#5710 = CARTESIAN_POINT( '', ( -0.0209139910530000, -0.00102819522967200, 0.0126542311381500 ) );
#5711 = AXIS2_PLACEMENT_3D( '', #7420, #7421, #7422 );
#5712 = CARTESIAN_POINT( '', ( -0.0208139910530000, -0.000928195229671600, 0.0160342311381500 ) );
#5713 = CARTESIAN_POINT( '', ( -0.0208139910530100, -0.000928195229681600, 0.0126542311381600 ) );
#5714 = VECTOR( '', #7423, 1.00000000000000 );
#5715 = CARTESIAN_POINT( '', ( -0.0208432803748800, -0.000998905907790200, 0.0160635204600300 ) );
#5716 = CARTESIAN_POINT( '', ( -0.0208432803748900, -0.000998905907800200, 0.0160635204600400 ) );
#5717 = CARTESIAN_POINT( '', ( -0.0208139910530100, -0.000969616585914583, 0.0160342311381600 ) );
#5718 = CARTESIAN_POINT( '', ( -0.0208139910530100, -0.000928195229681600, 0.0160342311381600 ) );
#5719 = CARTESIAN_POINT( '', ( -0.0209139910530000, -0.00102819522967200, 0.0160342311381500 ) );
#5720 = CARTESIAN_POINT( '', ( -0.0209139910530100, -0.00102819522967180, 0.0160342311381498 ) );
#5721 = CARTESIAN_POINT( '', ( -0.0208725696967719, -0.00102819522967180, 0.0160342311381498 ) );
#5722 = CARTESIAN_POINT( '', ( -0.0208432803748900, -0.000998905907790950, 0.0160635204600307 ) );
#5723 = CARTESIAN_POINT( '', ( -0.0209139910530100, -0.00102819522968200, 0.0160342311381600 ) );
#5724 = VECTOR( '', #7424, 1.00000000000000 );
#5725 = CARTESIAN_POINT( '', ( -0.0212139910530000, -0.000628195229671600, 0.00208051888375900 ) );
#5726 = CARTESIAN_POINT( '', ( -0.0212139910530000, -0.000304195229671600, 0.00208051888375900 ) );
#5727 = CARTESIAN_POINT( '', ( -0.0212139910530100, -0.000628195229681600, 0.00208051888376900 ) );
#5728 = VECTOR( '', #7425, 1.00000000000000 );
#5729 = CARTESIAN_POINT( '', ( -0.0208432803748800, 6.65154484471200E-05, 0.00245122956187700 ) );
#5730 = CARTESIAN_POINT( '', ( -0.0212139910530100, -0.000304195229681600, 0.00208051888376900 ) );
#5731 = VECTOR( '', #7426, 1.00000000000000 );
#5732 = CARTESIAN_POINT( '', ( -0.0208139910530000, -4.19522967157100E-06, 0.00248051888375900 ) );
#5733 = CARTESIAN_POINT( '', ( -0.0208139910530000, -4.19522967156800E-06, 0.00248051888376900 ) );
#5734 = CARTESIAN_POINT( '', ( -0.0208144263689157, 2.85559679816974E-06, 0.00248014230327672 ) );
#5735 = CARTESIAN_POINT( '', ( -0.0208152963629181, 1.69469188024068E-05, 0.00247938969406133 ) );
#5736 = CARTESIAN_POINT( '', ( -0.0208218180102196, 3.59252190153500E-05, 0.00247318724501480 ) );
#5737 = CARTESIAN_POINT( '', ( -0.0208309887671703, 5.28559521233454E-05, 0.00246362479565886 ) );
#5738 = CARTESIAN_POINT( '', ( -0.0208389660483251, 6.17209960753729E-05, 0.00245558026096271 ) );
#5739 = CARTESIAN_POINT( '', ( -0.0208432803748907, 6.65154484563963E-05, 0.00245122956188700 ) );
#5740 = CARTESIAN_POINT( '', ( -0.0208139910530000, -0.000928195229671600, 0.00248051888375900 ) );
#5741 = CARTESIAN_POINT( '', ( -0.0208139910530100, -0.000928195229681600, 0.00248051888376900 ) );
#5742 = VECTOR( '', #7427, 1.00000000000000 );
#5743 = CARTESIAN_POINT( '', ( -0.0208432803748800, -0.000998905907790200, 0.00245122956187700 ) );
#5744 = CARTESIAN_POINT( '', ( -0.0208432803748906, -0.000998905907799555, 0.00245122956188700 ) );
#5745 = CARTESIAN_POINT( '', ( -0.0208389664804809, -0.000994111972395993, 0.00245557966729963 ) );
#5746 = CARTESIAN_POINT( '', ( -0.0208309891030515, -0.000985246889375033, 0.00246362400715540 ) );
#5747 = CARTESIAN_POINT( '', ( -0.0208218185621801, -0.000968316952464536, 0.00247318667166721 ) );
#5748 = CARTESIAN_POINT( '', ( -0.0208152965276909, -0.000949338115210427, 0.00247939011329611 ) );
#5749 = CARTESIAN_POINT( '', ( -0.0208144264493343, -0.000935246714411113, 0.00248014242106956 ) );
#5750 = CARTESIAN_POINT( '', ( -0.0208139910530000, -0.000928195229671600, 0.00248051888376900 ) );
#5751 = CARTESIAN_POINT( '', ( -0.0208432803748900, -0.000998905907800200, 0.00245122956188700 ) );
#5752 = VECTOR( '', #7428, 1.00000000000000 );
#5753 = CARTESIAN_POINT( '', ( -0.0208139910530000, -4.19522967156800E-06, 0.00895423113814500 ) );
#5754 = CARTESIAN_POINT( '', ( -0.0208139910530100, -4.19522968156800E-06, 0.00895423113815500 ) );
#5755 = VECTOR( '', #7429, 1.00000000000000 );
#5756 = CARTESIAN_POINT( '', ( -0.0208432803748907, 6.65154484564311E-05, 0.00245122956188700 ) );
#5757 = CARTESIAN_POINT( '', ( -0.0208480743102954, 7.08293428649199E-05, 0.00245557966729837 ) );
#5758 = CARTESIAN_POINT( '', ( -0.0208569393933199, 7.88067202931579E-05, 0.00246362400715305 ) );
#5759 = CARTESIAN_POINT( '', ( -0.0208738693302307, 8.79772611584398E-05, 0.00247318667166489 ) );
#5760 = CARTESIAN_POINT( '', ( -0.0208928481674808, 9.44992956408480E-05, 0.00247939011329632 ) );
#5761 = CARTESIAN_POINT( '', ( -0.0209069395682737, 9.53693739952130E-05, 0.00248014242106963 ) );
#5762 = CARTESIAN_POINT( '', ( -0.0209139910530100, 9.58047703284320E-05, 0.00248051888376900 ) );
#5763 = AXIS2_PLACEMENT_3D( '', #7430, #7431, #7432 );
#5764 = CARTESIAN_POINT( '', ( -0.0208139910530000, -4.19522967157100E-06, 0.0160342311381500 ) );
#5765 = CARTESIAN_POINT( '', ( -0.0208432803748800, 6.65154484470800E-05, 0.0160635204600300 ) );
#5766 = CARTESIAN_POINT( '', ( -0.0208139910530100, -4.19522968157120E-06, 0.0160342311381600 ) );
#5767 = CARTESIAN_POINT( '', ( -0.0208139910530100, 3.72261265714959E-05, 0.0160342311381600 ) );
#5768 = CARTESIAN_POINT( '', ( -0.0208432803748900, 6.65154484570797E-05, 0.0160635204600400 ) );
#5769 = CARTESIAN_POINT( '', ( -0.0212139910530000, -0.000304195229671600, 0.0164342311381500 ) );
#5770 = CARTESIAN_POINT( '', ( -0.0212139910530100, -0.000304195229681600, 0.0164342311381600 ) );
#5771 = VECTOR( '', #7433, 1.00000000000000 );
#5772 = CARTESIAN_POINT( '', ( -0.0212139910530000, -0.000628195229671600, 0.0164342311381500 ) );
#5773 = CARTESIAN_POINT( '', ( -0.0212139910530100, -0.000304195229681600, 0.0164342311381600 ) );
#5774 = VECTOR( '', #7434, 1.00000000000000 );
#5775 = CARTESIAN_POINT( '', ( -0.0212139910530100, -0.000628195229681600, 0.0164342311381600 ) );
#5776 = VECTOR( '', #7435, 1.00000000000000 );
#5777 = CARTESIAN_POINT( '', ( -0.0208139910530100, -4.19522968156900E-06, 0.0160342311381600 ) );
#5778 = VECTOR( '', #7436, 1.00000000000000 );
#5779 = CARTESIAN_POINT( '', ( -0.0218379910530000, -0.00102819522967200, 0.0126542311381500 ) );
#5780 = CARTESIAN_POINT( '', ( -0.0219379910530000, -0.000928195229671600, 0.0126542311381500 ) );
#5781 = AXIS2_PLACEMENT_3D( '', #7437, #7438, #7439 );
#5782 = CARTESIAN_POINT( '', ( -0.0218379910530000, -0.00102819522967200, 0.0160342311381500 ) );
#5783 = CARTESIAN_POINT( '', ( -0.0218379910530100, -0.00102819522968200, 0.0126542311381600 ) );
#5784 = VECTOR( '', #7440, 1.00000000000000 );
#5785 = CARTESIAN_POINT( '', ( -0.0219087017311200, -0.000998905907790200, 0.0160635204600300 ) );
#5786 = CARTESIAN_POINT( '', ( -0.0219087017311300, -0.000998905907790900, 0.0160635204600307 ) );
#5787 = CARTESIAN_POINT( '', ( -0.0218794124092481, -0.00102819522967180, 0.0160342311381498 ) );
#5788 = CARTESIAN_POINT( '', ( -0.0218379910530100, -0.00102819522967180, 0.0160342311381498 ) );
#5789 = CARTESIAN_POINT( '', ( -0.0219379910530000, -0.000928195229671600, 0.0160342311381500 ) );
#5790 = CARTESIAN_POINT( '', ( -0.0219379910530000, -0.000928195229681600, 0.0160342311381500 ) );
#5791 = CARTESIAN_POINT( '', ( -0.0219379910530000, -0.000969616585922843, 0.0160342311381500 ) );
#5792 = CARTESIAN_POINT( '', ( -0.0219087017311200, -0.000998905907800200, 0.0160635204600300 ) );
#5793 = CARTESIAN_POINT( '', ( -0.0219379910530100, -0.000928195229681600, 0.0160342311381600 ) );
#5794 = VECTOR( '', #7441, 1.00000000000000 );
#5795 = CARTESIAN_POINT( '', ( -0.0215379910530000, -0.000304195229671500, 0.00208051888375900 ) );
#5796 = CARTESIAN_POINT( '', ( -0.0215379910530000, -0.000628195229671600, 0.00208051888375900 ) );
#5797 = CARTESIAN_POINT( '', ( -0.0215379910530100, -0.000304195229681500, 0.00208051888376900 ) );
#5798 = VECTOR( '', #7442, 1.00000000000000 );
#5799 = CARTESIAN_POINT( '', ( -0.0219087017311200, -0.000998905907790200, 0.00245122956187700 ) );
#5800 = CARTESIAN_POINT( '', ( -0.0215379910530100, -0.000628195229681600, 0.00208051888376900 ) );
#5801 = VECTOR( '', #7443, 1.00000000000000 );
#5802 = CARTESIAN_POINT( '', ( -0.0219379910530000, -0.000928195229671500, 0.00248051888375900 ) );
#5803 = CARTESIAN_POINT( '', ( -0.0219379910530000, -0.000928195229681500, 0.00248051888376900 ) );
#5804 = CARTESIAN_POINT( '', ( -0.0219375557370839, -0.000935246056149126, 0.00248014230327684 ) );
#5805 = CARTESIAN_POINT( '', ( -0.0219366857430807, -0.000949337378147782, 0.00247938969406177 ) );
#5806 = CARTESIAN_POINT( '', ( -0.0219301640957825, -0.000968315678352262, 0.00247318724501462 ) );
#5807 = CARTESIAN_POINT( '', ( -0.0219209933388375, -0.000985246411454806, 0.00246362479565670 ) );
#5808 = CARTESIAN_POINT( '', ( -0.0219130160576848, -0.000994111455407175, 0.00245558026096264 ) );
#5809 = CARTESIAN_POINT( '', ( -0.0219087017311194, -0.000998905907789555, 0.00245122956188700 ) );
#5810 = CARTESIAN_POINT( '', ( -0.0219379910530000, -4.19522967163800E-06, 0.00248051888375900 ) );
#5811 = CARTESIAN_POINT( '', ( -0.0219379910530100, -4.19522968159100E-06, 0.00248051888376900 ) );
#5812 = VECTOR( '', #7444, 1.00000000000000 );
#5813 = CARTESIAN_POINT( '', ( -0.0219087017311200, 6.65154484471300E-05, 0.00245122956187700 ) );
#5814 = CARTESIAN_POINT( '', ( -0.0219087017311193, 6.65154484464355E-05, 0.00245122956188700 ) );
#5815 = CARTESIAN_POINT( '', ( -0.0219130156255293, 6.17215130410859E-05, 0.00245557966729985 ) );
#5816 = CARTESIAN_POINT( '', ( -0.0219209930029573, 5.28564300188603E-05, 0.00246362400715418 ) );
#5817 = CARTESIAN_POINT( '', ( -0.0219301635438246, 3.59264931097635E-05, 0.00247318667166781 ) );
#5818 = CARTESIAN_POINT( '', ( -0.0219366855783112, 1.69476558575333E-05, 0.00247939011329660 ) );
#5819 = CARTESIAN_POINT( '', ( -0.0219375556566663, 2.85625505858911E-06, 0.00248014242106969 ) );
#5820 = CARTESIAN_POINT( '', ( -0.0219379910530000, -4.19522968163798E-06, 0.00248051888376900 ) );
#5821 = CARTESIAN_POINT( '', ( -0.0219087017311300, 6.65154484571100E-05, 0.00245122956188700 ) );
#5822 = VECTOR( '', #7445, 1.00000000000000 );
#5823 = CARTESIAN_POINT( '', ( -0.0187834926924700, 0.00122681277032800, 0.00895423113814600 ) );
#5824 = CARTESIAN_POINT( '', ( -0.0187834926924800, 0.00122681277033800, -0.00199490953499800 ) );
#5825 = VECTOR( '', #7446, 1.00000000000000 );
#5826 = CARTESIAN_POINT( '', ( -0.0187834926924800, 0.00122681277033800, 0.00895423113815600 ) );
#5827 = VECTOR( '', #7447, 1.00000000000000 );
#5828 = CARTESIAN_POINT( '', ( -0.0245444225785700, 0.00122681277032800, 0.00895423113814600 ) );
#5829 = CARTESIAN_POINT( '', ( -0.0245444225785800, 0.00122681277033800, -0.00214576886186300 ) );
#5830 = VECTOR( '', #7448, 1.00000000000000 );
#5831 = CARTESIAN_POINT( '', ( -0.0245444224748900, -0.000185023229671600, 0.00895423113814600 ) );
#5832 = CARTESIAN_POINT( '', ( -0.0245444225785800, 0.00122681277033800, 0.00895423113815600 ) );
#5833 = VECTOR( '', #7449, 1.00000000000000 );
#5834 = CARTESIAN_POINT( '', ( -0.0245444224749000, -0.000185023229681600, -0.00214576886186300 ) );
#5835 = VECTOR( '', #7450, 1.00000000000000 );
#5836 = CARTESIAN_POINT( '', ( -0.0255350813095900, -0.000923011200914000, -0.000552347694464200 ) );
#5837 = CARTESIAN_POINT( '', ( -0.0255350813095900, -0.000810511200914000, -0.000702347694464200 ) );
#5838 = CARTESIAN_POINT( '', ( -0.0255350813096000, -0.000923011200924000, -0.000552347694474200 ) );
#5839 = VECTOR( '', #7451, 1.00000000000000 );
#5840 = CARTESIAN_POINT( '', ( -0.0255480813095900, -0.000923011200914000, -0.000552347694464200 ) );
#5841 = CARTESIAN_POINT( '', ( -0.0255350813096000, -0.000923011200924000, -0.000552347694474200 ) );
#5842 = VECTOR( '', #7452, 1.00000000000000 );
#5843 = CARTESIAN_POINT( '', ( -0.0255480813095900, -0.000810511200914000, -0.000702347694464200 ) );
#5844 = CARTESIAN_POINT( '', ( -0.0255480813096000, -0.000810511200924000, -0.000702347694474200 ) );
#5845 = VECTOR( '', #7453, 1.00000000000000 );
#5846 = CARTESIAN_POINT( '', ( -0.0255350813096000, -0.000810511200924000, -0.000702347694474200 ) );
#5847 = VECTOR( '', #7454, 1.00000000000000 );
#5848 = CARTESIAN_POINT( '', ( -0.0250480813095900, -0.00378415080500500, 0.0126542311381500 ) );
#5849 = CARTESIAN_POINT( '', ( -0.0250480813096000, -0.00378415080501500, -0.00214576886186300 ) );
#5850 = VECTOR( '', #7455, 1.00000000000000 );
#5851 = CARTESIAN_POINT( '', ( -0.0255480813095900, -0.00328415080500500, 0.0126542311381500 ) );
#5852 = AXIS2_PLACEMENT_3D( '', #7456, #7457, #7458 );
#5853 = CARTESIAN_POINT( '', ( -0.0255480813096000, -0.00328415080501500, 0.0126542311381600 ) );
#5854 = VECTOR( '', #7459, 1.00000000000000 );
#5855 = CARTESIAN_POINT( '', ( -0.0218379910530000, 9.58047703284300E-05, 0.0160342311381500 ) );
#5856 = CARTESIAN_POINT( '', ( -0.0219087017311200, 6.65154484470700E-05, 0.0160635204600300 ) );
#5857 = CARTESIAN_POINT( '', ( -0.0218379910530100, 9.58047703284155E-05, 0.0160342311381500 ) );
#5858 = CARTESIAN_POINT( '', ( -0.0218794124092480, 9.58047703284155E-05, 0.0160342311381500 ) );
#5859 = CARTESIAN_POINT( '', ( -0.0219087017311300, 6.65154484477354E-05, 0.0160635204600307 ) );
#5860 = CARTESIAN_POINT( '', ( -0.0215379910530000, -0.000304195229671600, 0.0164342311381500 ) );
#5861 = CARTESIAN_POINT( '', ( -0.0219087017311300, 6.65154484570700E-05, 0.0160635204600400 ) );
#5862 = VECTOR( '', #7460, 1.00000000000000 );
#5863 = CARTESIAN_POINT( '', ( -0.0215379910530100, -0.000304195229681600, 0.0164342311381600 ) );
#5864 = VECTOR( '', #7461, 1.00000000000000 );
#5865 = CARTESIAN_POINT( '', ( -0.0209139910530000, 9.58047703284300E-05, 0.0160342311381500 ) );
#5866 = CARTESIAN_POINT( '', ( -0.0208432803748900, 6.65154484477600E-05, 0.0160635204600306 ) );
#5867 = CARTESIAN_POINT( '', ( -0.0208725696967720, 9.58047703284155E-05, 0.0160342311381500 ) );
#5868 = CARTESIAN_POINT( '', ( -0.0209139910530100, 9.58047703284155E-05, 0.0160342311381500 ) );
#5869 = CARTESIAN_POINT( '', ( -0.0218379910530100, 9.58047703384300E-05, 0.0160342311381600 ) );
#5870 = VECTOR( '', #7462, 1.00000000000000 );
#5871 = CARTESIAN_POINT( '', ( -0.0218379910530000, -0.00102819522967200, 0.00248051888375900 ) );
#5872 = CARTESIAN_POINT( '', ( -0.0218379910530000, -0.00102819522967200, 0.00895423113814500 ) );
#5873 = CARTESIAN_POINT( '', ( -0.0218379910530100, -0.00102819522968200, 0.00248051888376900 ) );
#5874 = VECTOR( '', #7463, 1.00000000000000 );
#5875 = CARTESIAN_POINT( '', ( -0.0209139910530000, -0.00102819522967200, 0.00248051888375900 ) );
#5876 = CARTESIAN_POINT( '', ( -0.0209139910530100, -0.00102819522968200, 0.00248051888376900 ) );
#5877 = VECTOR( '', #7464, 1.00000000000000 );
#5878 = CARTESIAN_POINT( '', ( -0.0209139910530000, -0.00102819522967200, 0.00895423113814500 ) );
#5879 = CARTESIAN_POINT( '', ( -0.0209139910530100, -0.00102819522968200, 0.00895423113815500 ) );
#5880 = VECTOR( '', #7465, 1.00000000000000 );
#5881 = CARTESIAN_POINT( '', ( -0.0218379910530100, -0.00102819522968200, 0.00895423113815500 ) );
#5882 = VECTOR( '', #7466, 1.00000000000000 );
#5883 = CARTESIAN_POINT( '', ( -0.0209139910530100, -0.00102819522967160, 0.00248051888376900 ) );
#5884 = CARTESIAN_POINT( '', ( -0.0209069402265438, -0.00102775991375710, 0.00248014230327664 ) );
#5885 = CARTESIAN_POINT( '', ( -0.0208928489045454, -0.00102688991975685, 0.00247938969406102 ) );
#5886 = CARTESIAN_POINT( '', ( -0.0208738706043376, -0.00102036827246238, 0.00247318724501390 ) );
#5887 = CARTESIAN_POINT( '', ( -0.0208569398712290, -0.00101119751551780, 0.00246362479565771 ) );
#5888 = CARTESIAN_POINT( '', ( -0.0208480748272739, -0.00100322023436468, 0.00245558026096260 ) );
#5889 = CARTESIAN_POINT( '', ( -0.0208432803748907, -0.000998905907799604, 0.00245122956188700 ) );
#5890 = CARTESIAN_POINT( '', ( -0.0208139910530000, -0.000928195229671600, 0.00895423113814500 ) );
#5891 = CARTESIAN_POINT( '', ( -0.0208139910530100, -0.000928195229681600, 0.00248051888376900 ) );
#5892 = VECTOR( '', #7467, 1.00000000000000 );
#5893 = AXIS2_PLACEMENT_3D( '', #7468, #7469, #7470 );
#5894 = CARTESIAN_POINT( '', ( -0.0219379910530000, -0.000928195229671600, 0.00895423113814500 ) );
#5895 = CARTESIAN_POINT( '', ( -0.0219379910530100, -0.000928195229681600, 0.00895423113815500 ) );
#5896 = VECTOR( '', #7471, 1.00000000000000 );
#5897 = CARTESIAN_POINT( '', ( -0.0219087017311194, -0.000998905907789555, 0.00245122956188700 ) );
#5898 = CARTESIAN_POINT( '', ( -0.0219039077957129, -0.00100321980220067, 0.00245557966730127 ) );
#5899 = CARTESIAN_POINT( '', ( -0.0218950427126912, -0.00101119717962837, 0.00246362400715588 ) );
#5900 = CARTESIAN_POINT( '', ( -0.0218781127757822, -0.00102036772049561, 0.00247318667166837 ) );
#5901 = CARTESIAN_POINT( '', ( -0.0218591339385377, -0.00102688975498018, 0.00247939011329502 ) );
#5902 = CARTESIAN_POINT( '', ( -0.0218450425377447, -0.00102775983333717, 0.00248014242106925 ) );
#5903 = CARTESIAN_POINT( '', ( -0.0218379910530100, -0.00102819522967160, 0.00248051888376900 ) );
#5904 = AXIS2_PLACEMENT_3D( '', #7472, #7473, #7474 );
#5905 = CARTESIAN_POINT( '', ( -0.0209139910530100, -0.00102819522968200, 0.0160342311381600 ) );
#5906 = VECTOR( '', #7475, 1.00000000000000 );
#5907 = CARTESIAN_POINT( '', ( -0.0218379910530100, -0.00102819522968200, 0.0126542311381600 ) );
#5908 = VECTOR( '', #7476, 1.00000000000000 );
#5909 = CARTESIAN_POINT( '', ( -0.0225234233640400, 0.0102502260657300, 0.00105628001670200 ) );
#5910 = CARTESIAN_POINT( '', ( -0.0225234233640400, 0.00870022612653600, 0.00105628001670200 ) );
#5911 = CARTESIAN_POINT( '', ( -0.0225234233640500, 0.0102502260657400, 0.00105628001671200 ) );
#5912 = VECTOR( '', #7477, 1.00000000000000 );
#5913 = CARTESIAN_POINT( '', ( -0.0202234233640400, 0.00870022612653600, 0.00105628001670200 ) );
#5914 = CARTESIAN_POINT( '', ( -0.0225234233640500, 0.00870022612654600, 0.00105628001671200 ) );
#5915 = VECTOR( '', #7478, 1.00000000000000 );
#5916 = CARTESIAN_POINT( '', ( -0.0202234233640400, 0.0102502260657300, 0.00105628001670200 ) );
#5917 = CARTESIAN_POINT( '', ( -0.0202234233640500, 0.00870022612654600, 0.00105628001671200 ) );
#5918 = VECTOR( '', #7479, 1.00000000000000 );
#5919 = CARTESIAN_POINT( '', ( -0.0225234233640500, 0.0102502260657400, 0.00105628001671200 ) );
#5920 = VECTOR( '', #7480, 1.00000000000000 );
#5921 = CARTESIAN_POINT( '', ( -0.0202234233640400, 0.0102502260657300, 0.000458527060787400 ) );
#5922 = CARTESIAN_POINT( '', ( -0.0225234233640400, 0.0102502260657300, 0.000458527060787400 ) );
#5923 = CARTESIAN_POINT( '', ( -0.0202234233640500, 0.0102502260657400, 0.000458527060797400 ) );
#5924 = VECTOR( '', #7481, 1.00000000000000 );
#5925 = CARTESIAN_POINT( '', ( -0.0225234233640500, 0.0102502260657400, 0.000458527060797400 ) );
#5926 = VECTOR( '', #7482, 1.00000000000000 );
#5927 = CARTESIAN_POINT( '', ( -0.0202234233640500, 0.0102502260657400, 0.00105628001671200 ) );
#5928 = VECTOR( '', #7483, 1.00000000000000 );
#5929 = CARTESIAN_POINT( '', ( -0.0255350813095900, -0.00251196233923300, 0.00251422713814600 ) );
#5930 = CARTESIAN_POINT( '', ( -0.0255350813095900, 0.000988037660767000, 0.00251422713814600 ) );
#5931 = CARTESIAN_POINT( '', ( -0.0255350813096000, -0.00251196233924300, 0.00251422713815600 ) );
#5932 = VECTOR( '', #7484, 1.00000000000000 );
#5933 = CARTESIAN_POINT( '', ( -0.0255350813095900, 0.000988037660767000, -0.000985772861853700 ) );
#5934 = CARTESIAN_POINT( '', ( -0.0255350813096000, 0.000988037660777000, 0.00251422713815600 ) );
#5935 = VECTOR( '', #7485, 1.00000000000000 );
#5936 = CARTESIAN_POINT( '', ( -0.0255350813095900, -0.00251196233923300, -0.000985772861853700 ) );
#5937 = CARTESIAN_POINT( '', ( -0.0255350813096000, 0.000988037660777000, -0.000985772861863700 ) );
#5938 = VECTOR( '', #7486, 1.00000000000000 );
#5939 = CARTESIAN_POINT( '', ( -0.0255350813096000, -0.00251196233924300, -0.000985772861863700 ) );
#5940 = VECTOR( '', #7487, 1.00000000000000 );
#5941 = CARTESIAN_POINT( '', ( -0.0255350813095900, -0.00103551120091400, -0.000439847694464200 ) );
#5942 = CARTESIAN_POINT( '', ( -0.0255350813096000, -0.00103551120092400, -0.000439847694474200 ) );
#5943 = VECTOR( '', #7488, 1.00000000000000 );
#5944 = CARTESIAN_POINT( '', ( -0.0255350813095900, -0.000773011200914000, -0.000814847694464200 ) );
#5945 = CARTESIAN_POINT( '', ( -0.0255350813096000, -0.000810511200924000, -0.000702347694474200 ) );
#5946 = VECTOR( '', #7489, 1.00000000000000 );
#5947 = CARTESIAN_POINT( '', ( -0.0255350813095900, -0.000473011200914000, -0.000814847694464200 ) );
#5948 = CARTESIAN_POINT( '', ( -0.0255350813096000, -0.000473011200924000, -0.000814847694474200 ) );
#5949 = VECTOR( '', #7490, 1.00000000000000 );
#5950 = CARTESIAN_POINT( '', ( -0.0255350813095900, -0.000473011200914000, 0.00218515230553600 ) );
#5951 = CARTESIAN_POINT( '', ( -0.0255350813096000, -0.000473011200924000, 0.00218515230554600 ) );
#5952 = VECTOR( '', #7491, 1.00000000000000 );
#5953 = CARTESIAN_POINT( '', ( -0.0255350813095900, -0.000848011200914000, 0.00218515230553600 ) );
#5954 = CARTESIAN_POINT( '', ( -0.0255350813096000, -0.000848011200924000, 0.00218515230554600 ) );
#5955 = VECTOR( '', #7492, 1.00000000000000 );
#5956 = CARTESIAN_POINT( '', ( -0.0255350813095900, -0.000848011200914000, 1.01523055358100E-05 ) );
#5957 = CARTESIAN_POINT( '', ( -0.0255350813096000, -0.000848011200924000, 1.01523055458100E-05 ) );
#5958 = VECTOR( '', #7493, 1.00000000000000 );
#5959 = CARTESIAN_POINT( '', ( -0.0255350813095900, -0.00156051120091400, 1.01523055358100E-05 ) );
#5960 = CARTESIAN_POINT( '', ( -0.0255350813096000, -0.00156051120092400, 1.01523055458100E-05 ) );
#5961 = VECTOR( '', #7494, 1.00000000000000 );
#5962 = CARTESIAN_POINT( '', ( -0.0255350813095900, -0.00156051120091400, -0.000289847694464200 ) );
#5963 = CARTESIAN_POINT( '', ( -0.0255350813096000, -0.00156051120092400, -0.000289847694474200 ) );
#5964 = VECTOR( '', #7495, 1.00000000000000 );
#5965 = CARTESIAN_POINT( '', ( -0.0255350813095900, -0.00148551120091400, -0.000289847694464200 ) );
#5966 = CARTESIAN_POINT( '', ( -0.0255350813096000, -0.00148551120092400, -0.000289847694474200 ) );
#5967 = VECTOR( '', #7496, 1.00000000000000 );
#5968 = CARTESIAN_POINT( '', ( -0.0255350813095900, -0.00129801120091400, -0.000327347694464200 ) );
#5969 = CARTESIAN_POINT( '', ( -0.0255350813096000, -0.00148551120092400, -0.000289847694474200 ) );
#5970 = VECTOR( '', #7497, 1.00000000000000 );
#5971 = CARTESIAN_POINT( '', ( -0.0255350813095900, -0.00118551120091400, -0.000364847694464200 ) );
#5972 = CARTESIAN_POINT( '', ( -0.0255350813096000, -0.00129801120092400, -0.000327347694474200 ) );
#5973 = VECTOR( '', #7498, 1.00000000000000 );
#5974 = CARTESIAN_POINT( '', ( -0.0255350813096000, -0.00118551120092400, -0.000364847694474200 ) );
#5975 = VECTOR( '', #7499, 1.00000000000000 );
#5976 = CARTESIAN_POINT( '', ( -0.0255480813095900, -0.00156051120091400, 1.01523055358100E-05 ) );
#5977 = CARTESIAN_POINT( '', ( -0.0255350813096000, -0.00156051120092400, 1.01523055458100E-05 ) );
#5978 = VECTOR( '', #7500, 1.00000000000000 );
#5979 = CARTESIAN_POINT( '', ( -0.0255480813095900, -0.00156051120091400, -0.000289847694464200 ) );
#5980 = CARTESIAN_POINT( '', ( -0.0255480813096000, -0.00156051120092400, 1.01523055458100E-05 ) );
#5981 = VECTOR( '', #7501, 1.00000000000000 );
#5982 = CARTESIAN_POINT( '', ( -0.0255350813096000, -0.00156051120092400, -0.000289847694474200 ) );
#5983 = VECTOR( '', #7502, 1.00000000000000 );
#5984 = CARTESIAN_POINT( '', ( -0.0225234233640400, 0.0102502260657330, 0.000458527060785623 ) );
#5985 = CARTESIAN_POINT( '', ( -0.0225234233640400, 0.00869966531250608, -0.00214514128424765 ) );
#5986 = CARTESIAN_POINT( '', ( -0.0225234233640400, 0.00869966531251500, -0.00214514128424700 ) );
#5987 = CARTESIAN_POINT( '', ( -0.0225234233640400, 0.00870022612655605, 0.00105628001670200 ) );
#5988 = CARTESIAN_POINT( '', ( -0.0163687654185000, 0.00587880477032900, 0.0126542311381500 ) );
#5989 = CARTESIAN_POINT( '', ( -0.0163687653254700, 0.00587880518917600, 0.0153526473514500 ) );
#5990 = CARTESIAN_POINT( '', ( -0.0163687654185100, 0.00587880477033900, 0.0126542311381600 ) );
#5991 = VECTOR( '', #7503, 1.00000000000000 );
#5992 = CARTESIAN_POINT( '', ( -0.0162843448545700, 0.00588302588722800, 0.0155242311381500 ) );
#5993 = CARTESIAN_POINT( '', ( -0.0163687653254800, 0.00587880477032901, 0.0153526473514600 ) );
#5994 = CARTESIAN_POINT( '', ( -0.0163542597783195, 0.00587898583658812, 0.0153825313012608 ) );
#5995 = CARTESIAN_POINT( '', ( -0.0163264143947217, 0.00587933341806062, 0.0154398976340448 ) );
#5996 = CARTESIAN_POINT( '', ( -0.0162979671737446, 0.00588181780558031, 0.0154969142570440 ) );
#5997 = CARTESIAN_POINT( '', ( -0.0162843390161867, 0.00588300799651603, 0.0155242291052073 ) );
#5998 = CARTESIAN_POINT( '', ( -0.0155229674943500, 0.00664438989305100, 0.0155242311381500 ) );
#5999 = AXIS2_PLACEMENT_3D( '', #7504, #7505, #7506 );
#6000 = CARTESIAN_POINT( '', ( -0.0155187658056700, 0.00672880468444300, 0.0153526516273700 ) );
#6001 = CARTESIAN_POINT( '', ( -0.0155229661850900, 0.00664439205780200, 0.0155242311381600 ) );
#6002 = CARTESIAN_POINT( '', ( -0.0155220354526200, 0.00665371817755400, 0.0155056386668500 ) );
#6003 = CARTESIAN_POINT( '', ( -0.0155204845084200, 0.00667239021281100, 0.0154681240659100 ) );
#6004 = CARTESIAN_POINT( '', ( -0.0155190789156100, 0.00670054485249900, 0.0154109272636100 ) );
#6005 = CARTESIAN_POINT( '', ( -0.0155187658056800, 0.00671936548916100, 0.0153721769200100 ) );
#6006 = CARTESIAN_POINT( '', ( -0.0155187658056800, 0.00672880468445300, 0.0153526516273800 ) );
#6007 = CARTESIAN_POINT( '', ( -0.0155187654185000, 0.00672880477032900, 0.0126542311381500 ) );
#6008 = CARTESIAN_POINT( '', ( -0.0155187658056800, 0.00672880468445300, 0.0153526516273800 ) );
#6009 = VECTOR( '', #7507, 1.00000000000000 );
#6010 = AXIS2_PLACEMENT_3D( '', #7508, #7509, #7510 );
#6011 = CARTESIAN_POINT( '', ( -0.0148787650764100, 0.00672880469436400, 0.0153526488888400 ) );
#6012 = CARTESIAN_POINT( '', ( -0.0148745633426500, 0.00664438989305000, 0.0155242311381500 ) );
#6013 = CARTESIAN_POINT( '', ( -0.0148787650764200, 0.00672880469437400, 0.0153526488888500 ) );
#6014 = CARTESIAN_POINT( '', ( -0.0148787650764200, 0.00671936388974800, 0.0153721775110500 ) );
#6015 = CARTESIAN_POINT( '', ( -0.0148784518160700, 0.00670054119431600, 0.0154109247924200 ) );
#6016 = CARTESIAN_POINT( '', ( -0.0148770459919300, 0.00667238623677600, 0.0154681224113400 ) );
#6017 = CARTESIAN_POINT( '', ( -0.0148754954031900, 0.00665371730536100, 0.0155056378970800 ) );
#6018 = CARTESIAN_POINT( '', ( -0.0148745645878200, 0.00664439078690200, 0.0155242311381600 ) );
#6019 = CARTESIAN_POINT( '', ( -0.0141132209526400, 0.00588301090492600, 0.0155242311381500 ) );
#6020 = AXIS2_PLACEMENT_3D( '', #7511, #7512, #7513 );
#6021 = CARTESIAN_POINT( '', ( -0.0140287655214500, 0.00587880523426000, 0.0153526500902900 ) );
#6022 = CARTESIAN_POINT( '', ( -0.0141131915281700, 0.00588300844962400, 0.0155242311381600 ) );
#6023 = CARTESIAN_POINT( '', ( -0.0141038654083200, 0.00588207771713100, 0.0155056386666800 ) );
#6024 = CARTESIAN_POINT( '', ( -0.0140851737269500, 0.00588052251126800, 0.0154681238607000 ) );
#6025 = CARTESIAN_POINT( '', ( -0.0140570271141000, 0.00587911861995300, 0.0154109279815600 ) );
#6026 = CARTESIAN_POINT( '', ( -0.0140382047168600, 0.00587880523427000, 0.0153721753821300 ) );
#6027 = CARTESIAN_POINT( '', ( -0.0140287655214600, 0.00587880523427000, 0.0153526500903000 ) );
#6028 = CARTESIAN_POINT( '', ( -0.0140287654185000, 0.00587880477032900, 0.0126542311381500 ) );
#6029 = CARTESIAN_POINT( '', ( -0.0140287655214600, 0.00587880523427000, 0.0153526500903000 ) );
#6030 = VECTOR( '', #7514, 1.00000000000000 );
#6031 = CARTESIAN_POINT( '', ( -0.0148787654185000, 0.00672880477032900, 0.0126542311381500 ) );
#6032 = AXIS2_PLACEMENT_3D( '', #7515, #7516, #7517 );
#6033 = CARTESIAN_POINT( '', ( -0.0148787654185100, 0.00672880477033900, 0.0126542311381600 ) );
#6034 = VECTOR( '', #7518, 1.00000000000000 );
#6035 = CARTESIAN_POINT( '', ( -0.0193906956749900, -0.00249840250662400, 0.00895423113814600 ) );
#6036 = CARTESIAN_POINT( '', ( -0.0201384185630900, -0.00321102264850200, 0.00895423113814600 ) );
#6037 = CARTESIAN_POINT( '', ( -0.0193906956750000, -0.00249840250663400, 0.00895423113815600 ) );
#6038 = VECTOR( '', #7519, 1.00000000000000 );
#6039 = CARTESIAN_POINT( '', ( -0.0193906956749900, -0.00249840250662400, -0.00202077365431200 ) );
#6040 = CARTESIAN_POINT( '', ( -0.0193906956750000, -0.00249840250663400, -0.00202077365432200 ) );
#6041 = VECTOR( '', #7520, 1.00000000000000 );
#6042 = CARTESIAN_POINT( '', ( -0.0201391891546500, -0.00321132932341800, -0.00199552814458500 ) );
#6043 = CARTESIAN_POINT( '', ( -0.0201393003780666, -0.00321121810000181, -0.00199568681693007 ) );
#6044 = CARTESIAN_POINT( '', ( -0.0193906956749818, -0.00249840250663303, -0.00202077365432338 ) );
#6045 = CARTESIAN_POINT( '', ( -0.0201384185631000, -0.00321102264850200, 0.00895423113814600 ) );
#6046 = CARTESIAN_POINT( '', ( -0.0201391891546702, -0.00321102264850200, -0.00199552814458500 ) );
#6047 = CARTESIAN_POINT( '', ( -0.0200771781210696, -0.00336320424925209, -0.00214576886185078 ) );
#6048 = CARTESIAN_POINT( '', ( -0.0201393003780854, -0.00321121810000775, -0.00199568681692104 ) );
#6049 = CARTESIAN_POINT( '', ( -0.0239633534135300, -0.00321102264850200, -0.00199490953498800 ) );
#6050 = CARTESIAN_POINT( '', ( -0.0241155350142900, -0.00336320424925600, -0.00214576886186300 ) );
#6051 = VECTOR( '', #7521, 1.00000000000000 );
#6052 = CARTESIAN_POINT( '', ( -0.0201391891546500, -0.00321102264850200, -0.00199552814459500 ) );
#6053 = CARTESIAN_POINT( '', ( -0.0239633534135300, -0.00321102264850200, -0.00199490953498856 ) );
#6054 = CARTESIAN_POINT( '', ( -0.0239633534135300, -0.00321102264850200, 0.00895423113814600 ) );
#6055 = CARTESIAN_POINT( '', ( -0.0239633534135400, -0.00321102264851200, -0.00199490953499800 ) );
#6056 = VECTOR( '', #7522, 1.00000000000000 );
#6057 = CARTESIAN_POINT( '', ( -0.0239633534135400, -0.00321102264851200, 0.00895423113815600 ) );
#6058 = VECTOR( '', #7523, 1.00000000000000 );
#6059 = CARTESIAN_POINT( '', ( -0.0187834926924700, -0.00112624722967200, 0.00895423113814600 ) );
#6060 = CARTESIAN_POINT( '', ( -0.0187834926924700, -0.00112624722967200, -0.00199490953498800 ) );
#6061 = CARTESIAN_POINT( '', ( -0.0187834926924800, -0.00112624722968200, 0.00895423113815600 ) );
#6062 = VECTOR( '', #7524, 1.00000000000000 );
#6063 = CARTESIAN_POINT( '', ( -0.0187834926924700, -0.000185023229671600, 0.00895423113814600 ) );
#6064 = CARTESIAN_POINT( '', ( -0.0187834926924800, -0.00112624722968200, 0.00895423113815600 ) );
#6065 = VECTOR( '', #7525, 1.00000000000000 );
#6066 = CARTESIAN_POINT( '', ( -0.0187834926924700, -0.000185023229671600, -0.00199490953498800 ) );
#6067 = CARTESIAN_POINT( '', ( -0.0187834926924800, -0.000185023229681600, -0.00199490953499800 ) );
#6068 = VECTOR( '', #7526, 1.00000000000000 );
#6069 = CARTESIAN_POINT( '', ( -0.0187834926924800, -0.000185023229681600, -0.00199490953499800 ) );
#6070 = VECTOR( '', #7527, 1.00000000000000 );
#6071 = CARTESIAN_POINT( '', ( -0.0182024240458300, -0.000185023229671600, 0.00895423113814600 ) );
#6072 = CARTESIAN_POINT( '', ( -0.0187834926924800, -0.000185023229681600, 0.00895423113815600 ) );
#6073 = VECTOR( '', #7528, 1.00000000000000 );
#6074 = CARTESIAN_POINT( '', ( -0.0182024240458400, -0.000185023229681600, 0.00895423113815600 ) );
#6075 = VECTOR( '', #7529, 1.00000000000000 );
#6076 = CARTESIAN_POINT( '', ( -0.0186313110917400, -0.000185023229681600, -0.00214576886186300 ) );
#6077 = VECTOR( '', #7530, 1.00000000000000 );
#6078 = CARTESIAN_POINT( '', ( -0.0187834926924800, -0.00112624722968200, -0.00199490953499800 ) );
#6079 = VECTOR( '', #7531, 1.00000000000000 );
#6080 = CARTESIAN_POINT( '', ( -0.0181987647944400, -0.00112624722967200, 0.00895423113814600 ) );
#6081 = CARTESIAN_POINT( '', ( -0.0181987647944500, -0.00112624722968200, 0.00895423113815600 ) );
#6082 = VECTOR( '', #7532, 1.00000000000000 );
#6083 = CARTESIAN_POINT( '', ( -0.0181987647944500, -0.00112624722968200, 0.00895423113815600 ) );
#6084 = VECTOR( '', #7533, 1.00000000000000 );
#6085 = CARTESIAN_POINT( '', ( -0.0215379910530000, -0.000628195229671500, 0.0164342311381500 ) );
#6086 = CARTESIAN_POINT( '', ( -0.0212139910530100, -0.000628195229681600, 0.0164342311381600 ) );
#6087 = VECTOR( '', #7534, 1.00000000000000 );
#6088 = CARTESIAN_POINT( '', ( -0.0219087017311300, -0.000998905907800200, 0.0160635204600400 ) );
#6089 = VECTOR( '', #7535, 1.00000000000000 );
#6090 = CARTESIAN_POINT( '', ( -0.0137427678223600, 0.00532280477025000, 0.0147907274767500 ) );
#6091 = CARTESIAN_POINT( '', ( -0.0137427678223500, 0.00579480477032900, 0.0147907274767700 ) );
#6092 = AXIS2_PLACEMENT_3D( '', #7536, #7537, #7538 );
#6093 = CARTESIAN_POINT( '', ( -0.0138414812818800, 0.00587880492436800, 0.0149633663681700 ) );
#6094 = CARTESIAN_POINT( '', ( -0.0137427678223558, 0.00579480477034168, 0.0147907274767820 ) );
#6095 = CARTESIAN_POINT( '', ( -0.0137436838701092, 0.00579930242206388, 0.0147910959011485 ) );
#6096 = CARTESIAN_POINT( '', ( -0.0137455747168713, 0.00580858618501673, 0.0147918563789924 ) );
#6097 = CARTESIAN_POINT( '', ( -0.0137507489540142, 0.00582153146161353, 0.0147979332907059 ) );
#6098 = CARTESIAN_POINT( '', ( -0.0137582511788477, 0.00583502698161189, 0.0148084597201145 ) );
#6099 = CARTESIAN_POINT( '', ( -0.0137687308679186, 0.00584822993757082, 0.0148250326048642 ) );
#6100 = CARTESIAN_POINT( '', ( -0.0137865483311601, 0.00586372952703408, 0.0148556787521675 ) );
#6101 = CARTESIAN_POINT( '', ( -0.0138116801138942, 0.00587655556456586, 0.0149022648814045 ) );
#6102 = CARTESIAN_POINT( '', ( -0.0138311115179829, 0.00587802234284949, 0.0149421061391276 ) );
#6103 = CARTESIAN_POINT( '', ( -0.0138414807054055, 0.00587880506029290, 0.0149633666443693 ) );
#6104 = CARTESIAN_POINT( '', ( -0.0140287655214600, 0.00587880523427000, 0.0153526500903000 ) );
#6105 = CARTESIAN_POINT( '', ( -0.0140078731869500, 0.00587880523427000, 0.0153094335966600 ) );
#6106 = CARTESIAN_POINT( '', ( -0.0139661625372100, 0.00587880457437600, 0.0152229729847500 ) );
#6107 = CARTESIAN_POINT( '', ( -0.0139037280268600, 0.00587880476031100, 0.0150932099150000 ) );
#6108 = CARTESIAN_POINT( '', ( -0.0138622210697000, 0.00587880492437800, 0.0150066561146600 ) );
#6109 = CARTESIAN_POINT( '', ( -0.0138414812818900, 0.00587880492437800, 0.0149633663681800 ) );
#6110 = CARTESIAN_POINT( '', ( -0.0141131802957800, 0.00523460269447700, 0.0155242311381500 ) );
#6111 = AXIS2_PLACEMENT_3D( '', #7539, #7540, #7541 );
#6112 = CARTESIAN_POINT( '', ( -0.0140287655115400, 0.00523880435149000, 0.0153526473514600 ) );
#6113 = CARTESIAN_POINT( '', ( -0.0140382063162800, 0.00523880435149000, 0.0153721759728700 ) );
#6114 = CARTESIAN_POINT( '', ( -0.0140570289860700, 0.00523849120364800, 0.0154109255105000 ) );
#6115 = CARTESIAN_POINT( '', ( -0.0140851839547400, 0.00523708533381300, 0.0154681222060800 ) );
#6116 = CARTESIAN_POINT( '', ( -0.0141038528839100, 0.00523553475432200, 0.0155056378969100 ) );
#6117 = CARTESIAN_POINT( '', ( -0.0141131794024600, 0.00523460393893200, 0.0155242311381600 ) );
#6118 = CARTESIAN_POINT( '', ( -0.0138414807053050, 0.00523880448038500, 0.0149633666441695 ) );
#6119 = CARTESIAN_POINT( '', ( -0.0138311101298062, 0.00523958779950281, 0.0149421038305436 ) );
#6120 = CARTESIAN_POINT( '', ( -0.0138116737708012, 0.00524105588308129, 0.0149022534211682 ) );
#6121 = CARTESIAN_POINT( '', ( -0.0137865737785133, 0.00525387640148563, 0.0148557278606536 ) );
#6122 = CARTESIAN_POINT( '', ( -0.0137687003480057, 0.00526937820862182, 0.0148249720293889 ) );
#6123 = CARTESIAN_POINT( '', ( -0.0137572521295567, 0.00528396823606803, 0.0148069191083185 ) );
#6124 = CARTESIAN_POINT( '', ( -0.0137476548267593, 0.00530142411486990, 0.0147935282491643 ) );
#6125 = CARTESIAN_POINT( '', ( -0.0137443194871791, 0.00531601623313000, 0.0147916167454561 ) );
#6126 = CARTESIAN_POINT( '', ( -0.0137427678223576, 0.00532280477025799, 0.0147907274767659 ) );
#6127 = CARTESIAN_POINT( '', ( -0.0165560495552200, 0.00587880492436700, 0.0149633663679700 ) );
#6128 = CARTESIAN_POINT( '', ( -0.0165560513132200, 0.00587880477032900, 0.0126542311381500 ) );
#6129 = CARTESIAN_POINT( '', ( -0.0165560495552300, 0.00587880492437700, 0.0149633663679800 ) );
#6130 = VECTOR( '', #7542, 1.00000000000000 );
#6131 = CARTESIAN_POINT( '', ( -0.0166547630146500, 0.00579480477032800, 0.0126542311381500 ) );
#6132 = AXIS2_PLACEMENT_3D( '', #7543, #7544, #7545 );
#6133 = CARTESIAN_POINT( '', ( -0.0166547630146500, 0.00579480477032900, 0.0147907274767700 ) );
#6134 = CARTESIAN_POINT( '', ( -0.0166547630146500, 0.00579480477041700, 0.0147907274767600 ) );
#6135 = VECTOR( '', #7546, 1.00000000000000 );
#6136 = CARTESIAN_POINT( '', ( -0.0165560501316959, 0.00587880506028751, 0.0149633666441604 ) );
#6137 = CARTESIAN_POINT( '', ( -0.0165664207071925, 0.00587802174117185, 0.0149421038305382 ) );
#6138 = CARTESIAN_POINT( '', ( -0.0165858570661968, 0.00587655365759715, 0.0149022534211627 ) );
#6139 = CARTESIAN_POINT( '', ( -0.0166109570584859, 0.00586373313918795, 0.0148557278606482 ) );
#6140 = CARTESIAN_POINT( '', ( -0.0166288304889958, 0.00584823133205126, 0.0148249720293794 ) );
#6141 = CARTESIAN_POINT( '', ( -0.0166402787074454, 0.00583364130460391, 0.0148069191083085 ) );
#6142 = CARTESIAN_POINT( '', ( -0.0166498760102418, 0.00581618542580244, 0.0147935282491565 ) );
#6143 = CARTESIAN_POINT( '', ( -0.0166532113498224, 0.00580159330754300, 0.0147916167454476 ) );
#6144 = CARTESIAN_POINT( '', ( -0.0166547630146439, 0.00579480477041601, 0.0147907274767571 ) );
#6145 = CARTESIAN_POINT( '', ( -0.0239633534135300, -0.000185023229671600, 0.00895423113814600 ) );
#6146 = CARTESIAN_POINT( '', ( -0.0245444224749000, -0.000185023229681600, 0.00895423113815600 ) );
#6147 = VECTOR( '', #7547, 1.00000000000000 );
#6148 = CARTESIAN_POINT( '', ( -0.0239633534135300, -0.000185023229671600, -0.00199490953498800 ) );
#6149 = CARTESIAN_POINT( '', ( -0.0239633534135400, -0.000185023229681600, 0.00895423113815600 ) );
#6150 = VECTOR( '', #7548, 1.00000000000000 );
#6151 = CARTESIAN_POINT( '', ( -0.0239633534135400, -0.000185023229681600, -0.00199490953499800 ) );
#6152 = VECTOR( '', #7549, 1.00000000000000 );
#6153 = CARTESIAN_POINT( '', ( -0.0218354230530000, 0.00467180477032800, 0.00248051888375800 ) );
#6154 = CARTESIAN_POINT( '', ( -0.0218354230530000, 0.00467180477032800, 0.00895423113814500 ) );
#6155 = CARTESIAN_POINT( '', ( -0.0218354230530100, 0.00467180477033800, 0.00248051888376800 ) );
#6156 = VECTOR( '', #7550, 1.00000000000000 );
#6157 = CARTESIAN_POINT( '', ( -0.0209114230530000, 0.00467180477032800, 0.00248051888375800 ) );
#6158 = CARTESIAN_POINT( '', ( -0.0218354230530100, 0.00467180477033800, 0.00248051888376800 ) );
#6159 = VECTOR( '', #7551, 1.00000000000000 );
#6160 = CARTESIAN_POINT( '', ( -0.0209114230530000, 0.00467180477032800, 0.00895423113814500 ) );
#6161 = CARTESIAN_POINT( '', ( -0.0209114230530100, 0.00467180477033800, 0.00895423113815500 ) );
#6162 = VECTOR( '', #7552, 1.00000000000000 );
#6163 = CARTESIAN_POINT( '', ( -0.0218354230530100, 0.00467180477033800, 0.00895423113815500 ) );
#6164 = VECTOR( '', #7553, 1.00000000000000 );
#6165 = CARTESIAN_POINT( '', ( -0.0219354230530000, 0.00477180477032800, 0.00895423113814500 ) );
#6166 = CARTESIAN_POINT( '', ( -0.0219354230530000, 0.00477180477032800, 0.00248051888375900 ) );
#6167 = CARTESIAN_POINT( '', ( -0.0219354230530100, 0.00477180477033800, 0.00895423113815500 ) );
#6168 = VECTOR( '', #7554, 1.00000000000000 );
#6169 = CARTESIAN_POINT( '', ( -0.0219061337311200, 0.00470109409221000, 0.00245122956187700 ) );
#6170 = CARTESIAN_POINT( '', ( -0.0219354230530000, 0.00477180477033800, 0.00248051888376900 ) );
#6171 = CARTESIAN_POINT( '', ( -0.0219349877370854, 0.00476475394387089, 0.00248014230327670 ) );
#6172 = CARTESIAN_POINT( '', ( -0.0219341177430850, 0.00475066262187164, 0.00247938969406126 ) );
#6173 = CARTESIAN_POINT( '', ( -0.0219275960957901, 0.00473168432166432, 0.00247318724501401 ) );
#6174 = CARTESIAN_POINT( '', ( -0.0219184253388464, 0.00471475358855763, 0.00246362479565711 ) );
#6175 = CARTESIAN_POINT( '', ( -0.0219104480576944, 0.00470588854460336, 0.00245558026096255 ) );
#6176 = CARTESIAN_POINT( '', ( -0.0219061337311297, 0.00470109409222035, 0.00245122956188700 ) );
#6177 = CARTESIAN_POINT( '', ( -0.0219061337311297, 0.00470109409222035, 0.00245122956188700 ) );
#6178 = CARTESIAN_POINT( '', ( -0.0219013397957243, 0.00469678019780890, 0.00245557966730047 ) );
#6179 = CARTESIAN_POINT( '', ( -0.0218924747127023, 0.00468880282037860, 0.00246362400715562 ) );
#6180 = CARTESIAN_POINT( '', ( -0.0218755447757914, 0.00467963227950764, 0.00247318667166755 ) );
#6181 = CARTESIAN_POINT( '', ( -0.0218565659385422, 0.00467311024502004, 0.00247939011329536 ) );
#6182 = CARTESIAN_POINT( '', ( -0.0218424745377465, 0.00467224016666266, 0.00248014242106935 ) );
#6183 = CARTESIAN_POINT( '', ( -0.0218354230530100, 0.00467180477032800, 0.00248051888376900 ) );
#6184 = AXIS2_PLACEMENT_3D( '', #7555, #7556, #7557 );
#6185 = CARTESIAN_POINT( '', ( -0.0215354230530000, 0.00507180477032800, 0.00208051888375900 ) );
#6186 = CARTESIAN_POINT( '', ( -0.0215354230530100, 0.00507180477033800, 0.00208051888376900 ) );
#6187 = VECTOR( '', #7558, 1.00000000000000 );
#6188 = CARTESIAN_POINT( '', ( -0.0212114230530000, 0.00507180477032800, 0.00208051888375800 ) );
#6189 = CARTESIAN_POINT( '', ( -0.0212114230530100, 0.00507180477033800, 0.00208051888376800 ) );
#6190 = VECTOR( '', #7559, 1.00000000000000 );
#6191 = CARTESIAN_POINT( '', ( -0.0208407123748800, 0.00470109409221000, 0.00245122956187700 ) );
#6192 = CARTESIAN_POINT( '', ( -0.0208407123748900, 0.00470109409222000, 0.00245122956188700 ) );
#6193 = VECTOR( '', #7560, 1.00000000000000 );
#6194 = CARTESIAN_POINT( '', ( -0.0209114230530100, 0.00467180477032800, 0.00248051888376900 ) );
#6195 = CARTESIAN_POINT( '', ( -0.0209043722265412, 0.00467224008624282, 0.00248014230327675 ) );
#6196 = CARTESIAN_POINT( '', ( -0.0208902809045389, 0.00467311008024362, 0.00247938969406141 ) );
#6197 = CARTESIAN_POINT( '', ( -0.0208713026043269, 0.00467963172754164, 0.00247318724501409 ) );
#6198 = CARTESIAN_POINT( '', ( -0.0208543718712175, 0.00468880248448958, 0.00246362479565775 ) );
#6199 = CARTESIAN_POINT( '', ( -0.0208455068272629, 0.00469677976564461, 0.00245558026096238 ) );
#6200 = CARTESIAN_POINT( '', ( -0.0208407123748803, 0.00470109409221035, 0.00245122956188700 ) );
#6201 = CARTESIAN_POINT( '', ( -0.0218354230530000, 0.00467180477032800, 0.0126542311381500 ) );
#6202 = CARTESIAN_POINT( '', ( -0.0218354230530000, 0.00467180477032800, 0.0160342311381500 ) );
#6203 = CARTESIAN_POINT( '', ( -0.0218354230530100, 0.00467180477033800, 0.0126542311381600 ) );
#6204 = VECTOR( '', #7561, 1.00000000000000 );
#6205 = CARTESIAN_POINT( '', ( -0.0209114230530000, 0.00467180477032800, 0.0126542311381500 ) );
#6206 = CARTESIAN_POINT( '', ( -0.0218354230530100, 0.00467180477033800, 0.0126542311381600 ) );
#6207 = VECTOR( '', #7562, 1.00000000000000 );
#6208 = CARTESIAN_POINT( '', ( -0.0209114230530000, 0.00467180477032800, 0.0160342311381500 ) );
#6209 = CARTESIAN_POINT( '', ( -0.0209114230530100, 0.00467180477033800, 0.0160342311381600 ) );
#6210 = VECTOR( '', #7563, 1.00000000000000 );
#6211 = CARTESIAN_POINT( '', ( -0.0209114230530100, 0.00467180477033800, 0.0160342311381600 ) );
#6212 = VECTOR( '', #7564, 1.00000000000000 );
#6213 = CARTESIAN_POINT( '', ( -0.0208407123748800, 0.00470109409221000, 0.0160635204600300 ) );
#6214 = CARTESIAN_POINT( '', ( -0.0209114230530100, 0.00467180477033800, 0.0160342311381600 ) );
#6215 = CARTESIAN_POINT( '', ( -0.0208700016967718, 0.00467180477033800, 0.0160342311381600 ) );
#6216 = CARTESIAN_POINT( '', ( -0.0208407123748900, 0.00470109409221900, 0.0160635204600410 ) );
#6217 = CARTESIAN_POINT( '', ( -0.0212114230530000, 0.00507180477032800, 0.0164342311381500 ) );
#6218 = CARTESIAN_POINT( '', ( -0.0212114230530100, 0.00507180477033800, 0.0164342311381600 ) );
#6219 = VECTOR( '', #7565, 1.00000000000000 );
#6220 = CARTESIAN_POINT( '', ( -0.0212114230530100, 0.00507180477033800, 0.0164342311381600 ) );
#6221 = VECTOR( '', #7566, 1.00000000000000 );
#6222 = CARTESIAN_POINT( '', ( -0.0219061337311300, 0.00470109409221900, 0.0160635204600410 ) );
#6223 = CARTESIAN_POINT( '', ( -0.0218768444092482, 0.00467180477033800, 0.0160342311381600 ) );
#6224 = CARTESIAN_POINT( '', ( -0.0218354230530100, 0.00467180477033800, 0.0160342311381600 ) );
#6225 = CARTESIAN_POINT( '', ( -0.0208114230530000, 0.00477180477032800, 0.0126542311381500 ) );
#6226 = CARTESIAN_POINT( '', ( -0.0208114230530000, 0.00477180477032800, 0.0160342311381500 ) );
#6227 = CARTESIAN_POINT( '', ( -0.0208114230530100, 0.00477180477033800, 0.0126542311381600 ) );
#6228 = VECTOR( '', #7567, 1.00000000000000 );
#6229 = CARTESIAN_POINT( '', ( -0.0208407123748900, 0.00470109409222000, 0.0160635204600400 ) );
#6230 = CARTESIAN_POINT( '', ( -0.0208114230530100, 0.00473038341409670, 0.0160342311381600 ) );
#6231 = CARTESIAN_POINT( '', ( -0.0208114230530100, 0.00477180477033800, 0.0160342311381600 ) );
#6232 = AXIS2_PLACEMENT_3D( '', #7568, #7569, #7570 );
#6233 = CARTESIAN_POINT( '', ( -0.0208114230530000, 0.00569580477032800, 0.0160342311381500 ) );
#6234 = CARTESIAN_POINT( '', ( -0.0208407123748800, 0.00576651544844700, 0.0160635204600300 ) );
#6235 = CARTESIAN_POINT( '', ( -0.0208114230530100, 0.00569580477033800, 0.0160342311381600 ) );
#6236 = CARTESIAN_POINT( '', ( -0.0208114230530100, 0.00573722612658030, 0.0160342311381600 ) );
#6237 = CARTESIAN_POINT( '', ( -0.0208407123748900, 0.00576651544845700, 0.0160635204600400 ) );
#6238 = CARTESIAN_POINT( '', ( -0.0212114230530000, 0.00539580477032800, 0.0164342311381500 ) );
#6239 = CARTESIAN_POINT( '', ( -0.0212114230530100, 0.00539580477033800, 0.0164342311381600 ) );
#6240 = VECTOR( '', #7571, 1.00000000000000 );
#6241 = CARTESIAN_POINT( '', ( -0.0212114230530100, 0.00539580477033800, 0.0164342311381600 ) );
#6242 = VECTOR( '', #7572, 1.00000000000000 );
#6243 = CARTESIAN_POINT( '', ( -0.0208114230530100, 0.00569580477033800, 0.0160342311381600 ) );
#6244 = VECTOR( '', #7573, 1.00000000000000 );
#6245 = CARTESIAN_POINT( '', ( -0.0208114230530000, 0.00477180477032800, 0.00895423113814500 ) );
#6246 = AXIS2_PLACEMENT_3D( '', #7574, #7575, #7576 );
#6247 = CARTESIAN_POINT( '', ( -0.0208114230530000, 0.00477180477032800, 0.00248051888375800 ) );
#6248 = CARTESIAN_POINT( '', ( -0.0208407123748803, 0.00470109409221035, 0.00245122956188700 ) );
#6249 = CARTESIAN_POINT( '', ( -0.0208363984804712, 0.00470588802761468, 0.00245557966729819 ) );
#6250 = CARTESIAN_POINT( '', ( -0.0208284211030416, 0.00471475311063866, 0.00246362400715276 ) );
#6251 = CARTESIAN_POINT( '', ( -0.0208192505621736, 0.00473168304755014, 0.00247318667166444 ) );
#6252 = CARTESIAN_POINT( '', ( -0.0208127285276883, 0.00475066188480338, 0.00247939011329556 ) );
#6253 = CARTESIAN_POINT( '', ( -0.0208118584493335, 0.00476475328559962, 0.00248014242106869 ) );
#6254 = CARTESIAN_POINT( '', ( -0.0208114230530000, 0.00477180477033800, 0.00248051888376800 ) );
#6255 = CARTESIAN_POINT( '', ( -0.0208114230530100, 0.00477180477033800, 0.00248051888376800 ) );
#6256 = VECTOR( '', #7577, 1.00000000000000 );
#6257 = CARTESIAN_POINT( '', ( -0.0278610883731000, 0.00696671989561100, 0.0126542311381500 ) );
#6258 = CARTESIAN_POINT( '', ( -0.0278610886623800, 0.00696671662007200, 0.0148575904508500 ) );
#6259 = CARTESIAN_POINT( '', ( -0.0278610883731100, 0.00696671989562100, 0.0126542311381600 ) );
#6260 = VECTOR( '', #7578, 1.00000000000000 );
#6261 = CARTESIAN_POINT( '', ( -0.0277765269695900, 0.00706552095703500, 0.0146835021307400 ) );
#6262 = CARTESIAN_POINT( '', ( -0.0277765269696997, 0.00706552095702687, 0.0146835021307190 ) );
#6263 = CARTESIAN_POINT( '', ( -0.0277810501239001, 0.00706462565037443, 0.0146838747157801 ) );
#6264 = CARTESIAN_POINT( '', ( -0.0277903895598761, 0.00706277701581792, 0.0146846440316533 ) );
#6265 = CARTESIAN_POINT( '', ( -0.0278034165928314, 0.00705764033423630, 0.0146907905427359 ) );
#6266 = CARTESIAN_POINT( '', ( -0.0278169923957869, 0.00705016588696158, 0.0147014270286090 ) );
#6267 = CARTESIAN_POINT( '', ( -0.0278302752787757, 0.00703970005517695, 0.0147181527887681 ) );
#6268 = CARTESIAN_POINT( '', ( -0.0278458830001188, 0.00702186684931489, 0.0147490683370181 ) );
#6269 = CARTESIAN_POINT( '', ( -0.0278588167408390, 0.00699666915074386, 0.0147960321828195 ) );
#6270 = CARTESIAN_POINT( '', ( -0.0278602984559740, 0.00697713737862362, 0.0148361755716460 ) );
#6271 = CARTESIAN_POINT( '', ( -0.0278610889105198, 0.00696671771178367, 0.0148575909729124 ) );
#6272 = CARTESIAN_POINT( '', ( -0.0277765269695900, 0.00706552095703500, 0.0126542311381500 ) );
#6273 = CARTESIAN_POINT( '', ( -0.0277765269697000, 0.00706552095702900, 0.0146835021307200 ) );
#6274 = VECTOR( '', #7579, 1.00000000000000 );
#6275 = AXIS2_PLACEMENT_3D( '', #7580, #7581, #7582 );
#6276 = CARTESIAN_POINT( '', ( -0.0255480813095900, -0.000848011200914000, 0.00218515230553600 ) );
#6277 = CARTESIAN_POINT( '', ( -0.0255350813096000, -0.000848011200924000, 0.00218515230554600 ) );
#6278 = VECTOR( '', #7583, 1.00000000000000 );
#6279 = CARTESIAN_POINT( '', ( -0.0255480813095900, -0.000848011200914000, 1.01523055358100E-05 ) );
#6280 = CARTESIAN_POINT( '', ( -0.0255480813096000, -0.000848011200924000, 0.00218515230554600 ) );
#6281 = VECTOR( '', #7584, 1.00000000000000 );
#6282 = CARTESIAN_POINT( '', ( -0.0255350813096000, -0.000848011200924000, 1.01523055458100E-05 ) );
#6283 = VECTOR( '', #7585, 1.00000000000000 );
#6284 = CARTESIAN_POINT( '', ( -0.0255480813096000, -0.000848011200924000, 1.01523055458100E-05 ) );
#6285 = VECTOR( '', #7586, 1.00000000000000 );
#6286 = CARTESIAN_POINT( '', ( -0.0255480813095900, -0.000473011200914000, 0.00218515230553600 ) );
#6287 = CARTESIAN_POINT( '', ( -0.0255350813096000, -0.000473011200924000, 0.00218515230554600 ) );
#6288 = VECTOR( '', #7587, 1.00000000000000 );
#6289 = CARTESIAN_POINT( '', ( -0.0255480813096000, -0.000473011200924000, 0.00218515230554600 ) );
#6290 = VECTOR( '', #7588, 1.00000000000000 );
#6291 = CARTESIAN_POINT( '', ( -0.0275410883731000, 0.00403380477032900, 0.00880318272621600 ) );
#6292 = CARTESIAN_POINT( '', ( -0.0275410883731000, 0.00708380477032900, 0.00880318272621600 ) );
#6293 = CARTESIAN_POINT( '', ( -0.0275410883731085, 0.00403380477033900, 0.00880318272622750 ) );
#6294 = CARTESIAN_POINT( '', ( -0.0278329053180003, 0.00403380477033900, 0.00909499967111930 ) );
#6295 = CARTESIAN_POINT( '', ( -0.0281024328051877, 0.00414087761121850, 0.00936452715830666 ) );
#6296 = CARTESIAN_POINT( '', ( -0.0283962216482647, 0.00425758854996256, 0.00965831600138374 ) );
#6297 = CARTESIAN_POINT( '', ( -0.0286194262144161, 0.00448046692902900, 0.00988152056753508 ) );
#6298 = CARTESIAN_POINT( '', ( -0.0288419530672407, 0.00470266858516666, 0.0101040474203597 ) );
#6299 = CARTESIAN_POINT( '', ( -0.0289590155322298, 0.00499746033825667, 0.0102211098853488 ) );
#6300 = CARTESIAN_POINT( '', ( -0.0290659877180232, 0.00526684231466419, 0.0103280820711422 ) );
#6301 = CARTESIAN_POINT( '', ( -0.0290660883731105, 0.00555880477033883, 0.0103281827262295 ) );
#6302 = CARTESIAN_POINT( '', ( -0.0290661886732372, 0.00584973761907958, 0.0103282830263562 ) );
#6303 = CARTESIAN_POINT( '', ( -0.0289590155322298, 0.00612014920242033, 0.0102211098853488 ) );
#6304 = CARTESIAN_POINT( '', ( -0.0288425094975825, 0.00641410887367387, 0.0101046038507015 ) );
#6305 = CARTESIAN_POINT( '', ( -0.0286194262144161, 0.00663714261164800, 0.00988152056753508 ) );
#6306 = CARTESIAN_POINT( '', ( -0.0283969730836578, 0.00685954633716624, 0.00965906743677684 ) );
#6307 = CARTESIAN_POINT( '', ( -0.0281024328051877, 0.00697673192945875, 0.00936452715830666 ) );
#6308 = CARTESIAN_POINT( '', ( -0.0278333104348306, 0.00708380477033900, 0.00909540478794956 ) );
#6309 = CARTESIAN_POINT( '', ( -0.0275410883731085, 0.00708380477033900, 0.00880318272622750 ) );
#6310 = CARTESIAN_POINT( '', ( -0.0275410883731000, 0.00403380477032900, 0.0126542311381500 ) );
#6311 = CARTESIAN_POINT( '', ( -0.0275410883731100, 0.00403380477033900, 0.00880318272622600 ) );
#6312 = VECTOR( '', #7589, 1.00000000000000 );
#6313 = CARTESIAN_POINT( '', ( -0.0273056497783900, 0.00405208858251200, 0.0126542311381500 ) );
#6314 = AXIS2_PLACEMENT_3D( '', #7590, #7591, #7592 );
#6315 = CARTESIAN_POINT( '', ( -0.0273056497784000, 0.00405208858252200, 0.0126542311381600 ) );
#6316 = VECTOR( '', #7593, 1.00000000000000 );
#6317 = AXIS2_PLACEMENT_3D( '', #7594, #7595, #7596 );
#6318 = AXIS2_PLACEMENT_3D( '', #7597, #7598, #7599 );
#6319 = CARTESIAN_POINT( '', ( -0.0273056497770400, 0.00706552095425300, 0.0146835021307400 ) );
#6320 = AXIS2_PLACEMENT_3D( '', #7600, #7601, #7602 );
#6321 = CARTESIAN_POINT( '', ( -0.0273056497857000, 0.00706552096052400, 0.0134342311381500 ) );
#6322 = CARTESIAN_POINT( '', ( -0.0273056497857100, 0.00706552096053400, 0.0134342311381600 ) );
#6323 = VECTOR( '', #7603, 1.00000000000000 );
#6324 = CARTESIAN_POINT( '', ( -0.0273056497660900, 0.00706552095539200, 0.0126542311381500 ) );
#6325 = CARTESIAN_POINT( '', ( -0.0273056497729800, 0.00706552095730900, 0.0126542311381600 ) );
#6326 = VECTOR( '', #7604, 1.00000000000000 );
#6327 = CARTESIAN_POINT( '', ( -0.0275410883730900, 0.00708380477032900, 0.0126542311381500 ) );
#6328 = AXIS2_PLACEMENT_3D( '', #7605, #7606, #7607 );
#6329 = CARTESIAN_POINT( '', ( -0.0275410883731100, 0.00708380477033900, 0.0126542311381600 ) );
#6330 = VECTOR( '', #7608, 1.00000000000000 );
#6331 = CARTESIAN_POINT( '', ( -0.0181987647944400, -0.00249840250662400, 0.00895423113814600 ) );
#6332 = CARTESIAN_POINT( '', ( -0.0193906956750000, -0.00249840250663400, 0.00895423113815600 ) );
#6333 = VECTOR( '', #7609, 1.00000000000000 );
#6334 = CARTESIAN_POINT( '', ( -0.0181987647944500, -0.00249840250663400, 0.00895423113815600 ) );
#6335 = VECTOR( '', #7610, 1.00000000000000 );
#6336 = CARTESIAN_POINT( '', ( -0.0193906956750000, -0.00249840250663400, -0.00202077365432200 ) );
#6337 = VECTOR( '', #7611, 1.00000000000000 );
#6338 = CARTESIAN_POINT( '', ( -0.0149633267943200, 0.00706552095270900, 0.0126542311381500 ) );
#6339 = CARTESIAN_POINT( '', ( -0.0149633268128200, 0.00706552095538400, 0.0126542311381600 ) );
#6340 = VECTOR( '', #7612, 1.00000000000000 );
#6341 = CARTESIAN_POINT( '', ( -0.0148787654192300, 0.00696671989155500, 0.0126542311381500 ) );
#6342 = CARTESIAN_POINT( '', ( -0.0148787654250200, 0.00696671989962100, 0.0134342311381600 ) );
#6343 = VECTOR( '', #7613, 1.00000000000000 );
#6344 = AXIS2_PLACEMENT_3D( '', #7614, #7615, #7616 );
#6345 = CARTESIAN_POINT( '', ( -0.0165560495552300, 0.00587880492437700, 0.0149633663679800 ) );
#6346 = CARTESIAN_POINT( '', ( -0.0165353097674100, 0.00587880492437700, 0.0150066561144600 ) );
#6347 = CARTESIAN_POINT( '', ( -0.0164938028113500, 0.00587880475430000, 0.0150932095498900 ) );
#6348 = CARTESIAN_POINT( '', ( -0.0164313682954300, 0.00587880459541500, 0.0152229742629800 ) );
#6349 = CARTESIAN_POINT( '', ( -0.0163896576594600, 0.00587880518918600, 0.0153094308575700 ) );
#6350 = CARTESIAN_POINT( '', ( -0.0163687653254800, 0.00587880518918600, 0.0153526473514600 ) );
#6351 = CARTESIAN_POINT( '', ( -0.0165560513132300, 0.00587880477033900, 0.0126542311381600 ) );
#6352 = VECTOR( '', #7617, 1.00000000000000 );
#6353 = CARTESIAN_POINT( '', ( -0.0138414795237800, 0.00587880477032900, 0.0126542311381500 ) );
#6354 = CARTESIAN_POINT( '', ( -0.0138414795237900, 0.00587880477033900, 0.0126542311381600 ) );
#6355 = VECTOR( '', #7618, 1.00000000000000 );
#6356 = CARTESIAN_POINT( '', ( -0.0140287654185100, 0.00587880477033900, 0.0126542311381600 ) );
#6357 = VECTOR( '', #7619, 1.00000000000000 );
#6358 = CARTESIAN_POINT( '', ( -0.0255480813095900, 0.00525613577032900, 0.00660306888152000 ) );
#6359 = CARTESIAN_POINT( '', ( -0.0256945279189900, 0.00494676434611700, 0.00695662227211400 ) );
#6360 = CARTESIAN_POINT( '', ( -0.0255480813095900, 0.00525613577032900, 0.00660306888153000 ) );
#6361 = CARTESIAN_POINT( '', ( -0.0255488604336159, 0.00523702304246473, 0.00662437535895968 ) );
#6362 = CARTESIAN_POINT( '', ( -0.0255503108256957, 0.00520144340662056, 0.00666403880802117 ) );
#6363 = CARTESIAN_POINT( '', ( -0.0255608830375991, 0.00515253638900602, 0.00671867050294575 ) );
#6364 = CARTESIAN_POINT( '', ( -0.0255741193226464, 0.00511234402032065, 0.00676416176645746 ) );
#6365 = CARTESIAN_POINT( '', ( -0.0255961922159104, 0.00506283964606828, 0.00682061587475782 ) );
#6366 = CARTESIAN_POINT( '', ( -0.0256311929183520, 0.00500555857101865, 0.00688592081591695 ) );
#6367 = CARTESIAN_POINT( '', ( -0.0256744730472231, 0.00496538139244905, 0.00693423483036384 ) );
#6368 = CARTESIAN_POINT( '', ( -0.0256945279189940, 0.00494676434611971, 0.00695662227212400 ) );
#6369 = CARTESIAN_POINT( '', ( -0.0259480813095900, 0.00485613577032900, 0.00721017566270700 ) );
#6370 = CARTESIAN_POINT( '', ( -0.0256945279189940, 0.00494676434611971, 0.00695662227212400 ) );
#6371 = CARTESIAN_POINT( '', ( -0.0257084765533894, 0.00493621582360012, 0.00697074821581046 ) );
#6372 = CARTESIAN_POINT( '', ( -0.0257399599424767, 0.00491240680908541, 0.00700263180876295 ) );
#6373 = CARTESIAN_POINT( '', ( -0.0257962736857505, 0.00488423690860336, 0.00705970415926250 ) );
#6374 = CARTESIAN_POINT( '', ( -0.0258672550894135, 0.00486095332558220, 0.00712994998434913 ) );
#6375 = CARTESIAN_POINT( '', ( -0.0259197608866761, 0.00485782377704161, 0.00718206566158755 ) );
#6376 = CARTESIAN_POINT( '', ( -0.0259480813096000, 0.00485613577032900, 0.00721017566271700 ) );
#6377 = CARTESIAN_POINT( '', ( -0.0259480813095900, 0.00485613577032900, 0.0115942311381500 ) );
#6378 = CARTESIAN_POINT( '', ( -0.0259480813096000, 0.00485613577033900, 0.00721017566271700 ) );
#6379 = VECTOR( '', #7620, 1.00000000000000 );
#6380 = CARTESIAN_POINT( '', ( -0.0255480813095900, 0.00525613577032900, 0.0115942311381500 ) );
#6381 = AXIS2_PLACEMENT_3D( '', #7621, #7622, #7623 );
#6382 = CARTESIAN_POINT( '', ( -0.0255480813096000, 0.00525613577033900, 0.0115942311381600 ) );
#6383 = VECTOR( '', #7624, 1.00000000000000 );
#6384 = CARTESIAN_POINT( '', ( -0.0256945279189900, 0.00617084519454100, 0.00695662227211400 ) );
#6385 = CARTESIAN_POINT( '', ( -0.0259480813096000, 0.00626147377032900, 0.00721017566271700 ) );
#6386 = CARTESIAN_POINT( '', ( -0.0259287675959001, 0.00626067646465351, 0.00719096306009897 ) );
#6387 = CARTESIAN_POINT( '', ( -0.0258919778996787, 0.00625915771823049, 0.00715436596515782 ) );
#6388 = CARTESIAN_POINT( '', ( -0.0258398900368335, 0.00624759694411226, 0.00710295671188064 ) );
#6389 = CARTESIAN_POINT( '', ( -0.0257943293771321, 0.00623172639829566, 0.00705758190902094 ) );
#6390 = CARTESIAN_POINT( '', ( -0.0257553661763703, 0.00621271696192845, 0.00701834343678168 ) );
#6391 = CARTESIAN_POINT( '', ( -0.0257226667667615, 0.00619275452891741, 0.00698501784018842 ) );
#6392 = CARTESIAN_POINT( '', ( -0.0257033804309250, 0.00617773789482228, 0.00696555554853149 ) );
#6393 = CARTESIAN_POINT( '', ( -0.0256945279190033, 0.00617084519454593, 0.00695662227212400 ) );
#6394 = CARTESIAN_POINT( '', ( -0.0255480813095900, 0.00586147377032900, 0.00660306888152000 ) );
#6395 = CARTESIAN_POINT( '', ( -0.0256945279190038, 0.00617084519454633, 0.00695662227212400 ) );
#6396 = CARTESIAN_POINT( '', ( -0.0256811566021029, 0.00615895855777403, 0.00694225851320577 ) );
#6397 = CARTESIAN_POINT( '', ( -0.0256529808935076, 0.00613391133046221, 0.00691199155531270 ) );
#6398 = CARTESIAN_POINT( '', ( -0.0256179479309904, 0.00608964832164127, 0.00686042493414046 ) );
#6399 = CARTESIAN_POINT( '', ( -0.0255850746247500, 0.00603392973918278, 0.00679680836328953 ) );
#6400 = CARTESIAN_POINT( '', ( -0.0255553257405454, 0.00595776382110720, 0.00671017695338102 ) );
#6401 = CARTESIAN_POINT( '', ( -0.0255507616822898, 0.00589710020186002, 0.00664269788116917 ) );
#6402 = CARTESIAN_POINT( '', ( -0.0255480813095900, 0.00586147377033900, 0.00660306888153000 ) );
#6403 = CARTESIAN_POINT( '', ( -0.0255480813095900, 0.00586147377032800, 0.0115942311381500 ) );
#6404 = CARTESIAN_POINT( '', ( -0.0255480813096000, 0.00586147377033900, 0.00660306888153000 ) );
#6405 = VECTOR( '', #7625, 1.00000000000000 );
#6406 = AXIS2_PLACEMENT_3D( '', #7626, #7627, #7628 );
#6407 = CARTESIAN_POINT( '', ( -0.0255480813095900, 0.00758380477032900, 0.00660306888152000 ) );
#6408 = CARTESIAN_POINT( '', ( -0.0256945279189900, 0.00723025137973700, 0.00695662227211100 ) );
#6409 = CARTESIAN_POINT( '', ( -0.0255480813095900, 0.00758380477032900, 0.00660306888153000 ) );
#6410 = CARTESIAN_POINT( '', ( -0.0255488325106330, 0.00756282761523865, 0.00662399033070156 ) );
#6411 = CARTESIAN_POINT( '', ( -0.0255502320347884, 0.00752374615291398, 0.00666296801018452 ) );
#6412 = CARTESIAN_POINT( '', ( -0.0255604365277481, 0.00746982530249587, 0.00671669483507558 ) );
#6413 = CARTESIAN_POINT( '', ( -0.0255732499345761, 0.00742516597082250, 0.00676153027059787 ) );
#6414 = CARTESIAN_POINT( '', ( -0.0255950526686715, 0.00736868201050461, 0.00681828928970996 ) );
#6415 = CARTESIAN_POINT( '', ( -0.0256301439926677, 0.00730211084828275, 0.00688460893066109 ) );
#6416 = CARTESIAN_POINT( '', ( -0.0256741361111581, 0.00725301085647974, 0.00693381406043841 ) );
#6417 = CARTESIAN_POINT( '', ( -0.0256945279189927, 0.00723025137973973, 0.00695662227212100 ) );
#6418 = CARTESIAN_POINT( '', ( -0.0260480813095900, 0.00708380477032900, 0.00731017566270700 ) );
#6419 = CARTESIAN_POINT( '', ( -0.0256945279189937, 0.00723025137973873, 0.00695662227212400 ) );
#6420 = CARTESIAN_POINT( '', ( -0.0257100961587047, 0.00721582355082721, 0.00697221385916261 ) );
#6421 = CARTESIAN_POINT( '', ( -0.0257429908272071, 0.00718533849547959, 0.00700515785903568 ) );
#6422 = CARTESIAN_POINT( '', ( -0.0257995607121907, 0.00714818522560130, 0.00706173466139632 ) );
#6423 = CARTESIAN_POINT( '', ( -0.0258654689432846, 0.00711639033284275, 0.00712746334127376 ) );
#6424 = CARTESIAN_POINT( '', ( -0.0259487886347155, 0.00708996195199249, 0.00721129586052766 ) );
#6425 = CARTESIAN_POINT( '', ( -0.0260114419750014, 0.00708607679129546, 0.00727368867954655 ) );
#6426 = CARTESIAN_POINT( '', ( -0.0260480813096000, 0.00708380477032900, 0.00731017566271700 ) );
#6427 = CARTESIAN_POINT( '', ( -0.0260480813095900, 0.00708380477032900, 0.0126542311381500 ) );
#6428 = CARTESIAN_POINT( '', ( -0.0260480813096000, 0.00708380477033900, 0.00731017566271700 ) );
#6429 = VECTOR( '', #7629, 1.00000000000000 );
#6430 = CARTESIAN_POINT( '', ( -0.0255480813095900, 0.00758380477032900, 0.0126542311381500 ) );
#6431 = AXIS2_PLACEMENT_3D( '', #7630, #7631, #7632 );
#6432 = CARTESIAN_POINT( '', ( -0.0255480813096000, 0.00758380477033900, 0.0126542311381600 ) );
#6433 = VECTOR( '', #7633, 1.00000000000000 );
#6434 = CARTESIAN_POINT( '', ( -0.0187834926924700, 0.00316191677032900, -0.00199490953498800 ) );
#6435 = CARTESIAN_POINT( '', ( -0.0186313110917400, 0.00316191677033900, -0.00214576886186300 ) );
#6436 = VECTOR( '', #7634, 1.00000000000000 );
#6437 = CARTESIAN_POINT( '', ( -0.0187834926924799, 0.00258811219091669, -0.00199491599711510 ) );
#6438 = CARTESIAN_POINT( '', ( -0.0186313110917374, 0.00258679571791020, -0.00214576886186043 ) );
#6439 = CARTESIAN_POINT( '', ( -0.0187834926924800, 0.00316191677033900, -0.00199490953499800 ) );
#6440 = VECTOR( '', #7635, 1.00000000000000 );
#6441 = CARTESIAN_POINT( '', ( -0.0239633534135300, 0.00316191677032900, -0.00199490953498800 ) );
#6442 = CARTESIAN_POINT( '', ( -0.0239633534135400, 0.00316191677033900, -0.00199490953499800 ) );
#6443 = VECTOR( '', #7636, 1.00000000000000 );
#6444 = CARTESIAN_POINT( '', ( -0.0239633534135400, 0.00316191677033900, -0.00199490953499800 ) );
#6445 = VECTOR( '', #7637, 1.00000000000000 );
#6446 = CARTESIAN_POINT( '', ( -0.0212114230530000, 0.00539580477032800, 0.00208051888375800 ) );
#6447 = CARTESIAN_POINT( '', ( -0.0212114230530100, 0.00539580477033800, 0.00208051888376800 ) );
#6448 = VECTOR( '', #7638, 1.00000000000000 );
#6449 = CARTESIAN_POINT( '', ( -0.0208407123748800, 0.00576651544844700, 0.00245122956187700 ) );
#6450 = CARTESIAN_POINT( '', ( -0.0212114230530100, 0.00539580477033800, 0.00208051888376800 ) );
#6451 = VECTOR( '', #7639, 1.00000000000000 );
#6452 = CARTESIAN_POINT( '', ( -0.0208114230530000, 0.00569580477032800, 0.00248051888375800 ) );
#6453 = CARTESIAN_POINT( '', ( -0.0208114230530000, 0.00569580477032800, 0.00248051888376800 ) );
#6454 = CARTESIAN_POINT( '', ( -0.0208118583689156, 0.00570285559679758, 0.00248014230327562 ) );
#6455 = CARTESIAN_POINT( '', ( -0.0208127283629180, 0.00571694691880215, 0.00247938969405999 ) );
#6456 = CARTESIAN_POINT( '', ( -0.0208192500102189, 0.00573592521901266, 0.00247318724501570 ) );
#6457 = CARTESIAN_POINT( '', ( -0.0208284207671687, 0.00575285595212052, 0.00246362479565882 ) );
#6458 = CARTESIAN_POINT( '', ( -0.0208363980483235, 0.00576172099607290, 0.00245558026096390 ) );
#6459 = CARTESIAN_POINT( '', ( -0.0208407123748908, 0.00576651544845616, 0.00245122956188700 ) );
#6460 = CARTESIAN_POINT( '', ( -0.0208114230530100, 0.00477180477033800, 0.00248051888376800 ) );
#6461 = VECTOR( '', #7640, 1.00000000000000 );
#6462 = CARTESIAN_POINT( '', ( -0.0209114230530000, 0.00579580477032800, 0.0126542311381500 ) );
#6463 = CARTESIAN_POINT( '', ( -0.0208114230530000, 0.00569580477032800, 0.0126542311381500 ) );
#6464 = AXIS2_PLACEMENT_3D( '', #7641, #7642, #7643 );
#6465 = CARTESIAN_POINT( '', ( -0.0209114230530000, 0.00579580477032800, 0.0160342311381500 ) );
#6466 = CARTESIAN_POINT( '', ( -0.0209114230530100, 0.00579580477033800, 0.0126542311381600 ) );
#6467 = VECTOR( '', #7644, 1.00000000000000 );
#6468 = CARTESIAN_POINT( '', ( -0.0208407123748900, 0.00576651544844750, 0.0160635204600305 ) );
#6469 = CARTESIAN_POINT( '', ( -0.0208700016967721, 0.00579580477032800, 0.0160342311381500 ) );
#6470 = CARTESIAN_POINT( '', ( -0.0209114230530100, 0.00579580477032800, 0.0160342311381500 ) );
#6471 = CARTESIAN_POINT( '', ( -0.0208114230530100, 0.00569580477033800, 0.0160342311381600 ) );
#6472 = VECTOR( '', #7645, 1.00000000000000 );
#6473 = CARTESIAN_POINT( '', ( -0.0215354230530000, 0.00539580477032800, 0.00208051888375800 ) );
#6474 = CARTESIAN_POINT( '', ( -0.0215354230530100, 0.00507180477033800, 0.00208051888376900 ) );
#6475 = VECTOR( '', #7646, 1.00000000000000 );
#6476 = CARTESIAN_POINT( '', ( -0.0219354230530000, 0.00569580477032800, 0.00248051888375900 ) );
#6477 = CARTESIAN_POINT( '', ( -0.0219354230530100, 0.00569580477033800, 0.00248051888376900 ) );
#6478 = VECTOR( '', #7647, 1.00000000000000 );
#6479 = CARTESIAN_POINT( '', ( -0.0219061337311200, 0.00576651544844700, 0.00245122956187700 ) );
#6480 = CARTESIAN_POINT( '', ( -0.0219061337311192, 0.00576651544844615, 0.00245122956188700 ) );
#6481 = CARTESIAN_POINT( '', ( -0.0219104476255283, 0.00576172151304187, 0.00245557966729880 ) );
#6482 = CARTESIAN_POINT( '', ( -0.0219184250029560, 0.00575285643002020, 0.00246362400715250 ) );
#6483 = CARTESIAN_POINT( '', ( -0.0219275955438224, 0.00573592649311405, 0.00247318667166630 ) );
#6484 = CARTESIAN_POINT( '', ( -0.0219341175783093, 0.00571694765586421, 0.00247939011329698 ) );
#6485 = CARTESIAN_POINT( '', ( -0.0219349876566657, 0.00570285625506760, 0.00248014242106980 ) );
#6486 = CARTESIAN_POINT( '', ( -0.0219354230530000, 0.00569580477032800, 0.00248051888376900 ) );
#6487 = CARTESIAN_POINT( '', ( -0.0219061337311300, 0.00576651544845700, 0.00245122956188700 ) );
#6488 = VECTOR( '', #7648, 1.00000000000000 );
#6489 = CARTESIAN_POINT( '', ( -0.0218354230530000, 0.00579580477032800, 0.00895423113814500 ) );
#6490 = CARTESIAN_POINT( '', ( -0.0219354230530000, 0.00569580477032800, 0.00895423113814500 ) );
#6491 = AXIS2_PLACEMENT_3D( '', #7649, #7650, #7651 );
#6492 = CARTESIAN_POINT( '', ( -0.0218354230530000, 0.00579580477032800, 0.00248051888375800 ) );
#6493 = CARTESIAN_POINT( '', ( -0.0218354230530100, 0.00579580477033800, 0.00895423113815500 ) );
#6494 = VECTOR( '', #7652, 1.00000000000000 );
#6495 = CARTESIAN_POINT( '', ( -0.0218354230530100, 0.00579580477032800, 0.00248051888376800 ) );
#6496 = CARTESIAN_POINT( '', ( -0.0218424738794766, 0.00579536945441203, 0.00248014230327565 ) );
#6497 = CARTESIAN_POINT( '', ( -0.0218565652014754, 0.00579449946040890, 0.00247938969406008 ) );
#6498 = CARTESIAN_POINT( '', ( -0.0218755435016795, 0.00578797781311100, 0.00247318724501512 ) );
#6499 = CARTESIAN_POINT( '', ( -0.0218924742347838, 0.00577880705616507, 0.00246362479565807 ) );
#6500 = CARTESIAN_POINT( '', ( -0.0219013392787360, 0.00577082977501236, 0.00245558026096362 ) );
#6501 = CARTESIAN_POINT( '', ( -0.0219061337311192, 0.00576651544844615, 0.00245122956188700 ) );
#6502 = CARTESIAN_POINT( '', ( -0.0219354230530100, 0.00569580477033800, 0.00248051888376900 ) );
#6503 = VECTOR( '', #7653, 1.00000000000000 );
#6504 = CARTESIAN_POINT( '', ( -0.0255480813095900, 0.00353380477032900, 0.00660306888152000 ) );
#6505 = CARTESIAN_POINT( '', ( -0.0255480813096000, 0.00525613577033900, 0.00660306888153000 ) );
#6506 = VECTOR( '', #7654, 1.00000000000000 );
#6507 = CARTESIAN_POINT( '', ( -0.0255480813096000, 0.00525613577033900, 0.0115942311381600 ) );
#6508 = VECTOR( '', #7655, 1.00000000000000 );
#6509 = CARTESIAN_POINT( '', ( -0.0255480813096000, 0.00758380477033900, 0.00660306888153000 ) );
#6510 = VECTOR( '', #7656, 1.00000000000000 );
#6511 = CARTESIAN_POINT( '', ( -0.0255480813095900, 0.00820022612653600, 0.0126542311381500 ) );
#6512 = CARTESIAN_POINT( '', ( -0.0255480813096000, 0.00820022612654600, 0.0126542311381600 ) );
#6513 = VECTOR( '', #7657, 1.00000000000000 );
#6514 = CARTESIAN_POINT( '', ( -0.0255480813096000, 0.00820022612654600, -0.00214576886186300 ) );
#6515 = VECTOR( '', #7658, 1.00000000000000 );
#6516 = CARTESIAN_POINT( '', ( -0.0255480813095900, 0.00353380477032800, 0.0126542311381500 ) );
#6517 = CARTESIAN_POINT( '', ( -0.0255480813096000, 0.00353380477033800, 0.0126542311381600 ) );
#6518 = VECTOR( '', #7659, 1.00000000000000 );
#6519 = CARTESIAN_POINT( '', ( -0.0255480813096000, 0.00353380477033900, 0.00660306888153000 ) );
#6520 = VECTOR( '', #7660, 1.00000000000000 );
#6521 = CARTESIAN_POINT( '', ( -0.0255480813095900, -0.00251196233923300, -0.000985772861853700 ) );
#6522 = CARTESIAN_POINT( '', ( -0.0255480813095900, 0.000988037660767000, -0.000985772861853700 ) );
#6523 = CARTESIAN_POINT( '', ( -0.0255480813096000, -0.00251196233924300, -0.000985772861863700 ) );
#6524 = VECTOR( '', #7661, 1.00000000000000 );
#6525 = CARTESIAN_POINT( '', ( -0.0255480813095900, 0.000988037660767000, 0.00251422713814600 ) );
#6526 = CARTESIAN_POINT( '', ( -0.0255480813096000, 0.000988037660777000, -0.000985772861863700 ) );
#6527 = VECTOR( '', #7662, 1.00000000000000 );
#6528 = CARTESIAN_POINT( '', ( -0.0255480813095900, -0.00251196233923300, 0.00251422713814600 ) );
#6529 = CARTESIAN_POINT( '', ( -0.0255480813096000, 0.000988037660777000, 0.00251422713815600 ) );
#6530 = VECTOR( '', #7663, 1.00000000000000 );
#6531 = CARTESIAN_POINT( '', ( -0.0255480813096000, -0.00251196233924300, 0.00251422713815600 ) );
#6532 = VECTOR( '', #7664, 1.00000000000000 );
#6533 = CARTESIAN_POINT( '', ( -0.0137427678223500, 0.00532280477032900, 0.0126542311381500 ) );
#6534 = AXIS2_PLACEMENT_3D( '', #7665, #7666, #7667 );
#6535 = CARTESIAN_POINT( '', ( -0.0137427678223700, 0.00532280477026000, 0.0147907274767600 ) );
#6536 = VECTOR( '', #7668, 1.00000000000000 );
#6537 = CARTESIAN_POINT( '', ( -0.0148787651149200, 0.00696671661458400, 0.0148575904540300 ) );
#6538 = CARTESIAN_POINT( '', ( -0.0148787651149200, 0.00694038613835800, 0.0149126520078900 ) );
#6539 = CARTESIAN_POINT( '', ( -0.0148787655145700, 0.00688769141356800, 0.0150227350770200 ) );
#6540 = CARTESIAN_POINT( '', ( -0.0148787655376700, 0.00680837511311300, 0.0151877597280200 ) );
#6541 = CARTESIAN_POINT( '', ( -0.0148787650764200, 0.00675536913762300, 0.0152976994436700 ) );
#6542 = CARTESIAN_POINT( '', ( -0.0148787650764200, 0.00672880469437400, 0.0153526488888500 ) );
#6543 = CARTESIAN_POINT( '', ( -0.0148787654192400, 0.00696671989156500, 0.0126542311381600 ) );
#6544 = VECTOR( '', #7669, 1.00000000000000 );
#6545 = CARTESIAN_POINT( '', ( -0.0148787654185000, 0.00438880477032800, 0.0126542311381500 ) );
#6546 = AXIS2_PLACEMENT_3D( '', #7670, #7671, #7672 );
#6547 = CARTESIAN_POINT( '', ( -0.0148787654192300, 0.00415088964910200, 0.0126542311381500 ) );
#6548 = CARTESIAN_POINT( '', ( -0.0148787654192400, 0.00415088964911200, 0.0126542311381600 ) );
#6549 = VECTOR( '', #7673, 1.00000000000000 );
#6550 = CARTESIAN_POINT( '', ( -0.0149633268182300, 0.00405208858443700, 0.0126542311381500 ) );
#6551 = AXIS2_PLACEMENT_3D( '', #7674, #7675, #7676 );
#6552 = AXIS2_PLACEMENT_3D( '', #7677, #7678, #7679 );
#6553 = CARTESIAN_POINT( '', ( -0.0137427678223500, 0.00579480477032800, 0.0126542311381500 ) );
#6554 = AXIS2_PLACEMENT_3D( '', #7680, #7681, #7682 );
#6555 = AXIS2_PLACEMENT_3D( '', #7683, #7684, #7685 );
#6556 = CARTESIAN_POINT( '', ( -0.0245444225785700, -0.00112624722967200, 0.00895423113814600 ) );
#6557 = CARTESIAN_POINT( '', ( -0.0245444225785800, -0.00112624722968200, -0.00214576886186300 ) );
#6558 = VECTOR( '', #7686, 1.00000000000000 );
#6559 = CARTESIAN_POINT( '', ( -0.0245444225785700, -0.00249840250662400, 0.00895423113814600 ) );
#6560 = CARTESIAN_POINT( '', ( -0.0245444225785800, -0.00112624722968200, 0.00895423113815600 ) );
#6561 = VECTOR( '', #7687, 1.00000000000000 );
#6562 = CARTESIAN_POINT( '', ( -0.0245444225785800, -0.00249840250663400, 0.00895423113815600 ) );
#6563 = VECTOR( '', #7688, 1.00000000000000 );
#6564 = CARTESIAN_POINT( '', ( -0.0239633534135300, -0.00249840250662400, 0.00895423113814600 ) );
#6565 = CARTESIAN_POINT( '', ( -0.0239633534135400, -0.00249840250663400, 0.00895423113815600 ) );
#6566 = VECTOR( '', #7689, 1.00000000000000 );
#6567 = CARTESIAN_POINT( '', ( -0.0239633534135300, -0.00249840250662400, -0.00199490953498800 ) );
#6568 = CARTESIAN_POINT( '', ( -0.0239633534135400, -0.00249840250663400, 0.00895423113815600 ) );
#6569 = VECTOR( '', #7690, 1.00000000000000 );
#6570 = CARTESIAN_POINT( '', ( -0.0239633534135400, -0.00249840250663400, -0.00199490953499800 ) );
#6571 = VECTOR( '', #7691, 1.00000000000000 );
#6572 = CARTESIAN_POINT( '', ( -0.0239633534135300, -0.00112624722967200, 0.00895423113814600 ) );
#6573 = CARTESIAN_POINT( '', ( -0.0239633534135400, -0.000185023229681600, 0.00895423113815600 ) );
#6574 = VECTOR( '', #7692, 1.00000000000000 );
#6575 = CARTESIAN_POINT( '', ( -0.0239633534135300, 0.00122681277032800, 0.00895423113814600 ) );
#6576 = CARTESIAN_POINT( '', ( -0.0239633534135400, 0.00122681277033800, 0.00895423113815600 ) );
#6577 = VECTOR( '', #7693, 1.00000000000000 );
#6578 = CARTESIAN_POINT( '', ( -0.0239633534135400, 0.00180193382304300, 0.00895423113815600 ) );
#6579 = VECTOR( '', #7694, 1.00000000000000 );
#6580 = CARTESIAN_POINT( '', ( -0.0182024241495100, 0.00122681277032800, 0.00895423113814600 ) );
#6581 = CARTESIAN_POINT( '', ( -0.0182024241495200, 0.00122681277033800, 0.00895423113815600 ) );
#6582 = VECTOR( '', #7695, 1.00000000000000 );
#6583 = CARTESIAN_POINT( '', ( -0.0182024240458400, -0.000185023229681600, 0.00895423113815600 ) );
#6584 = VECTOR( '', #7696, 1.00000000000000 );
#6585 = CARTESIAN_POINT( '', ( -0.0181987647944500, -0.00249840250663400, 0.00895423113815600 ) );
#6586 = VECTOR( '', #7697, 1.00000000000000 );
#6587 = CARTESIAN_POINT( '', ( -0.0239633534135400, -0.00249840250663400, 0.00895423113815600 ) );
#6588 = VECTOR( '', #7698, 1.00000000000000 );
#6589 = CARTESIAN_POINT( '', ( -0.0239633534135400, -0.00112624722968200, 0.00895423113815600 ) );
#6590 = VECTOR( '', #7699, 1.00000000000000 );
#6591 = CARTESIAN_POINT( '', ( -0.0219379910530000, -4.19522967156800E-06, 0.00895423113814500 ) );
#6592 = AXIS2_PLACEMENT_3D( '', #7700, #7701, #7702 );
#6593 = CARTESIAN_POINT( '', ( -0.0219379910530100, -4.19522968156800E-06, 0.00895423113815500 ) );
#6594 = VECTOR( '', #7703, 1.00000000000000 );
#6595 = CARTESIAN_POINT( '', ( -0.0208139910530100, -0.000928195229681600, 0.00895423113815500 ) );
#6596 = VECTOR( '', #7704, 1.00000000000000 );
#6597 = CARTESIAN_POINT( '', ( -0.0239633534135400, -0.00321102264851200, -0.00199490953499800 ) );
#6598 = VECTOR( '', #7705, 1.00000000000000 );
#6599 = CARTESIAN_POINT( '', ( -0.0239633534135300, 0.00122681277032800, -0.00199490953498800 ) );
#6600 = CARTESIAN_POINT( '', ( -0.0239633534135400, 0.00122681277033800, -0.00199490953499800 ) );
#6601 = VECTOR( '', #7706, 1.00000000000000 );
#6602 = CARTESIAN_POINT( '', ( -0.0239633534135400, 0.00180127555820000, -0.00199491025301700 ) );
#6603 = VECTOR( '', #7707, 1.00000000000000 );
#6604 = CARTESIAN_POINT( '', ( -0.0239633534135300, -0.00112624722967200, -0.00199490953498800 ) );
#6605 = CARTESIAN_POINT( '', ( -0.0239633534135400, -0.00112624722968200, -0.00199490953499800 ) );
#6606 = VECTOR( '', #7708, 1.00000000000000 );
#6607 = CARTESIAN_POINT( '', ( -0.0239633534135400, -0.000185023229681600, -0.00199490953499800 ) );
#6608 = VECTOR( '', #7709, 1.00000000000000 );
#6609 = CARTESIAN_POINT( '', ( -0.0241155350142900, -0.00112624722968200, -0.00214576886186300 ) );
#6610 = VECTOR( '', #7710, 1.00000000000000 );
#6611 = CARTESIAN_POINT( '', ( -0.0218379910530100, 9.58047703284320E-05, 0.00248051888376900 ) );
#6612 = CARTESIAN_POINT( '', ( -0.0218450418794777, 9.53694544123278E-05, 0.00248014230327683 ) );
#6613 = CARTESIAN_POINT( '', ( -0.0218591332014767, 9.44994604090437E-05, 0.00247938969406172 ) );
#6614 = CARTESIAN_POINT( '', ( -0.0218781115016817, 8.79778131104976E-05, 0.00247318724501466 ) );
#6615 = CARTESIAN_POINT( '', ( -0.0218950422347846, 7.88070561649496E-05, 0.00246362479565685 ) );
#6616 = CARTESIAN_POINT( '', ( -0.0219039072787370, 7.08297750119761E-05, 0.00245558026096268 ) );
#6617 = CARTESIAN_POINT( '', ( -0.0219087017311193, 6.65154484464091E-05, 0.00245122956188700 ) );
#6618 = CARTESIAN_POINT( '', ( -0.0219379910530100, -4.19522968159100E-06, 0.00248051888376900 ) );
#6619 = VECTOR( '', #7711, 1.00000000000000 );
#6620 = CARTESIAN_POINT( '', ( -0.0170523188090813, 0.00388735816094100, 0.00691567774756527 ) );
#6621 = CARTESIAN_POINT( '', ( -0.0170659414401439, 0.00387270350161665, 0.00690104463215218 ) );
#6622 = CARTESIAN_POINT( '', ( -0.0170946447760214, 0.00384182564793170, 0.00687021217220343 ) );
#6623 = CARTESIAN_POINT( '', ( -0.0171301718599125, 0.00378910880356100, 0.00681753216860449 ) );
#6624 = CARTESIAN_POINT( '', ( -0.0171628052275007, 0.00372500139092591, 0.00675323645013008 ) );
#6625 = CARTESIAN_POINT( '', ( -0.0171917869171148, 0.00363902246045358, 0.00666783434177393 ) );
#6626 = CARTESIAN_POINT( '', ( -0.0171961866945707, 0.00357268523482619, 0.00660118673617292 ) );
#6627 = CARTESIAN_POINT( '', ( -0.0171987654185000, 0.00353380477033900, 0.00656212435697000 ) );
#6628 = CARTESIAN_POINT( '', ( -0.0166987654185000, 0.00708380477032900, 0.0126542311381500 ) );
#6629 = AXIS2_PLACEMENT_3D( '', #7712, #7713, #7714 );
#6630 = CARTESIAN_POINT( '', ( -0.0166987654185100, 0.00708380477033900, 0.0126542311381600 ) );
#6631 = VECTOR( '', #7715, 1.00000000000000 );
#6632 = CARTESIAN_POINT( '', ( -0.0170523188090893, 0.00723025137973173, 0.00691567774757900 ) );
#6633 = CARTESIAN_POINT( '', ( -0.0170659414401609, 0.00724488449515569, 0.00690102308824114 ) );
#6634 = CARTESIAN_POINT( '', ( -0.0170946447760457, 0.00727571695511508, 0.00687014523454000 ) );
#6635 = CARTESIAN_POINT( '', ( -0.0171301718599326, 0.00732839695872006, 0.00681742839017012 ) );
#6636 = CARTESIAN_POINT( '', ( -0.0171628052275092, 0.00739269267718263, 0.00675332097755091 ) );
#6637 = CARTESIAN_POINT( '', ( -0.0171917869171177, 0.00747809478552773, 0.00666734204708952 ) );
#6638 = CARTESIAN_POINT( '', ( -0.0171961866945716, 0.00754474239113095, 0.00660100482146143 ) );
#6639 = CARTESIAN_POINT( '', ( -0.0171987654185000, 0.00758380477033900, 0.00656212435697000 ) );
#6640 = CARTESIAN_POINT( '', ( -0.0151987654185000, 0.00708380477032900, 0.0126542311381500 ) );
#6641 = CARTESIAN_POINT( '', ( -0.0166987654185100, 0.00708380477033900, 0.0126542311381600 ) );
#6642 = VECTOR( '', #7716, 1.00000000000000 );
#6643 = CARTESIAN_POINT( '', ( -0.0151987654185100, 0.00708380477033900, 0.00876923113815600 ) );
#6644 = VECTOR( '', #7717, 1.00000000000000 );
#6645 = CARTESIAN_POINT( '', ( -0.0154342040149900, 0.00706552095703500, 0.0146835021307400 ) );
#6646 = CARTESIAN_POINT( '', ( -0.0154342040149900, 0.00706552095703500, 0.0126542311381500 ) );
#6647 = CARTESIAN_POINT( '', ( -0.0154342040151000, 0.00706552095702900, 0.0146835021307200 ) );
#6648 = VECTOR( '', #7718, 1.00000000000000 );
#6649 = AXIS2_PLACEMENT_3D( '', #7719, #7720, #7721 );
#6650 = CARTESIAN_POINT( '', ( -0.0149633268182400, 0.00405208858444700, 0.0126542311381600 ) );
#6651 = VECTOR( '', #7722, 1.00000000000000 );
#6652 = CARTESIAN_POINT( '', ( -0.0154342040149900, 0.00405208858362200, 0.0126542311381500 ) );
#6653 = CARTESIAN_POINT( '', ( -0.0154342040150000, 0.00405208858363200, 0.0126542311381600 ) );
#6654 = VECTOR( '', #7723, 1.00000000000000 );
#6655 = CARTESIAN_POINT( '', ( -0.0151987654185000, 0.00403380477032900, 0.0126542311381500 ) );
#6656 = AXIS2_PLACEMENT_3D( '', #7724, #7725, #7726 );
#6657 = CARTESIAN_POINT( '', ( -0.0151987654185100, 0.00403380477033900, 0.0126542311381600 ) );
#6658 = VECTOR( '', #7727, 1.00000000000000 );
#6659 = AXIS2_PLACEMENT_3D( '', #7728, #7729, #7730 );
#6660 = CARTESIAN_POINT( '', ( -0.0166547630146500, 0.00532280477032600, 0.0147907274767700 ) );
#6661 = CARTESIAN_POINT( '', ( -0.0166547630146500, 0.00532280477032900, 0.0126542311381500 ) );
#6662 = CARTESIAN_POINT( '', ( -0.0166547630146600, 0.00532280477033600, 0.0147907274767800 ) );
#6663 = VECTOR( '', #7731, 1.00000000000000 );
#6664 = CARTESIAN_POINT( '', ( -0.0165560513132200, 0.00523880477032900, 0.0126542311381500 ) );
#6665 = AXIS2_PLACEMENT_3D( '', #7732, #7733, #7734 );
#6666 = CARTESIAN_POINT( '', ( -0.0165560495520800, 0.00523880461602200, 0.0149633663744800 ) );
#6667 = CARTESIAN_POINT( '', ( -0.0165560513132300, 0.00523880477033900, 0.0126542311381600 ) );
#6668 = VECTOR( '', #7735, 1.00000000000000 );
#6669 = CARTESIAN_POINT( '', ( -0.0166547630146507, 0.00532280477033751, 0.0147907274767756 ) );
#6670 = CARTESIAN_POINT( '', ( -0.0166538469669065, 0.00531830711865557, 0.0147910959011370 ) );
#6671 = CARTESIAN_POINT( '', ( -0.0166519561201631, 0.00530902335578357, 0.0147918563789705 ) );
#6672 = CARTESIAN_POINT( '', ( -0.0166467818830816, 0.00529607807928223, 0.0147979332905942 ) );
#6673 = CARTESIAN_POINT( '', ( -0.0166392796582705, 0.00528258255922122, 0.0148084597199373 ) );
#6674 = CARTESIAN_POINT( '', ( -0.0166287999691051, 0.00526937960311742, 0.0148250326048292 ) );
#6675 = CARTESIAN_POINT( '', ( -0.0166109825054612, 0.00525388001328943, 0.0148556787528143 ) );
#6676 = CARTESIAN_POINT( '', ( -0.0165858507216522, 0.00524105397571877, 0.0149022648842661 ) );
#6677 = CARTESIAN_POINT( '', ( -0.0165664193166330, 0.00523958719753346, 0.0149421061439725 ) );
#6678 = CARTESIAN_POINT( '', ( -0.0165560501285267, 0.00523880448012838, 0.0149633666506564 ) );
#6679 = AXIS2_PLACEMENT_3D( '', #7736, #7737, #7738 );
#6680 = CARTESIAN_POINT( '', ( -0.0148787650313400, 0.00438880485622500, 0.0153526516273800 ) );
#6681 = VECTOR( '', #7739, 1.00000000000000 );
#6682 = CARTESIAN_POINT( '', ( -0.0255480813096000, -0.00251196233924300, 0.00251422713815600 ) );
#6683 = VECTOR( '', #7740, 1.00000000000000 );
#6684 = CARTESIAN_POINT( '', ( -0.0255350813096000, -0.00251196233924300, -0.000985772861863700 ) );
#6685 = VECTOR( '', #7741, 1.00000000000000 );
#6686 = CARTESIAN_POINT( '', ( -0.0255480813096000, 0.000988037660777000, -0.000985772861863700 ) );
#6687 = VECTOR( '', #7742, 1.00000000000000 );
#6688 = CARTESIAN_POINT( '', ( -0.0255350813096000, 0.000988037660777000, 0.00251422713815600 ) );
#6689 = VECTOR( '', #7743, 1.00000000000000 );
#6690 = CARTESIAN_POINT( '', ( -0.0155187654185000, 0.00415088964504600, 0.0126542311381500 ) );
#6691 = CARTESIAN_POINT( '', ( -0.0155187657070300, 0.00415089291172400, 0.0148575904324100 ) );
#6692 = VECTOR( '', #7744, 1.00000000000000 );
#6693 = AXIS2_PLACEMENT_3D( '', #7745, #7746, #7747 );
#6694 = CARTESIAN_POINT( '', ( -0.0287110882800700, 0.00587880518917600, 0.0153526473514500 ) );
#6695 = CARTESIAN_POINT( '', ( -0.0288983725098200, 0.00587880492437700, 0.0149633663679800 ) );
#6696 = CARTESIAN_POINT( '', ( -0.0288776327220100, 0.00587880492437700, 0.0150066561144600 ) );
#6697 = CARTESIAN_POINT( '', ( -0.0288361257659600, 0.00587880475430000, 0.0150932095498800 ) );
#6698 = CARTESIAN_POINT( '', ( -0.0287736912500300, 0.00587880459541500, 0.0152229742629600 ) );
#6699 = CARTESIAN_POINT( '', ( -0.0287319806140600, 0.00587880518918600, 0.0153094308575700 ) );
#6700 = CARTESIAN_POINT( '', ( -0.0287110882800800, 0.00587880518918600, 0.0153526473514600 ) );
#6701 = CARTESIAN_POINT( '', ( -0.0287110883731000, 0.00587880477032900, 0.0126542311381500 ) );
#6702 = CARTESIAN_POINT( '', ( -0.0287110883731100, 0.00587880477033900, 0.0126542311381600 ) );
#6703 = VECTOR( '', #7748, 1.00000000000000 );
#6704 = CARTESIAN_POINT( '', ( -0.0288983742678200, 0.00587880477033900, 0.0126542311381600 ) );
#6705 = VECTOR( '', #7749, 1.00000000000000 );
#6706 = CARTESIAN_POINT( '', ( -0.0215354230530100, 0.00539580477033800, 0.0164342311381600 ) );
#6707 = VECTOR( '', #7750, 1.00000000000000 );
#6708 = CARTESIAN_POINT( '', ( -0.0250480813095900, 0.00870022612653600, 0.0126542311381500 ) );
#6709 = AXIS2_PLACEMENT_3D( '', #7751, #7752, #7753 );
#6710 = CARTESIAN_POINT( '', ( -0.0250480813096000, 0.00870022612654600, 0.0126542311381600 ) );
#6711 = VECTOR( '', #7754, 1.00000000000000 );
#6712 = CARTESIAN_POINT( '', ( -0.0289970859692500, 0.00532280477032600, 0.0147907274767700 ) );
#6713 = AXIS2_PLACEMENT_3D( '', #7755, #7756, #7757 );
#6714 = CARTESIAN_POINT( '', ( -0.0289970859692500, 0.00532280477032900, 0.0126542311381500 ) );
#6715 = AXIS2_PLACEMENT_3D( '', #7758, #7759, #7760 );
#6716 = CARTESIAN_POINT( '', ( -0.0289970859692600, 0.00532280477033600, 0.0147907274767800 ) );
#6717 = VECTOR( '', #7761, 1.00000000000000 );
#6718 = CARTESIAN_POINT( '', ( -0.0288983742678100, 0.00523880477032900, 0.0126542311381500 ) );
#6719 = AXIS2_PLACEMENT_3D( '', #7762, #7763, #7764 );
#6720 = CARTESIAN_POINT( '', ( -0.0288983725066800, 0.00523880461602200, 0.0149633663744800 ) );
#6721 = CARTESIAN_POINT( '', ( -0.0288983742678200, 0.00523880477033900, 0.0126542311381600 ) );
#6722 = VECTOR( '', #7765, 1.00000000000000 );
#6723 = CARTESIAN_POINT( '', ( -0.0289970859692507, 0.00532280477033751, 0.0147907274767756 ) );
#6724 = CARTESIAN_POINT( '', ( -0.0289961699215065, 0.00531830711865557, 0.0147910959011370 ) );
#6725 = CARTESIAN_POINT( '', ( -0.0289942790747630, 0.00530902335578357, 0.0147918563789705 ) );
#6726 = CARTESIAN_POINT( '', ( -0.0289891048376817, 0.00529607807928223, 0.0147979332905942 ) );
#6727 = CARTESIAN_POINT( '', ( -0.0289816026128705, 0.00528258255922122, 0.0148084597199373 ) );
#6728 = CARTESIAN_POINT( '', ( -0.0289711229237051, 0.00526937960311743, 0.0148250326048292 ) );
#6729 = CARTESIAN_POINT( '', ( -0.0289533054600612, 0.00525388001328942, 0.0148556787528143 ) );
#6730 = CARTESIAN_POINT( '', ( -0.0289281736762522, 0.00524105397571877, 0.0149022648842661 ) );
#6731 = CARTESIAN_POINT( '', ( -0.0289087422712330, 0.00523958719753346, 0.0149421061439725 ) );
#6732 = CARTESIAN_POINT( '', ( -0.0288983730831267, 0.00523880448012838, 0.0149633666506564 ) );
#6733 = CARTESIAN_POINT( '', ( -0.0272210883738300, 0.00415088964910200, 0.0126542311381500 ) );
#6734 = CARTESIAN_POINT( '', ( -0.0272210883738400, 0.00415088964911200, 0.0126542311381600 ) );
#6735 = VECTOR( '', #7766, 1.00000000000000 );
#6736 = AXIS2_PLACEMENT_3D( '', #7767, #7768, #7769 );
#6737 = CARTESIAN_POINT( '', ( -0.0208114230530000, 0.00569580477032800, 0.00895423113814500 ) );
#6738 = CARTESIAN_POINT( '', ( -0.0208114230530100, 0.00569580477033800, 0.00895423113815500 ) );
#6739 = VECTOR( '', #7770, 1.00000000000000 );
#6740 = CARTESIAN_POINT( '', ( -0.0208114230530100, 0.00477180477033800, 0.00895423113815500 ) );
#6741 = VECTOR( '', #7771, 1.00000000000000 );
#6742 = CARTESIAN_POINT( '', ( -0.0239633534135300, 0.00316191677032900, 0.00895423113814600 ) );
#6743 = CARTESIAN_POINT( '', ( -0.0239633534135400, 0.00316191677033900, 0.00895423113815600 ) );
#6744 = VECTOR( '', #7772, 1.00000000000000 );
#6745 = CARTESIAN_POINT( '', ( -0.0239633534135400, 0.00316191677033900, 0.00895423113815600 ) );
#6746 = VECTOR( '', #7773, 1.00000000000000 );
#6747 = CARTESIAN_POINT( '', ( -0.0208114230530100, 0.00477180477033800, 0.0126542311381600 ) );
#6748 = VECTOR( '', #7774, 1.00000000000000 );
#6749 = CARTESIAN_POINT( '', ( -0.0209139910530000, 9.58047703284300E-05, 0.0126542311381500 ) );
#6750 = CARTESIAN_POINT( '', ( -0.0208139910530000, -4.19522967156800E-06, 0.0126542311381500 ) );
#6751 = AXIS2_PLACEMENT_3D( '', #7775, #7776, #7777 );
#6752 = CARTESIAN_POINT( '', ( -0.0209139910530100, 9.58047703384300E-05, 0.0126542311381600 ) );
#6753 = VECTOR( '', #7778, 1.00000000000000 );
#6754 = CARTESIAN_POINT( '', ( -0.0208139910530100, -4.19522968156900E-06, 0.0160342311381600 ) );
#6755 = VECTOR( '', #7779, 1.00000000000000 );
#6756 = CARTESIAN_POINT( '', ( -0.0218354230530000, 0.00579580477032800, 0.0160342311381500 ) );
#6757 = CARTESIAN_POINT( '', ( -0.0218354230530100, 0.00579580477032800, 0.0160342311381500 ) );
#6758 = CARTESIAN_POINT( '', ( -0.0218768444092479, 0.00579580477032800, 0.0160342311381500 ) );
#6759 = CARTESIAN_POINT( '', ( -0.0219061337311300, 0.00576651544844750, 0.0160635204600305 ) );
#6760 = CARTESIAN_POINT( '', ( -0.0218354230530100, 0.00579580477033800, 0.0160342311381600 ) );
#6761 = VECTOR( '', #7780, 1.00000000000000 );
#6762 = CARTESIAN_POINT( '', ( -0.0260480813095900, 0.00403380477032900, 0.0126542311381500 ) );
#6763 = CARTESIAN_POINT( '', ( -0.0260480813096000, 0.00403380477033900, 0.0126542311381600 ) );
#6764 = VECTOR( '', #7781, 1.00000000000000 );
#6765 = CARTESIAN_POINT( '', ( -0.0260480813095900, 0.00403380477032900, 0.00731017566270700 ) );
#6766 = CARTESIAN_POINT( '', ( -0.0275410883731100, 0.00403380477033900, 0.00880318272622600 ) );
#6767 = VECTOR( '', #7782, 1.00000000000000 );
#6768 = CARTESIAN_POINT( '', ( -0.0260480813096000, 0.00403380477033900, 0.0126542311381600 ) );
#6769 = VECTOR( '', #7783, 1.00000000000000 );
#6770 = CARTESIAN_POINT( '', ( -0.0151987654185000, 0.00485613577032900, 0.0115942311381500 ) );
#6771 = CARTESIAN_POINT( '', ( -0.0151987654185100, 0.00485613577033900, 0.00876923113815600 ) );
#6772 = VECTOR( '', #7784, 1.00000000000000 );
#6773 = CARTESIAN_POINT( '', ( -0.0151987654185100, 0.00485613577033900, 0.0115942311381600 ) );
#6774 = VECTOR( '', #7785, 1.00000000000000 );
#6775 = AXIS2_PLACEMENT_3D( '', #7786, #7787, #7788 );
#6776 = AXIS2_PLACEMENT_3D( '', #7789, #7790, #7791 );
#6777 = CARTESIAN_POINT( '', ( -0.0219354230530000, 0.00569580477032800, 0.0126542311381500 ) );
#6778 = CARTESIAN_POINT( '', ( -0.0219354230530100, 0.00569580477033800, 0.0126542311381600 ) );
#6779 = VECTOR( '', #7792, 1.00000000000000 );
#6780 = CARTESIAN_POINT( '', ( -0.0219354230530000, 0.00477180477032800, 0.0126542311381500 ) );
#6781 = CARTESIAN_POINT( '', ( -0.0219354230530100, 0.00569580477033800, 0.0126542311381600 ) );
#6782 = VECTOR( '', #7793, 1.00000000000000 );
#6783 = CARTESIAN_POINT( '', ( -0.0219354230530100, 0.00477180477033800, 0.0160342311381600 ) );
#6784 = VECTOR( '', #7794, 1.00000000000000 );
#6785 = CARTESIAN_POINT( '', ( -0.0155187654185000, 0.00696671989561200, 0.0126542311381500 ) );
#6786 = CARTESIAN_POINT( '', ( -0.0155187657077800, 0.00696671662007200, 0.0148575904508500 ) );
#6787 = CARTESIAN_POINT( '', ( -0.0155187654185100, 0.00696671989562200, 0.0126542311381600 ) );
#6788 = VECTOR( '', #7795, 1.00000000000000 );
#6789 = CARTESIAN_POINT( '', ( -0.0154342040150997, 0.00706552095702687, 0.0146835021307190 ) );
#6790 = CARTESIAN_POINT( '', ( -0.0154387271693014, 0.00706462565037427, 0.0146838747157800 ) );
#6791 = CARTESIAN_POINT( '', ( -0.0154480666052789, 0.00706277701581764, 0.0146846440316529 ) );
#6792 = CARTESIAN_POINT( '', ( -0.0154610936382356, 0.00705764033423598, 0.0146907905427350 ) );
#6793 = CARTESIAN_POINT( '', ( -0.0154746694411895, 0.00705016588696136, 0.0147014270286084 ) );
#6794 = CARTESIAN_POINT( '', ( -0.0154879523241758, 0.00703970005517670, 0.0147181527887685 ) );
#6795 = CARTESIAN_POINT( '', ( -0.0155035600455226, 0.00702186684931858, 0.0147490683370087 ) );
#6796 = CARTESIAN_POINT( '', ( -0.0155164937862430, 0.00699666915074666, 0.0147960321828118 ) );
#6797 = CARTESIAN_POINT( '', ( -0.0155179755013752, 0.00697713737862693, 0.0148361755716385 ) );
#6798 = CARTESIAN_POINT( '', ( -0.0155187659559198, 0.00696671771178367, 0.0148575909729124 ) );
#6799 = AXIS2_PLACEMENT_3D( '', #7796, #7797, #7798 );
#6800 = CARTESIAN_POINT( '', ( -0.0287110882701500, 0.00523880430639700, 0.0153526500901800 ) );
#6801 = CARTESIAN_POINT( '', ( -0.0288983725066900, 0.00523880461603200, 0.0149633663744900 ) );
#6802 = CARTESIAN_POINT( '', ( -0.0288772531973100, 0.00523880461603200, 0.0150074482887700 ) );
#6803 = CARTESIAN_POINT( '', ( -0.0288352315903600, 0.00523880478049100, 0.0150950541703900 ) );
#6804 = CARTESIAN_POINT( '', ( -0.0287728085843600, 0.00523880496626600, 0.0152248227357200 ) );
#6805 = CARTESIAN_POINT( '', ( -0.0287315983004200, 0.00523880430640700, 0.0153102244056800 ) );
#6806 = CARTESIAN_POINT( '', ( -0.0287110882701600, 0.00523880430640700, 0.0153526500901900 ) );
#6807 = CARTESIAN_POINT( '', ( -0.0286266756600400, 0.00523460400302600, 0.0155242311381500 ) );
#6808 = CARTESIAN_POINT( '', ( -0.0286266756600500, 0.00523460400303600, 0.0155242311381600 ) );
#6809 = CARTESIAN_POINT( '', ( -0.0286360017799000, 0.00523553473552900, 0.0155056386666800 ) );
#6810 = CARTESIAN_POINT( '', ( -0.0286546738129100, 0.00523708567048400, 0.0154681238606800 ) );
#6811 = CARTESIAN_POINT( '', ( -0.0286828284637300, 0.00523849130898900, 0.0154109279816100 ) );
#6812 = CARTESIAN_POINT( '', ( -0.0287016490747500, 0.00523880430640700, 0.0153721753820200 ) );
#6813 = CARTESIAN_POINT( '', ( -0.0287110882701600, 0.00523880430640700, 0.0153526500901900 ) );
#6814 = CARTESIAN_POINT( '', ( -0.0286266678091600, 0.00588302588722800, 0.0155242311381500 ) );
#6815 = AXIS2_PLACEMENT_3D( '', #7799, #7800, #7801 );
#6816 = CARTESIAN_POINT( '', ( -0.0287110882800800, 0.00587880477032901, 0.0153526473514600 ) );
#6817 = CARTESIAN_POINT( '', ( -0.0286965827330795, 0.00587898583658421, 0.0153825313009225 ) );
#6818 = CARTESIAN_POINT( '', ( -0.0286687373494745, 0.00587933341805315, 0.0154398976337046 ) );
#6819 = CARTESIAN_POINT( '', ( -0.0286402901285058, 0.00588181780556815, 0.0154969142567099 ) );
#6820 = CARTESIAN_POINT( '', ( -0.0286266619707847, 0.00588300799651623, 0.0155242291052113 ) );
#6821 = CARTESIAN_POINT( '', ( -0.0202234233640400, 0.00870022612654600, 0.00105628001670200 ) );
#6822 = CARTESIAN_POINT( '', ( -0.0202234233640400, 0.00869966531250494, -0.00214514128424700 ) );
#6823 = CARTESIAN_POINT( '', ( -0.0176995430607500, 0.00870022612653600, 0.0126542311381500 ) );
#6824 = CARTESIAN_POINT( '', ( -0.0250480813096000, 0.00870022612654600, 0.0126542311381600 ) );
#6825 = VECTOR( '', #7802, 1.00000000000000 );
#6826 = CARTESIAN_POINT( '', ( -0.0176995430607600, 0.00870022612654600, -0.00214576886186300 ) );
#6827 = VECTOR( '', #7803, 1.00000000000000 );
#6828 = AXIS2_PLACEMENT_3D( '', #7804, #7805, #7806 );
#6829 = CARTESIAN_POINT( '', ( -0.0272210878212599, 0.00696671770685908, 0.0148575909763566 ) );
#6830 = CARTESIAN_POINT( '', ( -0.0272218769101342, 0.00697712506549499, 0.0148362009677349 ) );
#6831 = CARTESIAN_POINT( '', ( -0.0272233564509079, 0.00699663885151908, 0.0147960947250368 ) );
#6832 = CARTESIAN_POINT( '', ( -0.0272362576852746, 0.00702177820807350, 0.0147492356243302 ) );
#6833 = CARTESIAN_POINT( '', ( -0.0272518240662630, 0.00703965650176769, 0.0147182165549529 ) );
#6834 = CARTESIAN_POINT( '', ( -0.0272664919462793, 0.00705110344184490, 0.0146999638714729 ) );
#6835 = CARTESIAN_POINT( '', ( -0.0272840597689933, 0.00706069910513715, 0.0146863656102904 ) );
#6836 = CARTESIAN_POINT( '', ( -0.0272988030042180, 0.00706399181769096, 0.0146844102179074 ) );
#6837 = CARTESIAN_POINT( '', ( -0.0273056497766948, 0.00706552095653625, 0.0146835021318229 ) );
#6838 = CARTESIAN_POINT( '', ( -0.0256945279190000, 0.00388735816092700, 0.00695662227211900 ) );
#6839 = CARTESIAN_POINT( '', ( -0.0256945279190107, 0.00388735816093627, 0.00695662227212900 ) );
#6840 = CARTESIAN_POINT( '', ( -0.0256809052879432, 0.00387272504551778, 0.00694196761279786 ) );
#6841 = CARTESIAN_POINT( '', ( -0.0256522019520619, 0.00384189258556466, 0.00691108975910563 ) );
#6842 = CARTESIAN_POINT( '', ( -0.0256166748681733, 0.00378921258196505, 0.00685837291473855 ) );
#6843 = CARTESIAN_POINT( '', ( -0.0255840415005728, 0.00372491686346578, 0.00679426550207701 ) );
#6844 = CARTESIAN_POINT( '', ( -0.0255550598109661, 0.00363951475510468, 0.00670828657161490 ) );
#6845 = CARTESIAN_POINT( '', ( -0.0255506600335145, 0.00357286714949956, 0.00664194934598441 ) );
#6846 = CARTESIAN_POINT( '', ( -0.0255480813095900, 0.00353380477032900, 0.00660306888153000 ) );
#6847 = CARTESIAN_POINT( '', ( -0.0256945279190100, 0.00388735816093700, 0.00695662227212900 ) );
#6848 = VECTOR( '', #7807, 1.00000000000000 );
#6849 = CARTESIAN_POINT( '', ( -0.0263710883731000, 0.00523880477032900, 0.0126542311381500 ) );
#6850 = CARTESIAN_POINT( '', ( -0.0263710884661200, 0.00523880435148000, 0.0153526473514500 ) );
#6851 = CARTESIAN_POINT( '', ( -0.0263710883731100, 0.00523880477033900, 0.0126542311381600 ) );
#6852 = VECTOR( '', #7808, 1.00000000000000 );
#6853 = CARTESIAN_POINT( '', ( -0.0261838024783900, 0.00523880477033900, 0.0126542311381600 ) );
#6854 = VECTOR( '', #7809, 1.00000000000000 );
#6855 = CARTESIAN_POINT( '', ( -0.0261838042363900, 0.00523880461630000, 0.0149633663679800 ) );
#6856 = CARTESIAN_POINT( '', ( -0.0262045440241900, 0.00523880461630000, 0.0150066561144500 ) );
#6857 = CARTESIAN_POINT( '', ( -0.0262460509802400, 0.00523880478637700, 0.0150932095498600 ) );
#6858 = CARTESIAN_POINT( '', ( -0.0263084854961700, 0.00523880494526300, 0.0152229742629400 ) );
#6859 = CARTESIAN_POINT( '', ( -0.0263501961321500, 0.00523880435149000, 0.0153094308575600 ) );
#6860 = CARTESIAN_POINT( '', ( -0.0263710884661300, 0.00523880435149000, 0.0153526473514600 ) );
#6861 = CARTESIAN_POINT( '', ( -0.0260480813096000, 0.00708380477033900, 0.0126542311381600 ) );
#6862 = VECTOR( '', #7810, 1.00000000000000 );
#6863 = CARTESIAN_POINT( '', ( -0.0260480813096000, 0.00708380477033900, 0.00731017566271700 ) );
#6864 = VECTOR( '', #7811, 1.00000000000000 );
#6865 = CARTESIAN_POINT( '', ( -0.0245444225785700, 0.00692681277032800, 0.00895423113814600 ) );
#6866 = CARTESIAN_POINT( '', ( -0.0245444225785800, 0.00692681277033800, -0.00214576886186300 ) );
#6867 = VECTOR( '', #7812, 1.00000000000000 );
#6868 = CARTESIAN_POINT( '', ( -0.0245444224748900, 0.00551497677032800, 0.00895423113814600 ) );
#6869 = CARTESIAN_POINT( '', ( -0.0245444225785800, 0.00692681277033800, 0.00895423113815600 ) );
#6870 = VECTOR( '', #7813, 1.00000000000000 );
#6871 = CARTESIAN_POINT( '', ( -0.0245444224749000, 0.00551497677033800, -0.00214576886186300 ) );
#6872 = VECTOR( '', #7814, 1.00000000000000 );
#6873 = CARTESIAN_POINT( '', ( -0.0239633534135300, 0.00551497677032800, 0.00895423113814600 ) );
#6874 = CARTESIAN_POINT( '', ( -0.0245444224749000, 0.00551497677033800, 0.00895423113815600 ) );
#6875 = VECTOR( '', #7815, 1.00000000000000 );
#6876 = CARTESIAN_POINT( '', ( -0.0239633534135300, 0.00551497677032800, -0.00199490953498800 ) );
#6877 = CARTESIAN_POINT( '', ( -0.0239633534135400, 0.00551497677033800, 0.00895423113815600 ) );
#6878 = VECTOR( '', #7816, 1.00000000000000 );
#6879 = CARTESIAN_POINT( '', ( -0.0239633534135400, 0.00551497677033800, -0.00199490953499800 ) );
#6880 = VECTOR( '', #7817, 1.00000000000000 );
#6881 = CARTESIAN_POINT( '', ( -0.0239633534135300, 0.00692681277032800, 0.00895423113814600 ) );
#6882 = CARTESIAN_POINT( '', ( -0.0239633534135400, 0.00692681277033800, 0.00895423113815600 ) );
#6883 = VECTOR( '', #7818, 1.00000000000000 );
#6884 = CARTESIAN_POINT( '', ( -0.0239633534135300, 0.00692681277032800, -0.00199490953498800 ) );
#6885 = CARTESIAN_POINT( '', ( -0.0241155350142900, 0.00692681277033800, -0.00214576886186300 ) );
#6886 = VECTOR( '', #7819, 1.00000000000000 );
#6887 = CARTESIAN_POINT( '', ( -0.0239633534135400, 0.00692681277033800, -0.00199490953499800 ) );
#6888 = VECTOR( '', #7820, 1.00000000000000 );
#6889 = CARTESIAN_POINT( '', ( -0.0239633534135300, 0.00759975218915900, 0.00895423113814600 ) );
#6890 = CARTESIAN_POINT( '', ( -0.0239633534135400, 0.00759975218916900, 0.00895423113815600 ) );
#6891 = VECTOR( '', #7821, 1.00000000000000 );
#6892 = CARTESIAN_POINT( '', ( -0.0239633534135300, 0.00759975218915900, -0.00199490953498800 ) );
#6893 = CARTESIAN_POINT( '', ( -0.0239633534135400, 0.00759975218916900, -0.00199490953499800 ) );
#6894 = VECTOR( '', #7822, 1.00000000000000 );
#6895 = CARTESIAN_POINT( '', ( -0.0239633534135400, 0.00759975218916900, 0.00895423113815600 ) );
#6896 = VECTOR( '', #7823, 1.00000000000000 );
#6897 = CARTESIAN_POINT( '', ( -0.0241155350142900, 0.00775193378991300, -0.00214576886186300 ) );
#6898 = VECTOR( '', #7824, 1.00000000000000 );
#6899 = CARTESIAN_POINT( '', ( -0.0239633534135300, 0.00457375277032800, 0.00895423113814600 ) );
#6900 = CARTESIAN_POINT( '', ( -0.0239633534135400, 0.00551497677033800, 0.00895423113815600 ) );
#6901 = VECTOR( '', #7825, 1.00000000000000 );
#6902 = CARTESIAN_POINT( '', ( -0.0239633534135300, 0.00457375277032800, -0.00199490953498800 ) );
#6903 = CARTESIAN_POINT( '', ( -0.0239633534135400, 0.00457375277033800, -0.00199490953499800 ) );
#6904 = VECTOR( '', #7826, 1.00000000000000 );
#6905 = CARTESIAN_POINT( '', ( -0.0239633534135400, 0.00551497677033800, -0.00199490953499800 ) );
#6906 = VECTOR( '', #7827, 1.00000000000000 );
#6907 = CARTESIAN_POINT( '', ( -0.0245444224749000, 0.00316191677033900, 0.00895423113815600 ) );
#6908 = VECTOR( '', #7828, 1.00000000000000 );
#6909 = CARTESIAN_POINT( '', ( -0.0239633534135400, 0.00457375277033800, 0.00895423113815600 ) );
#6910 = VECTOR( '', #7829, 1.00000000000000 );
#6911 = CARTESIAN_POINT( '', ( -0.0187834926924700, 0.00759975218915900, 0.00895423113814600 ) );
#6912 = CARTESIAN_POINT( '', ( -0.0187834926924800, 0.00759975218916900, 0.00895423113815600 ) );
#6913 = VECTOR( '', #7830, 1.00000000000000 );
#6914 = CARTESIAN_POINT( '', ( -0.0187834926924700, 0.00692681277032800, 0.00895423113814600 ) );
#6915 = CARTESIAN_POINT( '', ( -0.0187834926924800, 0.00692681277033800, 0.00895423113815600 ) );
#6916 = VECTOR( '', #7831, 1.00000000000000 );
#6917 = CARTESIAN_POINT( '', ( -0.0182024240458300, 0.00692681277032800, 0.00895423113814600 ) );
#6918 = CARTESIAN_POINT( '', ( -0.0182024240458400, 0.00692681277033800, 0.00895423113815600 ) );
#6919 = VECTOR( '', #7832, 1.00000000000000 );
#6920 = CARTESIAN_POINT( '', ( -0.0182024240458300, 0.00551497677032800, 0.00895423113814600 ) );
#6921 = CARTESIAN_POINT( '', ( -0.0182024240458400, 0.00551497677033800, 0.00895423113815600 ) );
#6922 = VECTOR( '', #7833, 1.00000000000000 );
#6923 = CARTESIAN_POINT( '', ( -0.0187834926924700, 0.00551497677032800, 0.00895423113814600 ) );
#6924 = CARTESIAN_POINT( '', ( -0.0187834926924800, 0.00551497677033800, 0.00895423113815600 ) );
#6925 = VECTOR( '', #7834, 1.00000000000000 );
#6926 = CARTESIAN_POINT( '', ( -0.0187834926924700, 0.00457375277032800, 0.00895423113814600 ) );
#6927 = CARTESIAN_POINT( '', ( -0.0187834926924800, 0.00457375277033800, 0.00895423113815600 ) );
#6928 = VECTOR( '', #7835, 1.00000000000000 );
#6929 = CARTESIAN_POINT( '', ( -0.0182024240458400, 0.00457375277033800, 0.00895423113815600 ) );
#6930 = VECTOR( '', #7836, 1.00000000000000 );
#6931 = CARTESIAN_POINT( '', ( -0.0187834926924700, 0.00316191677032900, 0.00895423113814600 ) );
#6932 = CARTESIAN_POINT( '', ( -0.0187834926924800, 0.00316191677033900, 0.00895423113815600 ) );
#6933 = VECTOR( '', #7837, 1.00000000000000 );
#6934 = CARTESIAN_POINT( '', ( -0.0187834926924800, 0.00258679571763400, 0.00895423113815600 ) );
#6935 = VECTOR( '', #7838, 1.00000000000000 );
#6936 = CARTESIAN_POINT( '', ( -0.0209114230530000, 0.00579580477032800, 0.00895423113814500 ) );
#6937 = AXIS2_PLACEMENT_3D( '', #7839, #7840, #7841 );
#6938 = CARTESIAN_POINT( '', ( -0.0209114230530100, 0.00579580477033800, 0.00895423113815500 ) );
#6939 = VECTOR( '', #7842, 1.00000000000000 );
#6940 = CARTESIAN_POINT( '', ( -0.0219354230530100, 0.00569580477033800, 0.00895423113815500 ) );
#6941 = VECTOR( '', #7843, 1.00000000000000 );
#6942 = CARTESIAN_POINT( '', ( -0.0241155350142900, 0.00457375277033800, -0.00214576886186300 ) );
#6943 = VECTOR( '', #7844, 1.00000000000000 );
#6944 = CARTESIAN_POINT( '', ( -0.0272210879859300, 0.00438880485621500, 0.0153526516273700 ) );
#6945 = CARTESIAN_POINT( '', ( -0.0272210883731000, 0.00438880477032800, 0.0126542311381500 ) );
#6946 = CARTESIAN_POINT( '', ( -0.0272210879859400, 0.00438880485622500, 0.0153526516273800 ) );
#6947 = VECTOR( '', #7845, 1.00000000000000 );
#6948 = CARTESIAN_POINT( '', ( -0.0272210880742700, 0.00415089293039500, 0.0148575904660200 ) );
#6949 = CARTESIAN_POINT( '', ( -0.0272210880742700, 0.00417782269125800, 0.0149139052270500 ) );
#6950 = CARTESIAN_POINT( '', ( -0.0272210884609400, 0.00423133276156000, 0.0150256517890300 ) );
#6951 = CARTESIAN_POINT( '', ( -0.0272210885139400, 0.00431062705313700, 0.0151906852954500 ) );
#6952 = CARTESIAN_POINT( '', ( -0.0272210879859400, 0.00436284500392000, 0.0152989528006000 ) );
#6953 = CARTESIAN_POINT( '', ( -0.0272210879859400, 0.00438880485622500, 0.0153526516273800 ) );
#6954 = CARTESIAN_POINT( '', ( -0.0272210883738400, 0.00415088964911200, 0.0126542311381600 ) );
#6955 = VECTOR( '', #7846, 1.00000000000000 );
#6956 = CARTESIAN_POINT( '', ( -0.0287110883731000, 0.00523880477032900, 0.0126542311381500 ) );
#6957 = CARTESIAN_POINT( '', ( -0.0287110882701600, 0.00523880430640700, 0.0153526500901900 ) );
#6958 = VECTOR( '', #7847, 1.00000000000000 );
#6959 = CARTESIAN_POINT( '', ( -0.0288983742678200, 0.00523880477033900, 0.0126542311381600 ) );
#6960 = VECTOR( '', #7848, 1.00000000000000 );
#6961 = CARTESIAN_POINT( '', ( -0.0255480813095900, -0.00118551120091400, -0.000364847694464200 ) );
#6962 = CARTESIAN_POINT( '', ( -0.0255350813096000, -0.00118551120092400, -0.000364847694474200 ) );
#6963 = VECTOR( '', #7849, 1.00000000000000 );
#6964 = CARTESIAN_POINT( '', ( -0.0255480813095900, -0.00103551120091400, -0.000439847694464200 ) );
#6965 = CARTESIAN_POINT( '', ( -0.0255480813096000, -0.00103551120092400, -0.000439847694474200 ) );
#6966 = VECTOR( '', #7850, 1.00000000000000 );
#6967 = CARTESIAN_POINT( '', ( -0.0255350813096000, -0.00103551120092400, -0.000439847694474200 ) );
#6968 = VECTOR( '', #7851, 1.00000000000000 );
#6969 = CARTESIAN_POINT( '', ( -0.0255480813095900, -0.000773011200914000, -0.000814847694464200 ) );
#6970 = CARTESIAN_POINT( '', ( -0.0255480813096000, -0.000773011200924000, -0.000814847694474200 ) );
#6971 = VECTOR( '', #7852, 1.00000000000000 );
#6972 = CARTESIAN_POINT( '', ( -0.0255350813096000, -0.000773011200924000, -0.000814847694474200 ) );
#6973 = VECTOR( '', #7853, 1.00000000000000 );
#6974 = CARTESIAN_POINT( '', ( -0.0187834926924800, 0.00316191677033900, 0.00895423113815600 ) );
#6975 = VECTOR( '', #7854, 1.00000000000000 );
#6976 = CARTESIAN_POINT( '', ( -0.0255480813095900, -0.00129801120091400, -0.000327347694464200 ) );
#6977 = CARTESIAN_POINT( '', ( -0.0255350813096000, -0.00129801120092400, -0.000327347694474200 ) );
#6978 = VECTOR( '', #7855, 1.00000000000000 );
#6979 = CARTESIAN_POINT( '', ( -0.0255480813096000, -0.00118551120092400, -0.000364847694474200 ) );
#6980 = VECTOR( '', #7856, 1.00000000000000 );
#6981 = CARTESIAN_POINT( '', ( -0.0255480813095900, -0.000473011200914000, -0.000814847694464200 ) );
#6982 = CARTESIAN_POINT( '', ( -0.0255480813096000, -0.000473011200924000, -0.000814847694474200 ) );
#6983 = VECTOR( '', #7857, 1.00000000000000 );
#6984 = CARTESIAN_POINT( '', ( -0.0255480813096000, -0.000773011200924000, -0.000814847694474200 ) );
#6985 = VECTOR( '', #7858, 1.00000000000000 );
#6986 = CARTESIAN_POINT( '', ( -0.0255480813096000, -0.000923011200924000, -0.000552347694474200 ) );
#6987 = VECTOR( '', #7859, 1.00000000000000 );
#6988 = CARTESIAN_POINT( '', ( -0.0255480813095900, -0.00148551120091400, -0.000289847694464200 ) );
#6989 = CARTESIAN_POINT( '', ( -0.0255480813096000, -0.00129801120092400, -0.000327347694474200 ) );
#6990 = VECTOR( '', #7860, 1.00000000000000 );
#6991 = CARTESIAN_POINT( '', ( -0.0255480813096000, -0.00156051120092400, -0.000289847694474200 ) );
#6992 = VECTOR( '', #7861, 1.00000000000000 );
#6993 = CARTESIAN_POINT( '', ( -0.0255350813096000, -0.00148551120092400, -0.000289847694474200 ) );
#6994 = VECTOR( '', #7862, 1.00000000000000 );
#6995 = CARTESIAN_POINT( '', ( -0.0155187654185000, 0.00438880477032800, 0.0126542311381500 ) );
#6996 = CARTESIAN_POINT( '', ( -0.0155187654185100, 0.00438880477033800, 0.0126542311381600 ) );
#6997 = VECTOR( '', #7863, 1.00000000000000 );
#6998 = CARTESIAN_POINT( '', ( -0.0155187654185100, 0.00415088964505600, 0.0126542311381600 ) );
#6999 = VECTOR( '', #7864, 1.00000000000000 );
#7000 = CARTESIAN_POINT( '', ( -0.0162843527054400, 0.00523460400302600, 0.0155242311381500 ) );
#7001 = AXIS2_PLACEMENT_3D( '', #7865, #7866, #7867 );
#7002 = CARTESIAN_POINT( '', ( -0.0163687653155500, 0.00523880430639700, 0.0153526500901800 ) );
#7003 = CARTESIAN_POINT( '', ( -0.0162843527054500, 0.00523460400303600, 0.0155242311381600 ) );
#7004 = CARTESIAN_POINT( '', ( -0.0162936788253000, 0.00523553473552900, 0.0155056386666800 ) );
#7005 = CARTESIAN_POINT( '', ( -0.0163123508583100, 0.00523708567048400, 0.0154681238606800 ) );
#7006 = CARTESIAN_POINT( '', ( -0.0163405055091300, 0.00523849130898900, 0.0154109279816100 ) );
#7007 = CARTESIAN_POINT( '', ( -0.0163593261201500, 0.00523880430640700, 0.0153721753820200 ) );
#7008 = CARTESIAN_POINT( '', ( -0.0163687653155600, 0.00523880430640700, 0.0153526500901900 ) );
#7009 = CARTESIAN_POINT( '', ( -0.0163687654185000, 0.00523880477032900, 0.0126542311381500 ) );
#7010 = CARTESIAN_POINT( '', ( -0.0163687653155600, 0.00523880430640700, 0.0153526500901900 ) );
#7011 = VECTOR( '', #7868, 1.00000000000000 );
#7012 = AXIS2_PLACEMENT_3D( '', #7869, #7870, #7871 );
#7013 = CARTESIAN_POINT( '', ( -0.0165560495520900, 0.00523880461603200, 0.0149633663744900 ) );
#7014 = CARTESIAN_POINT( '', ( -0.0165349302427100, 0.00523880461603200, 0.0150074482887700 ) );
#7015 = CARTESIAN_POINT( '', ( -0.0164929086357600, 0.00523880478049100, 0.0150950541703900 ) );
#7016 = CARTESIAN_POINT( '', ( -0.0164304856297600, 0.00523880496626600, 0.0152248227357200 ) );
#7017 = CARTESIAN_POINT( '', ( -0.0163892753458300, 0.00523880430640700, 0.0153102244056800 ) );
#7018 = CARTESIAN_POINT( '', ( -0.0163687653155600, 0.00523880430640700, 0.0153526500901900 ) );
#7019 = CARTESIAN_POINT( '', ( -0.0165560513132300, 0.00523880477033900, 0.0126542311381600 ) );
#7020 = VECTOR( '', #7872, 1.00000000000000 );
#7021 = AXIS2_PLACEMENT_3D( '', #7873, #7874, #7875 );
#7022 = AXIS2_PLACEMENT_3D( '', #7876, #7877, #7878 );
#7023 = CARTESIAN_POINT( '', ( -0.0187834926924700, 0.00457375277032800, -0.00199490953498800 ) );
#7024 = CARTESIAN_POINT( '', ( -0.0187834926924800, 0.00457375277033800, 0.00895423113815600 ) );
#7025 = VECTOR( '', #7879, 1.00000000000000 );
#7026 = CARTESIAN_POINT( '', ( -0.0187834926924800, 0.00457375277033800, -0.00199490953499800 ) );
#7027 = VECTOR( '', #7880, 1.00000000000000 );
#7028 = CARTESIAN_POINT( '', ( -0.0278610887151800, 0.00438880484629300, 0.0153526488888400 ) );
#7029 = CARTESIAN_POINT( '', ( -0.0278652904489500, 0.00447321964760600, 0.0155242311381500 ) );
#7030 = CARTESIAN_POINT( '', ( -0.0278610887151900, 0.00438880484630300, 0.0153526488888500 ) );
#7031 = CARTESIAN_POINT( '', ( -0.0278610887151900, 0.00439824565093000, 0.0153721775110500 ) );
#7032 = CARTESIAN_POINT( '', ( -0.0278614019755500, 0.00441706834636200, 0.0154109247924200 ) );
#7033 = CARTESIAN_POINT( '', ( -0.0278628077996900, 0.00444522330390400, 0.0154681224113400 ) );
#7034 = CARTESIAN_POINT( '', ( -0.0278643583884200, 0.00446389223531700, 0.0155056378970800 ) );
#7035 = CARTESIAN_POINT( '', ( -0.0278652892037900, 0.00447321875377500, 0.0155242311381600 ) );
#7036 = AXIS2_PLACEMENT_3D( '', #7881, #7882, #7883 );
#7037 = CARTESIAN_POINT( '', ( -0.0278610883731000, 0.00438880477032900, 0.0126542311381500 ) );
#7038 = AXIS2_PLACEMENT_3D( '', #7884, #7885, #7886 );
#7039 = CARTESIAN_POINT( '', ( -0.0278610883731100, 0.00438880477033900, 0.0126542311381600 ) );
#7040 = VECTOR( '', #7887, 1.00000000000000 );
#7041 = AXIS2_PLACEMENT_3D( '', #7888, #7889, #7890 );
#7042 = CARTESIAN_POINT( '', ( -0.0151987654185000, 0.00626147377032900, 0.0115942311381500 ) );
#7043 = CARTESIAN_POINT( '', ( -0.0167987654185100, 0.00626147377033900, 0.0115942311381600 ) );
#7044 = VECTOR( '', #7891, 1.00000000000000 );
#7045 = AXIS2_PLACEMENT_3D( '', #7892, #7893, #7894 );
#7046 = CARTESIAN_POINT( '', ( -0.0155187657077900, 0.00696671662008200, 0.0148575904508600 ) );
#7047 = CARTESIAN_POINT( '', ( -0.0155187657077900, 0.00693978685923800, 0.0149139052119000 ) );
#7048 = CARTESIAN_POINT( '', ( -0.0155187653351300, 0.00688627677453500, 0.0150256517961000 ) );
#7049 = CARTESIAN_POINT( '', ( -0.0155187652764000, 0.00680698248884900, 0.0151906852934300 ) );
#7050 = CARTESIAN_POINT( '', ( -0.0155187658056800, 0.00675476453675800, 0.0152989528006000 ) );
#7051 = CARTESIAN_POINT( '', ( -0.0155187658056800, 0.00672880468445300, 0.0153526516273800 ) );
#7052 = CARTESIAN_POINT( '', ( -0.0182024241495200, 0.00122681277033800, 0.00895423113815600 ) );
#7053 = VECTOR( '', #7895, 1.00000000000000 );
#7054 = CARTESIAN_POINT( '', ( -0.0260480813096000, 0.00403380477032900, 0.00731017566271700 ) );
#7055 = CARTESIAN_POINT( '', ( -0.0260284529589909, 0.00403314680617928, 0.00729059322119705 ) );
#7056 = CARTESIAN_POINT( '', ( -0.0259918508740220, 0.00403191986356989, 0.00725407674547853 ) );
#7057 = CARTESIAN_POINT( '', ( -0.0259412520955402, 0.00402296720833784, 0.00720363784124052 ) );
#7058 = CARTESIAN_POINT( '', ( -0.0258991455699593, 0.00401169099598229, 0.00716138677895598 ) );
#7059 = CARTESIAN_POINT( '', ( -0.0258417338362056, 0.00399103843192038, 0.00710370341908530 ) );
#7060 = CARTESIAN_POINT( '', ( -0.0257714921921625, 0.00395581282988835, 0.00703373959816929 ) );
#7061 = CARTESIAN_POINT( '', ( -0.0257188360168237, 0.00390897861833106, 0.00698097870957497 ) );
#7062 = CARTESIAN_POINT( '', ( -0.0256945279190032, 0.00388735816092878, 0.00695662227212400 ) );
#7063 = CARTESIAN_POINT( '', ( -0.0256945279190000, 0.00617084519455100, 0.00695662227212400 ) );
#7064 = VECTOR( '', #7896, 1.00000000000000 );
#7065 = CARTESIAN_POINT( '', ( -0.0275410883731000, 0.00485613577032900, 0.00880318272621600 ) );
#7066 = CARTESIAN_POINT( '', ( -0.0275410883731085, 0.00626147377033900, 0.00880318272622750 ) );
#7067 = CARTESIAN_POINT( '', ( -0.0276754305910629, 0.00626147377033900, 0.00893752494418188 ) );
#7068 = CARTESIAN_POINT( '', ( -0.0277997371145810, 0.00621213818605808, 0.00906183146769995 ) );
#7069 = CARTESIAN_POINT( '', ( -0.0279349177992535, 0.00615848679373319, 0.00919701215237246 ) );
#7070 = CARTESIAN_POINT( '', ( -0.0280379503879364, 0.00605566678516807, 0.00930004474105537 ) );
#7071 = CARTESIAN_POINT( '', ( -0.0281403360238338, 0.00595349239457484, 0.00940243037695279 ) );
#7072 = CARTESIAN_POINT( '', ( -0.0281944217888233, 0.00581745351181153, 0.00945651614194226 ) );
#7073 = CARTESIAN_POINT( '', ( -0.0282436603815591, 0.00569360644880092, 0.00950575473467815 ) );
#7074 = CARTESIAN_POINT( '', ( -0.0282437573731052, 0.00555880477033883, 0.00950585172622416 ) );
#7075 = CARTESIAN_POINT( '', ( -0.0282438536272796, 0.00542502791245424, 0.00950594798039856 ) );
#7076 = CARTESIAN_POINT( '', ( -0.0281944217888233, 0.00530015602886547, 0.00945651614194226 ) );
#7077 = CARTESIAN_POINT( '', ( -0.0281408863889134, 0.00516491796299150, 0.00940298074203239 ) );
#7078 = CARTESIAN_POINT( '', ( -0.0280379503879364, 0.00506194275550893, 0.00930004474105537 ) );
#7079 = CARTESIAN_POINT( '', ( -0.0279356386043637, 0.00495959200318415, 0.00919773295748274 ) );
#7080 = CARTESIAN_POINT( '', ( -0.0277997371145810, 0.00490547135461917, 0.00906183146769995 ) );
#7081 = CARTESIAN_POINT( '', ( -0.0276758513227297, 0.00485613577033900, 0.00893794567584866 ) );
#7082 = CARTESIAN_POINT( '', ( -0.0275410883731085, 0.00485613577033900, 0.00880318272622750 ) );
#7083 = CARTESIAN_POINT( '', ( -0.0259480813096000, 0.00485613577033900, 0.00721017566271700 ) );
#7084 = VECTOR( '', #7897, 1.00000000000000 );
#7085 = CARTESIAN_POINT( '', ( -0.0275410883731000, 0.00485613577032900, 0.0115942311381500 ) );
#7086 = CARTESIAN_POINT( '', ( -0.0275410883731100, 0.00485613577033900, 0.0115942311381600 ) );
#7087 = VECTOR( '', #7898, 1.00000000000000 );
#7088 = AXIS2_PLACEMENT_3D( '', #7899, #7900, #7901 );
#7089 = CARTESIAN_POINT( '', ( -0.0151987654185100, 0.00626147377033900, 0.0115942311381600 ) );
#7090 = VECTOR( '', #7902, 1.00000000000000 );
#7091 = CARTESIAN_POINT( '', ( -0.0215354230530100, 0.00539580477033800, 0.00208051888376800 ) );
#7092 = VECTOR( '', #7903, 1.00000000000000 );
#7093 = CARTESIAN_POINT( '', ( -0.0209114230530000, 0.00579580477032800, 0.00248051888375800 ) );
#7094 = CARTESIAN_POINT( '', ( -0.0208407123748908, 0.00576651544845616, 0.00245122956188700 ) );
#7095 = CARTESIAN_POINT( '', ( -0.0208455063102966, 0.00577082934286551, 0.00245557966729973 ) );
#7096 = CARTESIAN_POINT( '', ( -0.0208543713933203, 0.00577880672029280, 0.00246362400715437 ) );
#7097 = CARTESIAN_POINT( '', ( -0.0208713013302311, 0.00578797726115803, 0.00247318667166622 ) );
#7098 = CARTESIAN_POINT( '', ( -0.0208902801674799, 0.00579449929564042, 0.00247939011329484 ) );
#7099 = CARTESIAN_POINT( '', ( -0.0209043715682739, 0.00579536937399481, 0.00248014242106849 ) );
#7100 = CARTESIAN_POINT( '', ( -0.0209114230530100, 0.00579580477032800, 0.00248051888376800 ) );
#7101 = CARTESIAN_POINT( '', ( -0.0209114230530100, 0.00579580477033800, 0.00248051888376800 ) );
#7102 = VECTOR( '', #7904, 1.00000000000000 );
#7103 = CARTESIAN_POINT( '', ( -0.0187834926924700, 0.00551497677032800, -0.00199490953498800 ) );
#7104 = CARTESIAN_POINT( '', ( -0.0186313110917400, 0.00551497677033800, -0.00214576886186300 ) );
#7105 = VECTOR( '', #7905, 1.00000000000000 );
#7106 = CARTESIAN_POINT( '', ( -0.0187834926924800, 0.00551497677033800, -0.00199490953499800 ) );
#7107 = VECTOR( '', #7906, 1.00000000000000 );
#7108 = CARTESIAN_POINT( '', ( -0.0187834926924800, 0.00551497677033800, -0.00199490953499800 ) );
#7109 = VECTOR( '', #7907, 1.00000000000000 );
#7110 = CARTESIAN_POINT( '', ( -0.0182024240458400, 0.00551497677033800, 0.00895423113815600 ) );
#7111 = VECTOR( '', #7908, 1.00000000000000 );
#7112 = CARTESIAN_POINT( '', ( -0.0187834926924700, 0.00692681277032800, -0.00199490953498800 ) );
#7113 = CARTESIAN_POINT( '', ( -0.0187834926924800, 0.00692681277033800, 0.00895423113815600 ) );
#7114 = VECTOR( '', #7909, 1.00000000000000 );
#7115 = CARTESIAN_POINT( '', ( -0.0187834926924700, 0.00759975218915900, -0.00199490953498800 ) );
#7116 = CARTESIAN_POINT( '', ( -0.0187834926924800, 0.00759975218916900, 0.00895423113815600 ) );
#7117 = VECTOR( '', #7910, 1.00000000000000 );
#7118 = CARTESIAN_POINT( '', ( -0.0187834926924800, 0.00759975218916900, -0.00199490953499800 ) );
#7119 = VECTOR( '', #7911, 1.00000000000000 );
#7120 = CARTESIAN_POINT( '', ( -0.0239633534135400, 0.00759975218916900, -0.00199490953499800 ) );
#7121 = VECTOR( '', #7912, 1.00000000000000 );
#7122 = CARTESIAN_POINT( '', ( -0.0186313110917400, 0.00775193378991300, -0.00214576886186300 ) );
#7123 = VECTOR( '', #7913, 1.00000000000000 );
#7124 = CARTESIAN_POINT( '', ( -0.0187834926924800, 0.00692681277033800, -0.00199490953499800 ) );
#7125 = VECTOR( '', #7914, 1.00000000000000 );
#7126 = CARTESIAN_POINT( '', ( -0.0182024240458400, 0.00692681277033800, -0.00214576886186300 ) );
#7127 = VECTOR( '', #7915, 1.00000000000000 );
#7128 = CARTESIAN_POINT( '', ( -0.0241155350142900, 0.00122681277033800, -0.00214576886186300 ) );
#7129 = VECTOR( '', #7916, 1.00000000000000 );
#7130 = CARTESIAN_POINT( '', ( -0.0264555032503700, 0.00523460269447700, 0.0155242311381500 ) );
#7131 = CARTESIAN_POINT( '', ( -0.0264555144827600, 0.00588300844961400, 0.0155242311381500 ) );
#7132 = AXIS2_PLACEMENT_3D( '', #7917, #7918, #7919 );
#7133 = CARTESIAN_POINT( '', ( -0.0272168862972400, 0.00664438989305100, 0.0155242311381500 ) );
#7134 = AXIS2_PLACEMENT_3D( '', #7920, #7921, #7922 );
#7135 = CARTESIAN_POINT( '', ( -0.0278652904489500, 0.00664438989305100, 0.0155242311381500 ) );
#7136 = AXIS2_PLACEMENT_3D( '', #7923, #7924, #7925 );
#7137 = AXIS2_PLACEMENT_3D( '', #7926, #7927, #7928 );
#7138 = CARTESIAN_POINT( '', ( -0.0272168876065100, 0.00447321748286400, 0.0155242311381500 ) );
#7139 = AXIS2_PLACEMENT_3D( '', #7929, #7930, #7931 );
#7140 = AXIS2_PLACEMENT_3D( '', #7932, #7933, #7934 );
#7141 = CARTESIAN_POINT( '', ( -0.0218354230530000, 0.00579580477032800, 0.0126542311381500 ) );
#7142 = CARTESIAN_POINT( '', ( -0.0218354230530100, 0.00579580477033800, 0.0160342311381600 ) );
#7143 = VECTOR( '', #7935, 1.00000000000000 );
#7144 = AXIS2_PLACEMENT_3D( '', #7936, #7937, #7938 );
#7145 = AXIS2_PLACEMENT_3D( '', #7939, #7940, #7941 );
#7146 = AXIS2_PLACEMENT_3D( '', #7942, #7943, #7944 );
#7147 = CARTESIAN_POINT( '', ( -0.0218379910530000, 9.58047703284300E-05, 0.0126542311381500 ) );
#7148 = CARTESIAN_POINT( '', ( -0.0209139910530100, 9.58047703384300E-05, 0.0126542311381600 ) );
#7149 = VECTOR( '', #7945, 1.00000000000000 );
#7150 = CARTESIAN_POINT( '', ( -0.0218379910530100, 9.58047703384300E-05, 0.0160342311381600 ) );
#7151 = VECTOR( '', #7946, 1.00000000000000 );
#7152 = CARTESIAN_POINT( '', ( -0.0219379910530000, -4.19522967156800E-06, 0.0126542311381500 ) );
#7153 = AXIS2_PLACEMENT_3D( '', #7947, #7948, #7949 );
#7154 = CARTESIAN_POINT( '', ( -0.0219379910530000, -4.19522967156700E-06, 0.0160342311381500 ) );
#7155 = CARTESIAN_POINT( '', ( -0.0219379910530100, -4.19522968156800E-06, 0.0126542311381600 ) );
#7156 = VECTOR( '', #7950, 1.00000000000000 );
#7157 = CARTESIAN_POINT( '', ( -0.0219087017311200, 6.65154484570600E-05, 0.0160635204600300 ) );
#7158 = CARTESIAN_POINT( '', ( -0.0219379910530000, 3.72261265797192E-05, 0.0160342311381500 ) );
#7159 = CARTESIAN_POINT( '', ( -0.0219379910530000, -4.19522968156697E-06, 0.0160342311381500 ) );
#7160 = CARTESIAN_POINT( '', ( -0.0219379910530100, -0.000928195229681600, 0.0160342311381600 ) );
#7161 = VECTOR( '', #7951, 1.00000000000000 );
#7162 = CARTESIAN_POINT( '', ( -0.0219379910530100, -4.19522968156800E-06, 0.0126542311381600 ) );
#7163 = VECTOR( '', #7952, 1.00000000000000 );
#7164 = CARTESIAN_POINT( '', ( -0.0148787654192400, 0.00415088964911200, 0.0126542311381600 ) );
#7165 = VECTOR( '', #7953, 1.00000000000000 );
#7166 = CARTESIAN_POINT( '', ( -0.0215379910530100, -0.000628195229681500, 0.0164342311381600 ) );
#7167 = VECTOR( '', #7954, 1.00000000000000 );
#7168 = CARTESIAN_POINT( '', ( -0.0202234233640400, 0.00869966531251678, -0.00214514128425401 ) );
#7169 = CARTESIAN_POINT( '', ( -0.0202234233640400, 0.0102502260657437, 0.000458527060779253 ) );
#7170 = CARTESIAN_POINT( '', ( -0.0278610887602700, 0.00672880468444300, 0.0153526516273700 ) );
#7171 = CARTESIAN_POINT( '', ( -0.0278610883731000, 0.00672880477032900, 0.0126542311381500 ) );
#7172 = CARTESIAN_POINT( '', ( -0.0278610887602800, 0.00672880468445300, 0.0153526516273800 ) );
#7173 = VECTOR( '', #7955, 1.00000000000000 );
#7174 = CARTESIAN_POINT( '', ( -0.0278610886623900, 0.00696671662008200, 0.0148575904508600 ) );
#7175 = CARTESIAN_POINT( '', ( -0.0278610886623900, 0.00693978685923800, 0.0149139052119000 ) );
#7176 = CARTESIAN_POINT( '', ( -0.0278610882897300, 0.00688627677453500, 0.0150256517961000 ) );
#7177 = CARTESIAN_POINT( '', ( -0.0278610882310000, 0.00680698248884900, 0.0151906852934300 ) );
#7178 = CARTESIAN_POINT( '', ( -0.0278610887602800, 0.00675476453675800, 0.0152989528006000 ) );
#7179 = CARTESIAN_POINT( '', ( -0.0278610887602800, 0.00672880468445300, 0.0153526516273800 ) );
#7180 = CARTESIAN_POINT( '', ( -0.0278610883731100, 0.00696671989562100, 0.0126542311381600 ) );
#7181 = VECTOR( '', #7956, 1.00000000000000 );
#7182 = CARTESIAN_POINT( '', ( -0.0278652891396900, 0.00664439205780200, 0.0155242311381600 ) );
#7183 = CARTESIAN_POINT( '', ( -0.0278643584072100, 0.00665371817755400, 0.0155056386668500 ) );
#7184 = CARTESIAN_POINT( '', ( -0.0278628074630200, 0.00667239021281100, 0.0154681240659100 ) );
#7185 = CARTESIAN_POINT( '', ( -0.0278614018702100, 0.00670054485249900, 0.0154109272636100 ) );
#7186 = CARTESIAN_POINT( '', ( -0.0278610887602800, 0.00671936548916100, 0.0153721769200100 ) );
#7187 = CARTESIAN_POINT( '', ( -0.0278610887602800, 0.00672880468445300, 0.0153526516273800 ) );
#7188 = AXIS2_PLACEMENT_3D( '', #7957, #7958, #7959 );
#7189 = CARTESIAN_POINT( '', ( -0.0209114230530100, 0.00579580477033800, 0.00248051888376800 ) );
#7190 = VECTOR( '', #7960, 1.00000000000000 );
#7191 = CARTESIAN_POINT( '', ( -0.0209114230530100, 0.00579580477033800, 0.0126542311381600 ) );
#7192 = VECTOR( '', #7961, 1.00000000000000 );
#7193 = CARTESIAN_POINT( '', ( -0.0278610883731100, 0.00415088964505600, 0.0126542311381600 ) );
#7194 = VECTOR( '', #7962, 1.00000000000000 );
#7195 = CARTESIAN_POINT( '', ( -0.0155187654185100, 0.00696671989562200, 0.0126542311381600 ) );
#7196 = VECTOR( '', #7963, 1.00000000000000 );
#7197 = CARTESIAN_POINT( '', ( -0.0176995430607600, -0.00378415080501500, 0.0126542311381600 ) );
#7198 = VECTOR( '', #7964, 1.00000000000000 );
#7199 = CARTESIAN_POINT( '', ( -0.0166987654185000, 0.00403380477032900, 0.0126542311381500 ) );
#7200 = AXIS2_PLACEMENT_3D( '', #7965, #7966, #7967 );
#7201 = CARTESIAN_POINT( '', ( -0.0151987654185100, 0.00403380477033900, 0.0126542311381600 ) );
#7202 = VECTOR( '', #7968, 1.00000000000000 );
#7203 = AXIS2_PLACEMENT_3D( '', #7969, #7970, #7971 );
#7204 = AXIS2_PLACEMENT_3D( '', #7972, #7973, #7974 );
#7205 = CARTESIAN_POINT( '', ( -0.0263710883731000, 0.00587880477032900, 0.0126542311381500 ) );
#7206 = AXIS2_PLACEMENT_3D( '', #7975, #7976, #7977 );
#7207 = CARTESIAN_POINT( '', ( -0.0263710883731100, 0.00587880477033900, 0.0126542311381600 ) );
#7208 = VECTOR( '', #7978, 1.00000000000000 );
#7209 = AXIS2_PLACEMENT_3D( '', #7979, #7980, #7981 );
#7210 = AXIS2_PLACEMENT_3D( '', #7982, #7983, #7984 );
#7211 = CARTESIAN_POINT( '', ( -0.0208139910530100, -0.000928195229681600, 0.0126542311381600 ) );
#7212 = VECTOR( '', #7985, 1.00000000000000 );
#7213 = CARTESIAN_POINT( '', ( -0.0272210880310200, 0.00672880469437400, 0.0153526488888500 ) );
#7214 = CARTESIAN_POINT( '', ( -0.0272210880310200, 0.00671936388974800, 0.0153721775110500 ) );
#7215 = CARTESIAN_POINT( '', ( -0.0272207747706600, 0.00670054119431600, 0.0154109247924200 ) );
#7216 = CARTESIAN_POINT( '', ( -0.0272193689465200, 0.00667238623677600, 0.0154681224113400 ) );
#7217 = CARTESIAN_POINT( '', ( -0.0272178183577900, 0.00665371730536100, 0.0155056378970800 ) );
#7218 = CARTESIAN_POINT( '', ( -0.0272168875424200, 0.00664439078690200, 0.0155242311381600 ) );
#7219 = CARTESIAN_POINT( '', ( -0.0272168876065200, 0.00447321748287400, 0.0155242311381600 ) );
#7220 = CARTESIAN_POINT( '', ( -0.0272178183390000, 0.00446389136312200, 0.0155056386668500 ) );
#7221 = CARTESIAN_POINT( '', ( -0.0272193692831900, 0.00444521932786500, 0.0154681240659100 ) );
#7222 = CARTESIAN_POINT( '', ( -0.0272207748760100, 0.00441706468817800, 0.0154109272636200 ) );
#7223 = CARTESIAN_POINT( '', ( -0.0272210879859400, 0.00439824405151600, 0.0153721769200000 ) );
#7224 = CARTESIAN_POINT( '', ( -0.0272210879859400, 0.00438880485622500, 0.0153526516273800 ) );
#7225 = CARTESIAN_POINT( '', ( -0.0278610886616200, 0.00415089291172400, 0.0148575904324100 ) );
#7226 = CARTESIAN_POINT( '', ( -0.0278610886616200, 0.00417722338792700, 0.0149126519862800 ) );
#7227 = CARTESIAN_POINT( '', ( -0.0278610882840800, 0.00422991813383100, 0.0150227350871100 ) );
#7228 = CARTESIAN_POINT( '', ( -0.0278610882519300, 0.00430923442564900, 0.0151877597251400 ) );
#7229 = CARTESIAN_POINT( '', ( -0.0278610887151900, 0.00436224040305600, 0.0152976994436800 ) );
#7230 = CARTESIAN_POINT( '', ( -0.0278610887151900, 0.00438880484630300, 0.0153526488888500 ) );
#7231 = CARTESIAN_POINT( '', ( -0.0137427678223600, 0.00579480477034100, 0.0147907274767800 ) );
#7232 = VECTOR( '', #7986, 1.00000000000000 );
#7233 = CARTESIAN_POINT( '', ( -0.0215379910530100, -0.000304195229681500, 0.00208051888376900 ) );
#7234 = VECTOR( '', #7987, 1.00000000000000 );
#7235 = CARTESIAN_POINT( '', ( -0.0212139910530100, -0.000628195229681600, 0.00208051888376900 ) );
#7236 = VECTOR( '', #7988, 1.00000000000000 );
#7237 = CARTESIAN_POINT( '', ( -0.0263710884661300, 0.00523880435149000, 0.0153526473514600 ) );
#7238 = CARTESIAN_POINT( '', ( -0.0263805292708800, 0.00523880435149000, 0.0153721759728700 ) );
#7239 = CARTESIAN_POINT( '', ( -0.0263993519406600, 0.00523849120364800, 0.0154109255105000 ) );
#7240 = CARTESIAN_POINT( '', ( -0.0264275069093400, 0.00523708533381300, 0.0154681222060800 ) );
#7241 = CARTESIAN_POINT( '', ( -0.0264461758385000, 0.00523553475432200, 0.0155056378969100 ) );
#7242 = CARTESIAN_POINT( '', ( -0.0264555023570600, 0.00523460393893200, 0.0155242311381600 ) );
#7243 = CARTESIAN_POINT( '', ( -0.0255350813096000, -0.000473011200924000, -0.000814847694474200 ) );
#7244 = VECTOR( '', #7989, 1.00000000000000 );
#7245 = CARTESIAN_POINT( '', ( -0.0166987654185100, 0.00403380477033900, 0.00726923113815600 ) );
#7246 = VECTOR( '', #7990, 1.00000000000000 );
#7247 = CARTESIAN_POINT( '', ( -0.0263710884760400, 0.00587880523426000, 0.0153526500902900 ) );
#7248 = CARTESIAN_POINT( '', ( -0.0263710884760500, 0.00587880523427000, 0.0153526500903000 ) );
#7249 = VECTOR( '', #7991, 1.00000000000000 );
#7250 = CARTESIAN_POINT( '', ( -0.0263710884760500, 0.00587880523427000, 0.0153526500903000 ) );
#7251 = CARTESIAN_POINT( '', ( -0.0263501961415400, 0.00587880523427000, 0.0153094335966500 ) );
#7252 = CARTESIAN_POINT( '', ( -0.0263084854918000, 0.00587880457437600, 0.0152229729847300 ) );
#7253 = CARTESIAN_POINT( '', ( -0.0262460509814500, 0.00587880476031100, 0.0150932099149800 ) );
#7254 = CARTESIAN_POINT( '', ( -0.0262045440242900, 0.00587880492437800, 0.0150066561146600 ) );
#7255 = CARTESIAN_POINT( '', ( -0.0261838042364900, 0.00587880492437800, 0.0149633663681800 ) );
#7256 = CARTESIAN_POINT( '', ( -0.0264555144827700, 0.00588300844962400, 0.0155242311381600 ) );
#7257 = CARTESIAN_POINT( '', ( -0.0264461883629200, 0.00588207771713100, 0.0155056386666800 ) );
#7258 = CARTESIAN_POINT( '', ( -0.0264274966815500, 0.00588052251126800, 0.0154681238607000 ) );
#7259 = CARTESIAN_POINT( '', ( -0.0263993500687000, 0.00587911861995300, 0.0154109279815600 ) );
#7260 = CARTESIAN_POINT( '', ( -0.0263805276714600, 0.00587880523427000, 0.0153721753821300 ) );
#7261 = CARTESIAN_POINT( '', ( -0.0263710884760500, 0.00587880523427000, 0.0153526500903000 ) );
#7262 = CARTESIAN_POINT( '', ( -0.0275410883731100, 0.00485613577033900, 0.0115942311381600 ) );
#7263 = VECTOR( '', #7992, 1.00000000000000 );
#7264 = DIRECTION( '', ( 0.577350269189626, 0.577350269189626, 0.577350269189626 ) );
#7265 = DIRECTION( '', ( 0.000000000000000, 1.00000000000000, 0.000000000000000 ) );
#7266 = DIRECTION( '', ( 0.577350269189626, -0.577350269189626, 0.577350269189626 ) );
#7267 = DIRECTION( '', ( 0.000000000000000, 1.00000000000000, 0.000000000000000 ) );
#7268 = DIRECTION( '', ( 0.000000000000000, 0.000000000000000, 1.00000000000000 ) );
#7269 = DIRECTION( '', ( 0.000000000000000, 1.00000000000000, 0.000000000000000 ) );
#7270 = DIRECTION( '', ( 0.000000000000000, 0.000000000000000, -1.00000000000000 ) );
#7271 = DIRECTION( '', ( 0.000000000000000, 1.00000000000000, -0.000000000000000 ) );
#7272 = DIRECTION( '', ( 0.000000000000000, 0.000000000000000, 1.00000000000000 ) );
#7273 = DIRECTION( '', ( 0.000000000000000, 1.00000000000000, 0.000000000000000 ) );
#7274 = DIRECTION( '', ( 0.000000000000000, 0.000000000000000, -1.00000000000000 ) );
#7275 = DIRECTION( '', ( 0.000000000000000, -1.00000000000000, 0.000000000000000 ) );
#7276 = DIRECTION( '', ( 0.000000000000000, 0.000000000000000, -1.00000000000000 ) );
#7277 = CARTESIAN_POINT( '', ( -0.0167987654185100, 0.00525613577033900, 0.0115942311381600 ) );
#7278 = DIRECTION( '', ( -0.000000000000000, -0.000000000000000, -1.00000000000000 ) );
#7279 = DIRECTION( '', ( 0.000000000000000, -1.00000000000000, 0.000000000000000 ) );
#7280 = DIRECTION( '', ( 0.707106781186548, 0.000000000000000, 0.707106781186548 ) );
#7281 = DIRECTION( '', ( 0.000000000000000, -1.00000000000000, 0.000000000000000 ) );
#7282 = DIRECTION( '', ( -0.707106781186548, 0.000000000000000, -0.707106781186548 ) );
#7283 = DIRECTION( '', ( 0.707106781186548, 0.000000000000000, 0.707106781186548 ) );
#7284 = DIRECTION( '', ( 0.000000000000000, -1.00000000000000, 0.000000000000000 ) );
#7285 = DIRECTION( '', ( -0.707106781186548, 0.000000000000000, -0.707106781186548 ) );
#7286 = DIRECTION( '', ( 0.000000000000000, 0.000000000000000, 1.00000000000000 ) );
#7287 = CARTESIAN_POINT( '', ( -0.0167987654185100, 0.00586147377033900, 0.0115942311381600 ) );
#7288 = DIRECTION( '', ( 0.000000000000000, 0.000000000000000, -1.00000000000000 ) );
#7289 = DIRECTION( '', ( -1.00000000000000, 0.000000000000000, 0.000000000000000 ) );
#7290 = CARTESIAN_POINT( '', ( -0.0176995430607500, -0.00328415080500500, 0.0126542311381600 ) );
#7291 = DIRECTION( '', ( 0.000000000000000, -0.000000000000000, 1.00000000000000 ) );
#7292 = DIRECTION( '', ( 1.00000000000000, 0.000000000000000, 0.000000000000000 ) );
#7293 = DIRECTION( '', ( 0.000000000000000, 0.000000000000000, -1.00000000000000 ) );
#7294 = CARTESIAN_POINT( '', ( -0.0176995430607500, -0.00328415080500500, -0.00214576886186300 ) );
#7295 = DIRECTION( '', ( 0.000000000000000, -0.000000000000000, 1.00000000000000 ) );
#7296 = DIRECTION( '', ( 1.00000000000000, 0.000000000000000, 0.000000000000000 ) );
#7297 = DIRECTION( '', ( 0.000000000000000, 0.000000000000000, -1.00000000000000 ) );
#7298 = CARTESIAN_POINT( '', ( -0.0261838024783900, 0.00577880477033900, 0.0126542311381600 ) );
#7299 = DIRECTION( '', ( 0.000000000000000, 0.000000000000000, -1.00000000000000 ) );
#7300 = DIRECTION( '', ( 0.000000000000000, 1.00000000000000, 0.000000000000000 ) );
#7301 = DIRECTION( '', ( 0.000000000000000, 0.000000000000000, 0.999999999999708 ) );
#7302 = DIRECTION( '', ( 0.000000000000000, 0.000000000000000, -0.999999999999708 ) );
#7303 = CARTESIAN_POINT( '', ( -0.0261838024783900, 0.00533880477033900, 0.0126542311381600 ) );
#7304 = DIRECTION( '', ( 0.000000000000000, -0.000000000000000, -1.00000000000000 ) );
#7305 = DIRECTION( '', ( 0.987117014327286, -0.160000000079949, 0.000000000000000 ) );
#7306 = DIRECTION( '', ( 0.000000000000000, 0.000000000000000, -1.00000000000000 ) );
#7307 = DIRECTION( '', ( 0.707106781186598, 0.000000000000000, -0.707106781186498 ) );
#7308 = DIRECTION( '', ( 0.000000000000000, 0.000000000000000, -1.00000000000000 ) );
#7309 = DIRECTION( '', ( 1.00000000000000, 0.000000000000000, 0.000000000000000 ) );
#7310 = DIRECTION( '', ( 0.000000000000000, 0.000000000000000, 1.00000000000000 ) );
#7311 = DIRECTION( '', ( 0.000000000000000, 0.000000000000000, 0.999999999999987 ) );
#7312 = DIRECTION( '', ( -1.00000000000000, 0.000000000000000, 0.000000000000000 ) );
#7313 = DIRECTION( '', ( 0.000000000000000, 0.000000000000000, -0.999999999999708 ) );
#7314 = DIRECTION( '', ( 0.000000000000000, 0.000000000000000, 1.00000000000000 ) );
#7315 = DIRECTION( '', ( 0.000000000000000, -0.999999999999997, 0.000000000000000 ) );
#7316 = DIRECTION( '', ( 0.000000000000000, 0.000000000000000, 1.00000000000000 ) );
#7317 = DIRECTION( '', ( 0.000000000000000, -0.999999999999997, 0.000000000000000 ) );
#7318 = DIRECTION( '', ( 1.00000000000000, 0.000000000000000, 0.000000000000000 ) );
#7319 = DIRECTION( '', ( -0.000000000000000, 0.000000000000000, -1.00000000000000 ) );
#7320 = DIRECTION( '', ( 1.00000000000000, 0.000000000000000, 0.000000000000000 ) );
#7321 = DIRECTION( '', ( 1.00000000000000, 0.000000000000000, 0.000000000000000 ) );
#7322 = CARTESIAN_POINT( '', ( -0.0250480813096000, 0.00820022612654600, -0.00214576886186300 ) );
#7323 = DIRECTION( '', ( -0.000000000000000, 0.000000000000000, -1.00000000000000 ) );
#7324 = DIRECTION( '', ( -1.00000000000000, 0.000000000000000, 0.000000000000000 ) );
#7325 = CARTESIAN_POINT( '', ( -0.0176995430607500, 0.00820022612653600, -0.00214576886186300 ) );
#7326 = DIRECTION( '', ( 0.000000000000000, 0.000000000000000, -1.00000000000000 ) );
#7327 = DIRECTION( '', ( -1.00000000000000, 0.000000000000000, 0.000000000000000 ) );
#7328 = DIRECTION( '', ( 1.00000000000000, 0.000000000000000, 0.000000000000000 ) );
#7329 = CARTESIAN_POINT( '', ( -0.0250480813096000, -0.00328415080501500, -0.00214576886186300 ) );
#7330 = DIRECTION( '', ( -0.000000000000000, -0.000000000000000, -1.00000000000000 ) );
#7331 = DIRECTION( '', ( 0.000000000000000, -1.00000000000000, 0.000000000000000 ) );
#7332 = DIRECTION( '', ( 0.000000000000000, -1.00000000000000, 0.000000000000000 ) );
#7333 = DIRECTION( '', ( 1.00000000000000, 0.000000000000000, 0.000000000000000 ) );
#7334 = DIRECTION( '', ( 0.000000000000000, 1.00000000000000, 0.000000000000000 ) );
#7335 = DIRECTION( '', ( 1.00000000000000, 0.000000000000000, 0.000000000000000 ) );
#7336 = DIRECTION( '', ( 0.000000000000000, 0.999999999999997, 0.000000000000000 ) );
#7337 = DIRECTION( '', ( -1.00000000000000, 0.000000000000000, 0.000000000000000 ) );
#7338 = DIRECTION( '', ( 0.000000000000000, 1.00000000000000, 0.000000000000000 ) );
#7339 = DIRECTION( '', ( 1.00000000000000, 0.000000000000000, 0.000000000000000 ) );
#7340 = DIRECTION( '', ( 0.000000000000000, 1.00000000000000, 0.000000000000000 ) );
#7341 = DIRECTION( '', ( -1.00000000000000, 0.000000000000000, 0.000000000000000 ) );
#7342 = DIRECTION( '', ( 0.000000000000000, 1.00000000000000, 0.000000000000000 ) );
#7343 = DIRECTION( '', ( -1.00000000000000, 0.000000000000000, 0.000000000000000 ) );
#7344 = DIRECTION( '', ( 0.000000000000000, 1.00000000000000, 0.000000000000000 ) );
#7345 = DIRECTION( '', ( -1.00000000000000, 0.000000000000000, 0.000000000000000 ) );
#7346 = DIRECTION( '', ( 0.000000000000000, -0.999999999999997, 0.000000000000000 ) );
#7347 = DIRECTION( '', ( 1.00000000000000, 0.000000000000000, 0.000000000000000 ) );
#7348 = DIRECTION( '', ( 0.000000000000000, 1.00000000000000, 0.000000000000000 ) );
#7349 = DIRECTION( '', ( -1.00000000000000, 0.000000000000000, 0.000000000000000 ) );
#7350 = DIRECTION( '', ( 1.00000000000000, 0.000000000000000, 0.000000000000000 ) );
#7351 = DIRECTION( '', ( 0.000000000000000, 1.00000000000000, 0.000000000000000 ) );
#7352 = DIRECTION( '', ( 0.000000000000000, 1.00000000000000, 0.000000000000000 ) );
#7353 = DIRECTION( '', ( 1.00000000000000, 0.000000000000000, 0.000000000000000 ) );
#7354 = DIRECTION( '', ( 0.000000000000000, -0.999999999999997, 0.000000000000000 ) );
#7355 = DIRECTION( '', ( 1.00000000000000, 0.000000000000000, 0.000000000000000 ) );
#7356 = DIRECTION( '', ( 0.000000000000000, 1.00000000000000, 0.000000000000000 ) );
#7357 = DIRECTION( '', ( 1.00000000000000, 0.000000000000000, 0.000000000000000 ) );
#7358 = DIRECTION( '', ( 0.000000000000000, -1.00000000000000, 0.000000000000000 ) );
#7359 = DIRECTION( '', ( -1.00000000000000, 0.000000000000000, 0.000000000000000 ) );
#7360 = DIRECTION( '', ( 0.000000000000000, -1.00000000000000, 0.000000000000000 ) );
#7361 = DIRECTION( '', ( 1.00000000000000, 0.000000000000000, 0.000000000000000 ) );
#7362 = DIRECTION( '', ( 0.707106781186598, 0.707106781186498, 0.000000000000000 ) );
#7363 = DIRECTION( '', ( 1.00000000000000, 0.000000000000000, 0.000000000000000 ) );
#7364 = DIRECTION( '', ( 0.000000000000000, 1.00000000000000, 0.000000000000000 ) );
#7365 = DIRECTION( '', ( -1.00000000000000, 0.000000000000000, 0.000000000000000 ) );
#7366 = DIRECTION( '', ( 0.000000000000000, 1.00000000000000, 0.000000000000000 ) );
#7367 = DIRECTION( '', ( 1.00000000000000, 0.000000000000000, 0.000000000000000 ) );
#7368 = DIRECTION( '', ( 0.000000000000000, 0.999999999999997, 0.000000000000000 ) );
#7369 = DIRECTION( '', ( -1.00000000000000, 0.000000000000000, 0.000000000000000 ) );
#7370 = DIRECTION( '', ( 0.000000000000000, 1.00000000000000, 0.000000000000000 ) );
#7371 = DIRECTION( '', ( -1.00000000000000, 0.000000000000000, 0.000000000000000 ) );
#7372 = DIRECTION( '', ( -1.00000000000000, 0.000000000000000, 0.000000000000000 ) );
#7373 = DIRECTION( '', ( 0.710185375623074, 0.000000000000000, -0.704014724456181 ) );
#7374 = DIRECTION( '', ( 0.000000000000000, -0.999999999999219, 1.24991407737619E-06 ) );
#7375 = DIRECTION( '', ( 0.000000000000000, 0.000000000000000, 1.00000000000000 ) );
#7376 = DIRECTION( '', ( 0.000000000000000, -1.48258968098870E-06, -0.999999999998892 ) );
#7377 = CARTESIAN_POINT( '', ( -0.0277610883731100, 0.00415088964505600, 0.0126542311381600 ) );
#7378 = DIRECTION( '', ( -0.000000000000000, 0.000000000000000, -1.00000000000000 ) );
#7379 = DIRECTION( '', ( -0.154385964991857, -0.988010614221089, 0.000000000000000 ) );
#7380 = DIRECTION( '', ( 0.000000000000000, 0.000000000000000, -0.999999999999708 ) );
#7381 = CARTESIAN_POINT( '', ( -0.0288983742678200, 0.00577880477033900, 0.0126542311381600 ) );
#7382 = DIRECTION( '', ( 0.000000000000000, 0.000000000000000, -1.00000000000000 ) );
#7383 = DIRECTION( '', ( -0.987117014327336, 0.160000000079641, 0.000000000000000 ) );
#7384 = DIRECTION( '', ( 0.000000000000000, 0.000000000000000, -1.00000000000000 ) );
#7385 = DIRECTION( '', ( 0.000000000000000, 0.000000000000000, 1.00000000000000 ) );
#7386 = DIRECTION( '', ( 0.000000000000000, 0.999999999999997, 0.000000000000000 ) );
#7387 = DIRECTION( '', ( 0.000000000000000, 0.000000000000000, 1.00000000000000 ) );
#7388 = DIRECTION( '', ( 0.000000000000000, 0.000000000000000, -1.00000000000000 ) );
#7389 = DIRECTION( '', ( 0.000000000000000, 2.30795314082269E-06, -0.999999999997313 ) );
#7390 = DIRECTION( '', ( 0.000000000000000, 0.000000000000000, 0.999999999999992 ) );
#7391 = DIRECTION( '', ( 0.000000000000000, -1.00000000000000, 0.000000000000000 ) );
#7392 = DIRECTION( '', ( 0.000000000000000, 0.000000000000000, 1.00000000000000 ) );
#7393 = DIRECTION( '', ( -1.00000000000000, 0.000000000000000, 0.000000000000000 ) );
#7394 = DIRECTION( '', ( 0.000000000000000, 0.000000000000000, -1.00000000000000 ) );
#7395 = DIRECTION( '', ( -1.00000000000000, 0.000000000000000, 0.000000000000000 ) );
#7396 = DIRECTION( '', ( 0.000000000000000, 0.000000000000000, -1.00000000000000 ) );
#7397 = CARTESIAN_POINT( '', ( -0.0273210886000000, 0.00415088982561600, 0.0134342311394700 ) );
#7398 = DIRECTION( '', ( 0.000000000000000, 0.000000000000000, 1.00000000000000 ) );
#7399 = DIRECTION( '', ( 0.154387850309362, -0.988010319620627, 0.000000000000000 ) );
#7400 = DIRECTION( '', ( 0.000000000000000, 2.30994400955161E-06, 0.999999999997309 ) );
#7401 = DIRECTION( '', ( -1.00000000000000, 0.000000000000000, 0.000000000000000 ) );
#7402 = DIRECTION( '', ( -1.00000000000000, 0.000000000000000, 0.000000000000000 ) );
#7403 = DIRECTION( '', ( 0.000000000000000, -0.000000000000000, -1.00000000000000 ) );
#7404 = CARTESIAN_POINT( '', ( -0.0151987654185100, 0.00555880477033900, 0.0155242311381600 ) );
#7405 = DIRECTION( '', ( 0.000000000000000, 0.000000000000000, 1.00000000000000 ) );
#7406 = DIRECTION( '', ( -0.286154507430575, -0.958183488626873, 0.000000000000000 ) );
#7407 = CARTESIAN_POINT( '', ( -0.0151987654185100, 0.00555880477033900, 0.0146835021307500 ) );
#7408 = DIRECTION( '', ( 0.000000000000000, 0.000000000000000, 1.00000000000000 ) );
#7409 = DIRECTION( '', ( -0.154385964917704, -0.988010614232676, 0.000000000000000 ) );
#7410 = CARTESIAN_POINT( '', ( -0.0149787656517700, 0.00696671971751900, 0.0134342311402400 ) );
#7411 = DIRECTION( '', ( 0.000000000000000, 0.000000000000000, 0.999999999999999 ) );
#7412 = DIRECTION( '', ( 0.999999999998192, 1.90109734015396E-06, 0.000000000000000 ) );
#7413 = DIRECTION( '', ( 0.000000000000000, 0.000000000000000, 1.00000000000000 ) );
#7414 = DIRECTION( '', ( 0.000000000000000, 2.30795320384569E-06, -0.999999999997313 ) );
#7415 = DIRECTION( '', ( 0.000000000000000, 0.000000000000000, -1.00000000000000 ) );
#7416 = CARTESIAN_POINT( '', ( -0.0149787656454000, 0.00415088982561600, 0.0134342311394700 ) );
#7417 = DIRECTION( '', ( 0.000000000000000, 0.000000000000000, 1.00000000000000 ) );
#7418 = DIRECTION( '', ( 0.154387850308355, -0.988010319620785, 0.000000000000000 ) );
#7419 = DIRECTION( '', ( 0.000000000000000, 2.30994365699161E-06, 0.999999999997309 ) );
#7420 = CARTESIAN_POINT( '', ( -0.0209139910530100, -0.000928195229681600, 0.0126542311381600 ) );
#7421 = DIRECTION( '', ( 0.000000000000000, 0.000000000000000, -1.00000000000000 ) );
#7422 = DIRECTION( '', ( 1.00000000000000, 0.000000000000000, 0.000000000000000 ) );
#7423 = DIRECTION( '', ( 0.000000000000000, 0.000000000000000, 1.00000000000000 ) );
#7424 = DIRECTION( '', ( 0.000000000000000, 0.000000000000000, -1.00000000000000 ) );
#7425 = DIRECTION( '', ( 0.000000000000000, 1.00000000000000, 0.000000000000000 ) );
#7426 = DIRECTION( '', ( 0.577350269189626, 0.577350269189626, 0.577350269189626 ) );
#7427 = DIRECTION( '', ( 0.000000000000000, 1.00000000000000, 0.000000000000000 ) );
#7428 = DIRECTION( '', ( -0.577350269189626, 0.577350269189626, -0.577350269189626 ) );
#7429 = DIRECTION( '', ( 0.000000000000000, 0.000000000000000, -1.00000000000000 ) );
#7430 = CARTESIAN_POINT( '', ( -0.0209139910530100, -4.19522968156800E-06, 0.00895423113815500 ) );
#7431 = DIRECTION( '', ( 0.000000000000000, 0.000000000000000, 1.00000000000000 ) );
#7432 = DIRECTION( '', ( 1.00000000000000, 0.000000000000000, 0.000000000000000 ) );
#7433 = DIRECTION( '', ( 0.577350269189626, 0.577350269189626, -0.577350269189626 ) );
#7434 = DIRECTION( '', ( 0.000000000000000, -1.00000000000000, 0.000000000000000 ) );
#7435 = DIRECTION( '', ( 0.577350269189626, -0.577350269189626, -0.577350269189626 ) );
#7436 = DIRECTION( '', ( 0.000000000000000, -1.00000000000000, 0.000000000000000 ) );
#7437 = CARTESIAN_POINT( '', ( -0.0218379910530100, -0.000928195229681600, 0.0126542311381600 ) );
#7438 = DIRECTION( '', ( -0.000000000000000, -0.000000000000000, -1.00000000000000 ) );
#7439 = DIRECTION( '', ( 0.000000000000000, -1.00000000000000, 0.000000000000000 ) );
#7440 = DIRECTION( '', ( 0.000000000000000, 0.000000000000000, 1.00000000000000 ) );
#7441 = DIRECTION( '', ( 0.000000000000000, 0.000000000000000, -1.00000000000000 ) );
#7442 = DIRECTION( '', ( 0.000000000000000, -1.00000000000000, 0.000000000000000 ) );
#7443 = DIRECTION( '', ( -0.577350269189626, -0.577350269189626, 0.577350269189626 ) );
#7444 = DIRECTION( '', ( 0.000000000000000, -1.00000000000000, 0.000000000000000 ) );
#7445 = DIRECTION( '', ( 0.577350269189626, -0.577350269189626, -0.577350269189626 ) );
#7446 = DIRECTION( '', ( 0.000000000000000, 0.000000000000000, 1.00000000000000 ) );
#7447 = DIRECTION( '', ( 0.000000000000000, 1.00000000000000, 0.000000000000000 ) );
#7448 = DIRECTION( '', ( 0.000000000000000, 0.000000000000000, 1.00000000000000 ) );
#7449 = DIRECTION( '', ( 0.000000000000000, -0.999999999999997, 0.000000000000000 ) );
#7450 = DIRECTION( '', ( 0.000000000000000, 0.000000000000000, 1.00000000000000 ) );
#7451 = DIRECTION( '', ( 0.000000000000000, 0.600000000008533, -0.799999999993600 ) );
#7452 = DIRECTION( '', ( -1.00000000000000, 0.000000000000000, 0.000000000000000 ) );
#7453 = DIRECTION( '', ( 0.000000000000000, -0.600000000008533, 0.799999999993600 ) );
#7454 = DIRECTION( '', ( -1.00000000000000, 0.000000000000000, 0.000000000000000 ) );
#7455 = DIRECTION( '', ( 0.000000000000000, 0.000000000000000, 1.00000000000000 ) );
#7456 = CARTESIAN_POINT( '', ( -0.0250480813096000, -0.00328415080501500, 0.0126542311381600 ) );
#7457 = DIRECTION( '', ( 0.000000000000000, 0.000000000000000, 1.00000000000000 ) );
#7458 = DIRECTION( '', ( -1.00000000000000, 0.000000000000000, 0.000000000000000 ) );
#7459 = DIRECTION( '', ( 0.000000000000000, 6.92689093376898E-13, -1.00000000000000 ) );
#7460 = DIRECTION( '', ( 0.577350269189626, -0.577350269189626, 0.577350269189626 ) );
#7461 = DIRECTION( '', ( 1.00000000000000, 0.000000000000000, 0.000000000000000 ) );
#7462 = DIRECTION( '', ( 1.00000000000000, 0.000000000000000, 0.000000000000000 ) );
#7463 = DIRECTION( '', ( 0.000000000000000, 0.000000000000000, 1.00000000000000 ) );
#7464 = DIRECTION( '', ( -1.00000000000000, 0.000000000000000, 0.000000000000000 ) );
#7465 = DIRECTION( '', ( 0.000000000000000, 0.000000000000000, -1.00000000000000 ) );
#7466 = DIRECTION( '', ( 1.00000000000000, 0.000000000000000, 0.000000000000000 ) );
#7467 = DIRECTION( '', ( 0.000000000000000, 0.000000000000000, 1.00000000000000 ) );
#7468 = CARTESIAN_POINT( '', ( -0.0209139910530100, -0.000928195229681600, 0.00895423113815500 ) );
#7469 = DIRECTION( '', ( -0.000000000000000, 0.000000000000000, 1.00000000000000 ) );
#7470 = DIRECTION( '', ( 0.000000000000000, -1.00000000000000, 0.000000000000000 ) );
#7471 = DIRECTION( '', ( 0.000000000000000, 0.000000000000000, -1.00000000000000 ) );
#7472 = CARTESIAN_POINT( '', ( -0.0218379910530100, -0.000928195229681600, 0.00895423113815500 ) );
#7473 = DIRECTION( '', ( 0.000000000000000, 0.000000000000000, 1.00000000000000 ) );
#7474 = DIRECTION( '', ( -1.00000000000000, 0.000000000000000, 0.000000000000000 ) );
#7475 = DIRECTION( '', ( -1.00000000000000, 0.000000000000000, 0.000000000000000 ) );
#7476 = DIRECTION( '', ( 1.00000000000000, 0.000000000000000, 0.000000000000000 ) );
#7477 = DIRECTION( '', ( 0.000000000000000, -1.00000000000000, 0.000000000000000 ) );
#7478 = DIRECTION( '', ( 1.00000000000000, 0.000000000000000, 0.000000000000000 ) );
#7479 = DIRECTION( '', ( 0.000000000000000, 1.00000000000000, 0.000000000000000 ) );
#7480 = DIRECTION( '', ( 1.00000000000000, 0.000000000000000, 0.000000000000000 ) );
#7481 = DIRECTION( '', ( -1.00000000000000, 0.000000000000000, 0.000000000000000 ) );
#7482 = DIRECTION( '', ( 0.000000000000000, 0.000000000000000, 1.00000000000000 ) );
#7483 = DIRECTION( '', ( 0.000000000000000, 0.000000000000000, -1.00000000000000 ) );
#7484 = DIRECTION( '', ( 0.000000000000000, 1.00000000000000, 0.000000000000000 ) );
#7485 = DIRECTION( '', ( 0.000000000000000, 0.000000000000000, -1.00000000000000 ) );
#7486 = DIRECTION( '', ( 0.000000000000000, -1.00000000000000, 0.000000000000000 ) );
#7487 = DIRECTION( '', ( 0.000000000000000, 0.000000000000000, 1.00000000000000 ) );
#7488 = DIRECTION( '', ( 0.000000000000000, 0.707106781186548, -0.707106781186548 ) );
#7489 = DIRECTION( '', ( 0.000000000000000, 0.316227766067404, -0.948683298033658 ) );
#7490 = DIRECTION( '', ( 0.000000000000000, -1.00000000000000, 0.000000000000000 ) );
#7491 = DIRECTION( '', ( 0.000000000000000, 0.000000000000000, -1.00000000000000 ) );
#7492 = DIRECTION( '', ( 0.000000000000000, 1.00000000000000, 0.000000000000000 ) );
#7493 = DIRECTION( '', ( 0.000000000000000, 0.000000000000000, 1.00000000000000 ) );
#7494 = DIRECTION( '', ( 0.000000000000000, 1.00000000000000, 0.000000000000000 ) );
#7495 = DIRECTION( '', ( 0.000000000000000, 0.000000000000000, 1.00000000000000 ) );
#7496 = DIRECTION( '', ( 0.000000000000000, -1.00000000000000, 0.000000000000000 ) );
#7497 = DIRECTION( '', ( 0.000000000000000, 0.980580675682871, -0.196116135178432 ) );
#7498 = DIRECTION( '', ( 0.000000000000000, 0.948683298033658, -0.316227766067404 ) );
#7499 = DIRECTION( '', ( 0.000000000000000, 0.894427190987970, -0.447213595523849 ) );
#7500 = DIRECTION( '', ( -1.00000000000000, 0.000000000000000, 0.000000000000000 ) );
#7501 = DIRECTION( '', ( 0.000000000000000, 0.000000000000000, -1.00000000000000 ) );
#7502 = DIRECTION( '', ( -1.00000000000000, 0.000000000000000, 0.000000000000000 ) );
#7503 = DIRECTION( '', ( 0.000000000000000, 0.000000000000000, 0.999999999999987 ) );
#7504 = CARTESIAN_POINT( '', ( -0.0163687654185100, 0.00672880477033900, 0.0155242311381600 ) );
#7505 = DIRECTION( '', ( 0.000000000000000, -0.000000000000000, -1.00000000000000 ) );
#7506 = DIRECTION( '', ( 0.995056381350300, -0.0993116203374307, 0.000000000000000 ) );
#7507 = DIRECTION( '', ( 0.000000000000000, 0.000000000000000, -0.999999999999989 ) );
#7508 = CARTESIAN_POINT( '', ( -0.0163687654185100, 0.00672880477033900, 0.0126542311381600 ) );
#7509 = DIRECTION( '', ( -0.000000000000000, 0.000000000000000, 1.00000000000000 ) );
#7510 = DIRECTION( '', ( 0.000000000000000, -1.00000000000000, 0.000000000000000 ) );
#7511 = CARTESIAN_POINT( '', ( -0.0140287654185100, 0.00672880477033900, 0.0155242311381600 ) );
#7512 = DIRECTION( '', ( -0.000000000000000, 0.000000000000000, -1.00000000000000 ) );
#7513 = DIRECTION( '', ( -0.0993594519425209, -0.995051606355008, 0.000000000000000 ) );
#7514 = DIRECTION( '', ( 0.000000000000000, 0.000000000000000, -0.999999999999985 ) );
#7515 = CARTESIAN_POINT( '', ( -0.0140287654185100, 0.00672880477033900, 0.0126542311381600 ) );
#7516 = DIRECTION( '', ( 0.000000000000000, 0.000000000000000, 1.00000000000000 ) );
#7517 = DIRECTION( '', ( -1.00000000000000, 0.000000000000000, 0.000000000000000 ) );
#7518 = DIRECTION( '', ( 0.000000000000000, 0.000000000000000, 0.999999999999992 ) );
#7519 = DIRECTION( '', ( -0.723894639200090, -0.689910538647854, 0.000000000000000 ) );
#7520 = DIRECTION( '', ( 0.000000000000000, 0.000000000000000, 1.00000000000000 ) );
#7521 = DIRECTION( '', ( 0.579022399294609, 0.579022399294509, 0.573991395606541 ) );
#7522 = DIRECTION( '', ( 0.000000000000000, 0.000000000000000, 1.00000000000000 ) );
#7523 = DIRECTION( '', ( 1.00000000000000, 0.000000000000000, 0.000000000000000 ) );
#7524 = DIRECTION( '', ( 0.000000000000000, 0.000000000000000, -1.00000000000000 ) );
#7525 = DIRECTION( '', ( 0.000000000000000, 1.00000000000000, 0.000000000000000 ) );
#7526 = DIRECTION( '', ( 0.000000000000000, 0.000000000000000, 1.00000000000000 ) );
#7527 = DIRECTION( '', ( 0.000000000000000, -1.00000000000000, 0.000000000000000 ) );
#7528 = DIRECTION( '', ( 1.00000000000000, 0.000000000000000, 0.000000000000000 ) );
#7529 = DIRECTION( '', ( 0.000000000000000, 0.000000000000000, -1.00000000000000 ) );
#7530 = DIRECTION( '', ( -0.710185375623074, 0.000000000000000, 0.704014724456181 ) );
#7531 = DIRECTION( '', ( 0.710185375623074, 0.000000000000000, -0.704014724456181 ) );
#7532 = DIRECTION( '', ( 0.000000000000000, 0.000000000000000, -1.00000000000000 ) );
#7533 = DIRECTION( '', ( -1.00000000000000, 0.000000000000000, 0.000000000000000 ) );
#7534 = DIRECTION( '', ( -1.00000000000000, 0.000000000000000, 0.000000000000000 ) );
#7535 = DIRECTION( '', ( 0.577350269189626, 0.577350269189626, 0.577350269189626 ) );
#7536 = CARTESIAN_POINT( '', ( -0.0151987654185100, 0.00555880477033900, 0.0147907274767800 ) );
#7537 = DIRECTION( '', ( 0.000000000000000, 0.000000000000000, 1.00000000000000 ) );
#7538 = DIRECTION( '', ( 1.00000000000000, 0.000000000000000, 0.000000000000000 ) );
#7539 = CARTESIAN_POINT( '', ( -0.0151987654185100, 0.00555880477033900, 0.0155242311381600 ) );
#7540 = DIRECTION( '', ( 0.000000000000000, 0.000000000000000, 1.00000000000000 ) );
#7541 = DIRECTION( '', ( 1.00000000000000, 0.000000000000000, 0.000000000000000 ) );
#7542 = DIRECTION( '', ( 0.000000000000000, 0.000000000000000, -0.999999999999708 ) );
#7543 = CARTESIAN_POINT( '', ( -0.0165560513132300, 0.00577880477033900, 0.0126542311381600 ) );
#7544 = DIRECTION( '', ( 0.000000000000000, 0.000000000000000, -1.00000000000000 ) );
#7545 = DIRECTION( '', ( -0.987117014327352, 0.160000000079544, 0.000000000000000 ) );
#7546 = DIRECTION( '', ( 0.000000000000000, 0.000000000000000, -1.00000000000000 ) );
#7547 = DIRECTION( '', ( 1.00000000000000, 0.000000000000000, 0.000000000000000 ) );
#7548 = DIRECTION( '', ( 0.000000000000000, 0.000000000000000, -1.00000000000000 ) );
#7549 = DIRECTION( '', ( -0.710185375623174, 0.000000000000000, -0.704014724456081 ) );
#7550 = DIRECTION( '', ( 0.000000000000000, 0.000000000000000, 1.00000000000000 ) );
#7551 = DIRECTION( '', ( 1.00000000000000, 0.000000000000000, 0.000000000000000 ) );
#7552 = DIRECTION( '', ( 0.000000000000000, 0.000000000000000, -1.00000000000000 ) );
#7553 = DIRECTION( '', ( 1.00000000000000, 0.000000000000000, 0.000000000000000 ) );
#7554 = DIRECTION( '', ( 0.000000000000000, 0.000000000000000, -1.00000000000000 ) );
#7555 = CARTESIAN_POINT( '', ( -0.0218354230530100, 0.00477180477033800, 0.00895423113815500 ) );
#7556 = DIRECTION( '', ( 0.000000000000000, 0.000000000000000, 1.00000000000000 ) );
#7557 = DIRECTION( '', ( -1.00000000000000, 0.000000000000000, 0.000000000000000 ) );
#7558 = DIRECTION( '', ( -0.577350269189626, -0.577350269189626, 0.577350269189626 ) );
#7559 = DIRECTION( '', ( -1.00000000000000, 0.000000000000000, 0.000000000000000 ) );
#7560 = DIRECTION( '', ( -0.577350269189626, 0.577350269189626, -0.577350269189626 ) );
#7561 = DIRECTION( '', ( 0.000000000000000, 0.000000000000000, 1.00000000000000 ) );
#7562 = DIRECTION( '', ( 1.00000000000000, 0.000000000000000, 0.000000000000000 ) );
#7563 = DIRECTION( '', ( 0.000000000000000, 0.000000000000000, -1.00000000000000 ) );
#7564 = DIRECTION( '', ( -1.00000000000000, 0.000000000000000, 0.000000000000000 ) );
#7565 = DIRECTION( '', ( 0.577350269189626, -0.577350269189626, -0.577350269189626 ) );
#7566 = DIRECTION( '', ( -1.00000000000000, 0.000000000000000, 0.000000000000000 ) );
#7567 = DIRECTION( '', ( 0.000000000000000, 0.000000000000000, 1.00000000000000 ) );
#7568 = CARTESIAN_POINT( '', ( -0.0209114230530100, 0.00477180477033800, 0.0126542311381600 ) );
#7569 = DIRECTION( '', ( 0.000000000000000, 0.000000000000000, -1.00000000000000 ) );
#7570 = DIRECTION( '', ( 1.00000000000000, 0.000000000000000, 0.000000000000000 ) );
#7571 = DIRECTION( '', ( 0.577350269189626, 0.577350269189626, -0.577350269189626 ) );
#7572 = DIRECTION( '', ( 0.000000000000000, -1.00000000000000, 0.000000000000000 ) );
#7573 = DIRECTION( '', ( 0.000000000000000, -1.00000000000000, 0.000000000000000 ) );
#7574 = CARTESIAN_POINT( '', ( -0.0209114230530100, 0.00477180477033800, 0.00895423113815500 ) );
#7575 = DIRECTION( '', ( -0.000000000000000, 0.000000000000000, 1.00000000000000 ) );
#7576 = DIRECTION( '', ( 0.000000000000000, -1.00000000000000, 0.000000000000000 ) );
#7577 = DIRECTION( '', ( 0.000000000000000, 0.000000000000000, 1.00000000000000 ) );
#7578 = DIRECTION( '', ( 0.000000000000000, -1.48661600274663E-06, 0.999999999998886 ) );
#7579 = DIRECTION( '', ( 0.000000000000000, 0.000000000000000, -1.00000000000000 ) );
#7580 = CARTESIAN_POINT( '', ( -0.0277610883731100, 0.00696671989562100, 0.0126542311381600 ) );
#7581 = DIRECTION( '', ( 0.000000000000000, 0.000000000000000, -1.00000000000000 ) );
#7582 = DIRECTION( '', ( -1.00000000000000, 0.000000000000000, 0.000000000000000 ) );
#7583 = DIRECTION( '', ( -1.00000000000000, 0.000000000000000, 0.000000000000000 ) );
#7584 = DIRECTION( '', ( 0.000000000000000, 0.000000000000000, -1.00000000000000 ) );
#7585 = DIRECTION( '', ( -1.00000000000000, 0.000000000000000, 0.000000000000000 ) );
#7586 = DIRECTION( '', ( 0.000000000000000, -1.00000000000000, 0.000000000000000 ) );
#7587 = DIRECTION( '', ( -1.00000000000000, 0.000000000000000, 0.000000000000000 ) );
#7588 = DIRECTION( '', ( 0.000000000000000, -1.00000000000000, 0.000000000000000 ) );
#7589 = DIRECTION( '', ( 0.000000000000000, 0.000000000000000, 1.00000000000000 ) );
#7590 = CARTESIAN_POINT( '', ( -0.0275410883731100, 0.00555880477033900, 0.0126542311381600 ) );
#7591 = DIRECTION( '', ( 0.000000000000000, -0.000000000000000, -1.00000000000000 ) );
#7592 = DIRECTION( '', ( 0.154385968261406, -0.988010613710191, 0.000000000000000 ) );
#7593 = DIRECTION( '', ( 0.000000000000000, 0.000000000000000, 1.00000000000000 ) );
#7594 = CARTESIAN_POINT( '', ( -0.0275410883731100, 0.00555880477033900, 0.0146835021307500 ) );
#7595 = DIRECTION( '', ( 0.000000000000000, 0.000000000000000, 1.00000000000000 ) );
#7596 = DIRECTION( '', ( -0.154385964917704, -0.988010614232676, 0.000000000000000 ) );
#7597 = CARTESIAN_POINT( '', ( -0.0275410883731100, 0.00555880477033900, 0.0126542311381600 ) );
#7598 = DIRECTION( '', ( 0.000000000000000, 0.000000000000000, 1.00000000000000 ) );
#7599 = DIRECTION( '', ( -0.154385964917704, 0.988010614232676, 0.000000000000000 ) );
#7600 = CARTESIAN_POINT( '', ( -0.0275410883731100, 0.00555880477033900, 0.0146835021307500 ) );
#7601 = DIRECTION( '', ( 0.000000000000000, -0.000000000000000, 1.00000000000000 ) );
#7602 = DIRECTION( '', ( 0.154385964917704, 0.988010614232676, 0.000000000000000 ) );
#7603 = DIRECTION( '', ( 0.000000000000000, 0.000000000000000, 1.00000000000000 ) );
#7604 = DIRECTION( '', ( 0.000000000000000, 0.000000000000000, 1.00000000000000 ) );
#7605 = CARTESIAN_POINT( '', ( -0.0275410883731100, 0.00555880477033900, 0.0126542311381600 ) );
#7606 = DIRECTION( '', ( 0.000000000000000, 0.000000000000000, -1.00000000000000 ) );
#7607 = DIRECTION( '', ( 0.000000000000000, 1.00000000000000, 0.000000000000000 ) );
#7608 = DIRECTION( '', ( 0.000000000000000, 0.000000000000000, -1.00000000000000 ) );
#7609 = DIRECTION( '', ( 1.00000000000000, 0.000000000000000, 0.000000000000000 ) );
#7610 = DIRECTION( '', ( 0.000000000000000, 0.000000000000000, -1.00000000000000 ) );
#7611 = DIRECTION( '', ( 0.818861329993828, 0.000000000000000, -0.573991395615596 ) );
#7612 = DIRECTION( '', ( 0.000000000000000, 0.000000000000000, 1.00000000000000 ) );
#7613 = DIRECTION( '', ( 0.000000000000000, 0.000000000000000, -1.00000000000000 ) );
#7614 = CARTESIAN_POINT( '', ( -0.0149787654236900, 0.00696671989562100, 0.0126542311381600 ) );
#7615 = DIRECTION( '', ( 0.000000000000000, 0.000000000000000, -1.00000000000000 ) );
#7616 = DIRECTION( '', ( 0.154386292432760, 0.988010563055308, 0.000000000000000 ) );
#7617 = DIRECTION( '', ( 1.00000000000000, 0.000000000000000, 0.000000000000000 ) );
#7618 = DIRECTION( '', ( 0.000000000000000, 0.000000000000000, 0.999999999999708 ) );
#7619 = DIRECTION( '', ( 1.00000000000000, 0.000000000000000, 0.000000000000000 ) );
#7620 = DIRECTION( '', ( 0.000000000000000, 0.000000000000000, 1.00000000000000 ) );
#7621 = CARTESIAN_POINT( '', ( -0.0259480813096000, 0.00525613577033900, 0.0115942311381600 ) );
#7622 = DIRECTION( '', ( 0.000000000000000, 0.000000000000000, -1.00000000000000 ) );
#7623 = DIRECTION( '', ( 1.00000000000000, 0.000000000000000, 0.000000000000000 ) );
#7624 = DIRECTION( '', ( 0.000000000000000, 0.000000000000000, -1.00000000000000 ) );
#7625 = DIRECTION( '', ( 0.000000000000000, 0.000000000000000, 1.00000000000000 ) );
#7626 = CARTESIAN_POINT( '', ( -0.0259480813096000, 0.00586147377033900, 0.0115942311381600 ) );
#7627 = DIRECTION( '', ( 0.000000000000000, 0.000000000000000, -1.00000000000000 ) );
#7628 = DIRECTION( '', ( 0.000000000000000, 1.00000000000000, 0.000000000000000 ) );
#7629 = DIRECTION( '', ( 0.000000000000000, 0.000000000000000, 1.00000000000000 ) );
#7630 = CARTESIAN_POINT( '', ( -0.0260480813096000, 0.00758380477033900, 0.0126542311381600 ) );
#7631 = DIRECTION( '', ( 0.000000000000000, 0.000000000000000, -1.00000000000000 ) );
#7632 = DIRECTION( '', ( 1.00000000000000, 0.000000000000000, 0.000000000000000 ) );
#7633 = DIRECTION( '', ( 0.000000000000000, 0.000000000000000, -1.00000000000000 ) );
#7634 = DIRECTION( '', ( -0.710185375623074, 0.000000000000000, 0.704014724456181 ) );
#7635 = DIRECTION( '', ( 0.000000000000000, -0.999999999999219, -1.24991409747519E-06 ) );
#7636 = DIRECTION( '', ( -0.710185375623174, 0.000000000000000, -0.704014724456081 ) );
#7637 = DIRECTION( '', ( 0.000000000000000, -0.999999999999219, -1.24991405534419E-06 ) );
#7638 = DIRECTION( '', ( 0.000000000000000, -1.00000000000000, 0.000000000000000 ) );
#7639 = DIRECTION( '', ( 0.577350269189626, 0.577350269189626, 0.577350269189626 ) );
#7640 = DIRECTION( '', ( 0.000000000000000, 1.00000000000000, 0.000000000000000 ) );
#7641 = CARTESIAN_POINT( '', ( -0.0209114230530100, 0.00569580477033800, 0.0126542311381600 ) );
#7642 = DIRECTION( '', ( 0.000000000000000, 0.000000000000000, -1.00000000000000 ) );
#7643 = DIRECTION( '', ( 0.000000000000000, 1.00000000000000, 0.000000000000000 ) );
#7644 = DIRECTION( '', ( 0.000000000000000, 0.000000000000000, 1.00000000000000 ) );
#7645 = DIRECTION( '', ( 0.000000000000000, 0.000000000000000, -1.00000000000000 ) );
#7646 = DIRECTION( '', ( 0.000000000000000, 1.00000000000000, 0.000000000000000 ) );
#7647 = DIRECTION( '', ( 0.000000000000000, -1.00000000000000, 0.000000000000000 ) );
#7648 = DIRECTION( '', ( 0.577350269189626, -0.577350269189626, -0.577350269189626 ) );
#7649 = CARTESIAN_POINT( '', ( -0.0218354230530100, 0.00569580477033800, 0.00895423113815500 ) );
#7650 = DIRECTION( '', ( 0.000000000000000, -0.000000000000000, 1.00000000000000 ) );
#7651 = DIRECTION( '', ( 0.000000000000000, 1.00000000000000, 0.000000000000000 ) );
#7652 = DIRECTION( '', ( 0.000000000000000, 0.000000000000000, -1.00000000000000 ) );
#7653 = DIRECTION( '', ( 0.000000000000000, 0.000000000000000, 1.00000000000000 ) );
#7654 = DIRECTION( '', ( 0.000000000000000, -1.00000000000000, 0.000000000000000 ) );
#7655 = DIRECTION( '', ( 0.000000000000000, 1.00000000000000, 0.000000000000000 ) );
#7656 = DIRECTION( '', ( 0.000000000000000, -1.00000000000000, 0.000000000000000 ) );
#7657 = DIRECTION( '', ( 0.000000000000000, -1.00000000000000, 0.000000000000000 ) );
#7658 = DIRECTION( '', ( 0.000000000000000, 6.92719099404588E-13, 1.00000000000000 ) );
#7659 = DIRECTION( '', ( 0.000000000000000, -1.00000000000000, 0.000000000000000 ) );
#7660 = DIRECTION( '', ( 0.000000000000000, 0.000000000000000, 1.00000000000000 ) );
#7661 = DIRECTION( '', ( 0.000000000000000, 1.00000000000000, 0.000000000000000 ) );
#7662 = DIRECTION( '', ( 0.000000000000000, 0.000000000000000, 1.00000000000000 ) );
#7663 = DIRECTION( '', ( 0.000000000000000, -1.00000000000000, 0.000000000000000 ) );
#7664 = DIRECTION( '', ( 0.000000000000000, 0.000000000000000, -1.00000000000000 ) );
#7665 = CARTESIAN_POINT( '', ( -0.0138414795237900, 0.00533880477033900, 0.0126542311381600 ) );
#7666 = DIRECTION( '', ( 0.000000000000000, -0.000000000000000, -1.00000000000000 ) );
#7667 = DIRECTION( '', ( 0.987117014327271, -0.160000000080047, 0.000000000000000 ) );
#7668 = DIRECTION( '', ( 0.000000000000000, 0.000000000000000, -1.00000000000000 ) );
#7669 = DIRECTION( '', ( 0.000000000000000, -1.00000000000000, 0.000000000000000 ) );
#7670 = CARTESIAN_POINT( '', ( -0.0140287654185100, 0.00438880477033900, 0.0126542311381600 ) );
#7671 = DIRECTION( '', ( 0.000000000000000, -0.000000000000000, 1.00000000000000 ) );
#7672 = DIRECTION( '', ( 0.000000000000000, 1.00000000000000, 0.000000000000000 ) );
#7673 = DIRECTION( '', ( 0.000000000000000, 1.00000000000000, 0.000000000000000 ) );
#7674 = CARTESIAN_POINT( '', ( -0.0149787654236900, 0.00415088964505600, 0.0126542311381600 ) );
#7675 = DIRECTION( '', ( 0.000000000000000, 0.000000000000000, -1.00000000000000 ) );
#7676 = DIRECTION( '', ( 0.999999999999993, 0.000000000000000, 0.000000000000000 ) );
#7677 = CARTESIAN_POINT( '', ( -0.0151987654185100, 0.00555880477033900, 0.0126542311381600 ) );
#7678 = DIRECTION( '', ( 0.000000000000000, 0.000000000000000, 1.00000000000000 ) );
#7679 = DIRECTION( '', ( 1.00000000000000, 0.000000000000000, 0.000000000000000 ) );
#7680 = CARTESIAN_POINT( '', ( -0.0138414795237900, 0.00577880477033900, 0.0126542311381600 ) );
#7681 = DIRECTION( '', ( 0.000000000000000, 0.000000000000000, -1.00000000000000 ) );
#7682 = DIRECTION( '', ( 0.000000000000000, 1.00000000000000, 0.000000000000000 ) );
#7683 = CARTESIAN_POINT( '', ( -0.0151987654185100, 0.00555880477033900, 0.0126542311381600 ) );
#7684 = DIRECTION( '', ( 0.000000000000000, 0.000000000000000, -1.00000000000000 ) );
#7685 = DIRECTION( '', ( 0.987117014339365, 0.160000000005429, 0.000000000000000 ) );
#7686 = DIRECTION( '', ( 0.000000000000000, 0.000000000000000, 1.00000000000000 ) );
#7687 = DIRECTION( '', ( 0.000000000000000, -1.00000000000000, 0.000000000000000 ) );
#7688 = DIRECTION( '', ( 0.000000000000000, 0.000000000000000, -1.00000000000000 ) );
#7689 = DIRECTION( '', ( -1.00000000000000, 0.000000000000000, 0.000000000000000 ) );
#7690 = DIRECTION( '', ( 0.000000000000000, 0.000000000000000, -1.00000000000000 ) );
#7691 = DIRECTION( '', ( -0.710185375623174, 0.000000000000000, -0.704014724456081 ) );
#7692 = DIRECTION( '', ( 0.000000000000000, -1.00000000000000, 0.000000000000000 ) );
#7693 = DIRECTION( '', ( -1.00000000000000, 0.000000000000000, 0.000000000000000 ) );
#7694 = DIRECTION( '', ( 0.000000000000000, -1.00000000000000, 0.000000000000000 ) );
#7695 = DIRECTION( '', ( -1.00000000000000, 0.000000000000000, 0.000000000000000 ) );
#7696 = DIRECTION( '', ( 0.000000000000000, 0.999999999999997, 0.000000000000000 ) );
#7697 = DIRECTION( '', ( 0.000000000000000, 1.00000000000000, 0.000000000000000 ) );
#7698 = DIRECTION( '', ( 0.000000000000000, -1.00000000000000, 0.000000000000000 ) );
#7699 = DIRECTION( '', ( -1.00000000000000, 0.000000000000000, 0.000000000000000 ) );
#7700 = CARTESIAN_POINT( '', ( -0.0218379910530100, -4.19522968156800E-06, 0.00895423113815500 ) );
#7701 = DIRECTION( '', ( 0.000000000000000, -0.000000000000000, 1.00000000000000 ) );
#7702 = DIRECTION( '', ( 0.000000000000000, 1.00000000000000, 0.000000000000000 ) );
#7703 = DIRECTION( '', ( 0.000000000000000, -1.00000000000000, 0.000000000000000 ) );
#7704 = DIRECTION( '', ( 0.000000000000000, 1.00000000000000, 0.000000000000000 ) );
#7705 = DIRECTION( '', ( 0.000000000000000, 1.00000000000000, 0.000000000000000 ) );
#7706 = DIRECTION( '', ( 0.000000000000000, 0.000000000000000, 1.00000000000000 ) );
#7707 = DIRECTION( '', ( 0.000000000000000, -0.999999999999219, 1.24991406230119E-06 ) );
#7708 = DIRECTION( '', ( 0.000000000000000, 0.000000000000000, 1.00000000000000 ) );
#7709 = DIRECTION( '', ( 0.000000000000000, -1.00000000000000, 0.000000000000000 ) );
#7710 = DIRECTION( '', ( 0.710185375623174, 0.000000000000000, 0.704014724456081 ) );
#7711 = DIRECTION( '', ( 0.000000000000000, 0.000000000000000, 1.00000000000000 ) );
#7712 = CARTESIAN_POINT( '', ( -0.0166987654185100, 0.00758380477033900, 0.0126542311381600 ) );
#7713 = DIRECTION( '', ( -0.000000000000000, -0.000000000000000, -1.00000000000000 ) );
#7714 = DIRECTION( '', ( 0.000000000000000, -1.00000000000000, 0.000000000000000 ) );
#7715 = DIRECTION( '', ( 0.000000000000000, 0.000000000000000, -1.00000000000000 ) );
#7716 = DIRECTION( '', ( 1.00000000000000, 0.000000000000000, 0.000000000000000 ) );
#7717 = DIRECTION( '', ( 0.000000000000000, 0.000000000000000, 1.00000000000000 ) );
#7718 = DIRECTION( '', ( 0.000000000000000, 0.000000000000000, -1.00000000000000 ) );
#7719 = CARTESIAN_POINT( '', ( -0.0151987654185100, 0.00555880477033900, 0.0146835021307500 ) );
#7720 = DIRECTION( '', ( 0.000000000000000, -0.000000000000000, 1.00000000000000 ) );
#7721 = DIRECTION( '', ( 0.154385964917704, 0.988010614232676, 0.000000000000000 ) );
#7722 = DIRECTION( '', ( 0.000000000000000, 0.000000000000000, 1.00000000000000 ) );
#7723 = DIRECTION( '', ( 0.000000000000000, 0.000000000000000, 1.00000000000000 ) );
#7724 = CARTESIAN_POINT( '', ( -0.0151987654185100, 0.00555880477033900, 0.0126542311381600 ) );
#7725 = DIRECTION( '', ( -0.000000000000000, 0.000000000000000, -1.00000000000000 ) );
#7726 = DIRECTION( '', ( 0.000000000000000, -1.00000000000000, 0.000000000000000 ) );
#7727 = DIRECTION( '', ( 0.000000000000000, 0.000000000000000, -1.00000000000000 ) );
#7728 = CARTESIAN_POINT( '', ( -0.0151987654185100, 0.00555880477033900, 0.0126542311381600 ) );
#7729 = DIRECTION( '', ( 0.000000000000000, 0.000000000000000, -1.00000000000000 ) );
#7730 = DIRECTION( '', ( -0.154385964917606, 0.988010614232691, 0.000000000000000 ) );
#7731 = DIRECTION( '', ( 0.000000000000000, 0.000000000000000, -1.00000000000000 ) );
#7732 = CARTESIAN_POINT( '', ( -0.0165560513132300, 0.00533880477033900, 0.0126542311381600 ) );
#7733 = DIRECTION( '', ( -0.000000000000000, -0.000000000000000, -1.00000000000000 ) );
#7734 = DIRECTION( '', ( 0.000000000000000, -1.00000000000000, 0.000000000000000 ) );
#7735 = DIRECTION( '', ( 0.000000000000000, 0.000000000000000, 0.999999999999707 ) );
#7736 = CARTESIAN_POINT( '', ( -0.0140287654185100, 0.00438880477033900, 0.0155242311381600 ) );
#7737 = DIRECTION( '', ( 0.000000000000000, 0.000000000000000, -1.00000000000000 ) );
#7738 = DIRECTION( '', ( -0.995056381350299, 0.0993116203374406, 0.000000000000000 ) );
#7739 = DIRECTION( '', ( 0.000000000000000, 0.000000000000000, -0.999999999999989 ) );
#7740 = DIRECTION( '', ( 1.00000000000000, 0.000000000000000, 0.000000000000000 ) );
#7741 = DIRECTION( '', ( -1.00000000000000, 0.000000000000000, 0.000000000000000 ) );
#7742 = DIRECTION( '', ( 1.00000000000000, 0.000000000000000, 0.000000000000000 ) );
#7743 = DIRECTION( '', ( -1.00000000000000, 0.000000000000000, 0.000000000000000 ) );
#7744 = DIRECTION( '', ( 0.000000000000000, -1.48258976241570E-06, -0.999999999998892 ) );
#7745 = CARTESIAN_POINT( '', ( -0.0154187654185100, 0.00415088964505600, 0.0126542311381600 ) );
#7746 = DIRECTION( '', ( -0.000000000000000, 0.000000000000000, -1.00000000000000 ) );
#7747 = DIRECTION( '', ( -0.154385964993659, -0.988010614220807, 0.000000000000000 ) );
#7748 = DIRECTION( '', ( 0.000000000000000, 0.000000000000000, 0.999999999999987 ) );
#7749 = DIRECTION( '', ( 1.00000000000000, 0.000000000000000, 0.000000000000000 ) );
#7750 = DIRECTION( '', ( 1.00000000000000, 0.000000000000000, 0.000000000000000 ) );
#7751 = CARTESIAN_POINT( '', ( -0.0250480813096000, 0.00820022612654600, 0.0126542311381600 ) );
#7752 = DIRECTION( '', ( 0.000000000000000, -0.000000000000000, 1.00000000000000 ) );
#7753 = DIRECTION( '', ( 0.000000000000000, 1.00000000000000, 0.000000000000000 ) );
#7754 = DIRECTION( '', ( 0.000000000000000, 0.000000000000000, -1.00000000000000 ) );
#7755 = CARTESIAN_POINT( '', ( -0.0275410883731100, 0.00555880477033900, 0.0147907274767800 ) );
#7756 = DIRECTION( '', ( 0.000000000000000, 0.000000000000000, 1.00000000000000 ) );
#7757 = DIRECTION( '', ( -0.987117014339347, 0.160000000005542, 0.000000000000000 ) );
#7758 = CARTESIAN_POINT( '', ( -0.0275410883731100, 0.00555880477033900, 0.0126542311381600 ) );
#7759 = DIRECTION( '', ( -0.000000000000000, 0.000000000000000, -1.00000000000000 ) );
#7760 = DIRECTION( '', ( -0.987117014339365, -0.160000000005429, 0.000000000000000 ) );
#7761 = DIRECTION( '', ( 0.000000000000000, 0.000000000000000, -1.00000000000000 ) );
#7762 = CARTESIAN_POINT( '', ( -0.0288983742678200, 0.00533880477033900, 0.0126542311381600 ) );
#7763 = DIRECTION( '', ( 0.000000000000000, -0.000000000000000, -1.00000000000000 ) );
#7764 = DIRECTION( '', ( 0.000000000000000, -1.00000000000000, 0.000000000000000 ) );
#7765 = DIRECTION( '', ( 0.000000000000000, 0.000000000000000, 0.999999999999707 ) );
#7766 = DIRECTION( '', ( 0.000000000000000, 0.000000000000000, 1.00000000000000 ) );
#7767 = CARTESIAN_POINT( '', ( -0.0273210883782900, 0.00415088964505600, 0.0126542311381600 ) );
#7768 = DIRECTION( '', ( 0.000000000000000, 0.000000000000000, -1.00000000000000 ) );
#7769 = DIRECTION( '', ( 0.999999999999993, 0.000000000000000, 0.000000000000000 ) );
#7770 = DIRECTION( '', ( 0.000000000000000, 0.000000000000000, -1.00000000000000 ) );
#7771 = DIRECTION( '', ( 0.000000000000000, 1.00000000000000, 0.000000000000000 ) );
#7772 = DIRECTION( '', ( 0.000000000000000, 0.000000000000000, -1.00000000000000 ) );
#7773 = DIRECTION( '', ( 0.000000000000000, -1.00000000000000, 0.000000000000000 ) );
#7774 = DIRECTION( '', ( 0.000000000000000, 1.00000000000000, 0.000000000000000 ) );
#7775 = CARTESIAN_POINT( '', ( -0.0209139910530100, -4.19522968156800E-06, 0.0126542311381600 ) );
#7776 = DIRECTION( '', ( 0.000000000000000, 0.000000000000000, -1.00000000000000 ) );
#7777 = DIRECTION( '', ( 0.000000000000000, 1.00000000000000, 0.000000000000000 ) );
#7778 = DIRECTION( '', ( 0.000000000000000, 0.000000000000000, 1.00000000000000 ) );
#7779 = DIRECTION( '', ( 0.000000000000000, 0.000000000000000, -1.00000000000000 ) );
#7780 = DIRECTION( '', ( 1.00000000000000, 0.000000000000000, 0.000000000000000 ) );
#7781 = DIRECTION( '', ( -1.00000000000000, 0.000000000000000, 0.000000000000000 ) );
#7782 = DIRECTION( '', ( 0.707106781186548, 0.000000000000000, -0.707106781186548 ) );
#7783 = DIRECTION( '', ( 0.000000000000000, 0.000000000000000, -1.00000000000000 ) );
#7784 = DIRECTION( '', ( 0.000000000000000, 0.000000000000000, 1.00000000000000 ) );
#7785 = DIRECTION( '', ( -1.00000000000000, 0.000000000000000, 0.000000000000000 ) );
#7786 = CARTESIAN_POINT( '', ( -0.0275410883731100, 0.00555880477033900, 0.0147907274767800 ) );
#7787 = DIRECTION( '', ( 0.000000000000000, 0.000000000000000, 1.00000000000000 ) );
#7788 = DIRECTION( '', ( 1.00000000000000, 0.000000000000000, 0.000000000000000 ) );
#7789 = CARTESIAN_POINT( '', ( -0.0275410883731100, 0.00555880477033900, 0.0126542311381600 ) );
#7790 = DIRECTION( '', ( 0.000000000000000, 0.000000000000000, -1.00000000000000 ) );
#7791 = DIRECTION( '', ( 0.987117014339365, 0.160000000005429, 0.000000000000000 ) );
#7792 = DIRECTION( '', ( 0.000000000000000, 0.000000000000000, 1.00000000000000 ) );
#7793 = DIRECTION( '', ( 0.000000000000000, -1.00000000000000, 0.000000000000000 ) );
#7794 = DIRECTION( '', ( 0.000000000000000, 0.000000000000000, -1.00000000000000 ) );
#7795 = DIRECTION( '', ( 0.000000000000000, -1.48661608014263E-06, 0.999999999998886 ) );
#7796 = CARTESIAN_POINT( '', ( -0.0154187654185100, 0.00696671989562100, 0.0126542311381600 ) );
#7797 = DIRECTION( '', ( 0.000000000000000, 0.000000000000000, -1.00000000000000 ) );
#7798 = DIRECTION( '', ( -1.00000000000000, 0.000000000000000, 0.000000000000000 ) );
#7799 = CARTESIAN_POINT( '', ( -0.0275410883731100, 0.00555880477033900, 0.0155242311381600 ) );
#7800 = DIRECTION( '', ( 0.000000000000000, 0.000000000000000, 1.00000000000000 ) );
#7801 = DIRECTION( '', ( -1.00000000000000, 0.000000000000000, 0.000000000000000 ) );
#7802 = DIRECTION( '', ( 1.00000000000000, 0.000000000000000, 0.000000000000000 ) );
#7803 = DIRECTION( '', ( 0.000000000000000, 0.000000000000000, 1.00000000000000 ) );
#7804 = CARTESIAN_POINT( '', ( -0.0273210886063700, 0.00696671971751900, 0.0134342311402400 ) );
#7805 = DIRECTION( '', ( 0.000000000000000, 0.000000000000000, 0.999999999999999 ) );
#7806 = DIRECTION( '', ( 0.999999999998192, 1.90109754443396E-06, 0.000000000000000 ) );
#7807 = DIRECTION( '', ( 0.000000000000000, 1.00000000000000, 0.000000000000000 ) );
#7808 = DIRECTION( '', ( 0.000000000000000, 0.000000000000000, 0.999999999999987 ) );
#7809 = DIRECTION( '', ( -1.00000000000000, 0.000000000000000, 0.000000000000000 ) );
#7810 = DIRECTION( '', ( -1.00000000000000, 0.000000000000000, 0.000000000000000 ) );
#7811 = DIRECTION( '', ( -0.707106781186548, 0.000000000000000, 0.707106781186548 ) );
#7812 = DIRECTION( '', ( 0.000000000000000, 0.000000000000000, 1.00000000000000 ) );
#7813 = DIRECTION( '', ( 0.000000000000000, -0.999999999999997, 0.000000000000000 ) );
#7814 = DIRECTION( '', ( 0.000000000000000, 0.000000000000000, 1.00000000000000 ) );
#7815 = DIRECTION( '', ( 1.00000000000000, 0.000000000000000, 0.000000000000000 ) );
#7816 = DIRECTION( '', ( 0.000000000000000, 0.000000000000000, -1.00000000000000 ) );
#7817 = DIRECTION( '', ( -0.710185375623174, 0.000000000000000, -0.704014724456081 ) );
#7818 = DIRECTION( '', ( -1.00000000000000, 0.000000000000000, 0.000000000000000 ) );
#7819 = DIRECTION( '', ( 0.710185375623174, 0.000000000000000, 0.704014724456081 ) );
#7820 = DIRECTION( '', ( 0.000000000000000, 0.000000000000000, 1.00000000000000 ) );
#7821 = DIRECTION( '', ( 0.000000000000000, -1.00000000000000, 0.000000000000000 ) );
#7822 = DIRECTION( '', ( 0.000000000000000, -1.00000000000000, 0.000000000000000 ) );
#7823 = DIRECTION( '', ( 0.000000000000000, 0.000000000000000, -1.00000000000000 ) );
#7824 = DIRECTION( '', ( 0.579022399294609, -0.579022399294509, 0.573991395606541 ) );
#7825 = DIRECTION( '', ( 0.000000000000000, -1.00000000000000, 0.000000000000000 ) );
#7826 = DIRECTION( '', ( 0.000000000000000, 0.000000000000000, 1.00000000000000 ) );
#7827 = DIRECTION( '', ( 0.000000000000000, -1.00000000000000, 0.000000000000000 ) );
#7828 = DIRECTION( '', ( 1.00000000000000, 0.000000000000000, 0.000000000000000 ) );
#7829 = DIRECTION( '', ( -1.00000000000000, 0.000000000000000, 0.000000000000000 ) );
#7830 = DIRECTION( '', ( -1.00000000000000, 0.000000000000000, 0.000000000000000 ) );
#7831 = DIRECTION( '', ( 0.000000000000000, 1.00000000000000, 0.000000000000000 ) );
#7832 = DIRECTION( '', ( -1.00000000000000, 0.000000000000000, 0.000000000000000 ) );
#7833 = DIRECTION( '', ( 0.000000000000000, 1.00000000000000, 0.000000000000000 ) );
#7834 = DIRECTION( '', ( 1.00000000000000, 0.000000000000000, 0.000000000000000 ) );
#7835 = DIRECTION( '', ( 0.000000000000000, 1.00000000000000, 0.000000000000000 ) );
#7836 = DIRECTION( '', ( -1.00000000000000, 0.000000000000000, 0.000000000000000 ) );
#7837 = DIRECTION( '', ( 1.00000000000000, 0.000000000000000, 0.000000000000000 ) );
#7838 = DIRECTION( '', ( 0.000000000000000, 1.00000000000000, 0.000000000000000 ) );
#7839 = CARTESIAN_POINT( '', ( -0.0209114230530100, 0.00569580477033800, 0.00895423113815500 ) );
#7840 = DIRECTION( '', ( 0.000000000000000, 0.000000000000000, 1.00000000000000 ) );
#7841 = DIRECTION( '', ( 1.00000000000000, 0.000000000000000, 0.000000000000000 ) );
#7842 = DIRECTION( '', ( -1.00000000000000, 0.000000000000000, 0.000000000000000 ) );
#7843 = DIRECTION( '', ( 0.000000000000000, -1.00000000000000, 0.000000000000000 ) );
#7844 = DIRECTION( '', ( 0.710185375623174, 0.000000000000000, 0.704014724456081 ) );
#7845 = DIRECTION( '', ( 0.000000000000000, 0.000000000000000, -0.999999999999989 ) );
#7846 = DIRECTION( '', ( 0.000000000000000, 1.00000000000000, 0.000000000000000 ) );
#7847 = DIRECTION( '', ( 0.000000000000000, 0.000000000000000, -0.999999999999985 ) );
#7848 = DIRECTION( '', ( 1.00000000000000, 0.000000000000000, 0.000000000000000 ) );
#7849 = DIRECTION( '', ( -1.00000000000000, 0.000000000000000, 0.000000000000000 ) );
#7850 = DIRECTION( '', ( 0.000000000000000, -0.894427190987970, 0.447213595523849 ) );
#7851 = DIRECTION( '', ( -1.00000000000000, 0.000000000000000, 0.000000000000000 ) );
#7852 = DIRECTION( '', ( 0.000000000000000, -0.316227766067404, 0.948683298033658 ) );
#7853 = DIRECTION( '', ( -1.00000000000000, 0.000000000000000, 0.000000000000000 ) );
#7854 = DIRECTION( '', ( 0.000000000000000, 0.000000000000000, -1.00000000000000 ) );
#7855 = DIRECTION( '', ( -1.00000000000000, 0.000000000000000, 0.000000000000000 ) );
#7856 = DIRECTION( '', ( 0.000000000000000, -0.948683298033658, 0.316227766067404 ) );
#7857 = DIRECTION( '', ( 0.000000000000000, 0.000000000000000, 1.00000000000000 ) );
#7858 = DIRECTION( '', ( 0.000000000000000, 1.00000000000000, 0.000000000000000 ) );
#7859 = DIRECTION( '', ( 0.000000000000000, -0.707106781186548, 0.707106781186548 ) );
#7860 = DIRECTION( '', ( 0.000000000000000, -0.980580675682871, 0.196116135178432 ) );
#7861 = DIRECTION( '', ( 0.000000000000000, 1.00000000000000, 0.000000000000000 ) );
#7862 = DIRECTION( '', ( -1.00000000000000, 0.000000000000000, 0.000000000000000 ) );
#7863 = DIRECTION( '', ( 0.000000000000000, 0.000000000000000, 0.999999999999992 ) );
#7864 = DIRECTION( '', ( 0.000000000000000, 1.00000000000000, 0.000000000000000 ) );
#7865 = CARTESIAN_POINT( '', ( -0.0163687654185100, 0.00438880477033900, 0.0155242311381600 ) );
#7866 = DIRECTION( '', ( 0.000000000000000, 0.000000000000000, -1.00000000000000 ) );
#7867 = DIRECTION( '', ( 0.0993116203378466, 0.995056381350259, 0.000000000000000 ) );
#7868 = DIRECTION( '', ( 0.000000000000000, 0.000000000000000, -0.999999999999985 ) );
#7869 = CARTESIAN_POINT( '', ( -0.0163687654185100, 0.00438880477033900, 0.0126542311381600 ) );
#7870 = DIRECTION( '', ( -0.000000000000000, 0.000000000000000, 1.00000000000000 ) );
#7871 = DIRECTION( '', ( 1.00000000000000, 0.000000000000000, 0.000000000000000 ) );
#7872 = DIRECTION( '', ( 1.00000000000000, 0.000000000000000, 0.000000000000000 ) );
#7873 = CARTESIAN_POINT( '', ( -0.0151987654185100, 0.00555880477033900, 0.0147907274767800 ) );
#7874 = DIRECTION( '', ( 0.000000000000000, 0.000000000000000, 1.00000000000000 ) );
#7875 = DIRECTION( '', ( -0.987117014339347, 0.160000000005542, 0.000000000000000 ) );
#7876 = CARTESIAN_POINT( '', ( -0.0151987654185100, 0.00555880477033900, 0.0155242311381600 ) );
#7877 = DIRECTION( '', ( 0.000000000000000, 0.000000000000000, 1.00000000000000 ) );
#7878 = DIRECTION( '', ( -1.00000000000000, 0.000000000000000, 0.000000000000000 ) );
#7879 = DIRECTION( '', ( 0.000000000000000, 0.000000000000000, -1.00000000000000 ) );
#7880 = DIRECTION( '', ( 0.710185375623074, 0.000000000000000, -0.704014724456181 ) );
#7881 = CARTESIAN_POINT( '', ( -0.0287110883731100, 0.00438880477033900, 0.0155242311381600 ) );
#7882 = DIRECTION( '', ( 0.000000000000000, 0.000000000000000, -1.00000000000000 ) );
#7883 = DIRECTION( '', ( 0.0993116203378466, 0.995056381350259, 0.000000000000000 ) );
#7884 = CARTESIAN_POINT( '', ( -0.0287110883731100, 0.00438880477033900, 0.0126542311381600 ) );
#7885 = DIRECTION( '', ( 0.000000000000000, 0.000000000000000, 1.00000000000000 ) );
#7886 = DIRECTION( '', ( 1.00000000000000, 0.000000000000000, 0.000000000000000 ) );
#7887 = DIRECTION( '', ( 0.000000000000000, 0.000000000000000, 0.999999999999992 ) );
#7888 = CARTESIAN_POINT( '', ( -0.0151987654185100, 0.00555880477033900, 0.0155242311381600 ) );
#7889 = DIRECTION( '', ( 0.000000000000000, -0.000000000000000, 1.00000000000000 ) );
#7890 = DIRECTION( '', ( 0.286154507430575, 0.958183488626873, 0.000000000000000 ) );
#7891 = DIRECTION( '', ( 1.00000000000000, 0.000000000000000, 0.000000000000000 ) );
#7892 = CARTESIAN_POINT( '', ( -0.0151987654185100, 0.00555880477033900, 0.0115942311381600 ) );
#7893 = DIRECTION( '', ( 0.000000000000000, 0.000000000000000, -1.00000000000000 ) );
#7894 = DIRECTION( '', ( 0.000000000000000, 1.00000000000000, 0.000000000000000 ) );
#7895 = DIRECTION( '', ( 0.000000000000000, 0.000000000000000, -1.00000000000000 ) );
#7896 = DIRECTION( '', ( 0.000000000000000, 1.00000000000000, 0.000000000000000 ) );
#7897 = DIRECTION( '', ( -0.707106781186598, 0.000000000000000, 0.707106781186498 ) );
#7898 = DIRECTION( '', ( 1.00000000000000, 0.000000000000000, 0.000000000000000 ) );
#7899 = CARTESIAN_POINT( '', ( -0.0275410883731100, 0.00555880477033900, 0.0115942311381600 ) );
#7900 = DIRECTION( '', ( -0.000000000000000, 0.000000000000000, -1.00000000000000 ) );
#7901 = DIRECTION( '', ( 0.000000000000000, -1.00000000000000, 0.000000000000000 ) );
#7902 = DIRECTION( '', ( 0.000000000000000, 0.000000000000000, -1.00000000000000 ) );
#7903 = DIRECTION( '', ( 1.00000000000000, 0.000000000000000, 0.000000000000000 ) );
#7904 = DIRECTION( '', ( 0.000000000000000, 0.000000000000000, 1.00000000000000 ) );
#7905 = DIRECTION( '', ( -0.710185375623074, 0.000000000000000, 0.704014724456181 ) );
#7906 = DIRECTION( '', ( 0.000000000000000, -1.00000000000000, 0.000000000000000 ) );
#7907 = DIRECTION( '', ( 0.000000000000000, 0.000000000000000, 1.00000000000000 ) );
#7908 = DIRECTION( '', ( 0.000000000000000, 0.000000000000000, -1.00000000000000 ) );
#7909 = DIRECTION( '', ( 0.000000000000000, 0.000000000000000, -1.00000000000000 ) );
#7910 = DIRECTION( '', ( 0.000000000000000, 0.000000000000000, -1.00000000000000 ) );
#7911 = DIRECTION( '', ( 0.000000000000000, -1.00000000000000, 0.000000000000000 ) );
#7912 = DIRECTION( '', ( 1.00000000000000, 0.000000000000000, 0.000000000000000 ) );
#7913 = DIRECTION( '', ( -0.579022399294576, -0.579022399294476, 0.573991395606608 ) );
#7914 = DIRECTION( '', ( 0.710185375623074, 0.000000000000000, -0.704014724456181 ) );
#7915 = DIRECTION( '', ( 0.000000000000000, 0.000000000000000, 1.00000000000000 ) );
#7916 = DIRECTION( '', ( 0.710185375623174, 0.000000000000000, 0.704014724456081 ) );
#7917 = CARTESIAN_POINT( '', ( -0.0275410883731100, 0.00555880477033900, 0.0155242311381600 ) );
#7918 = DIRECTION( '', ( 0.000000000000000, 0.000000000000000, 1.00000000000000 ) );
#7919 = DIRECTION( '', ( 1.00000000000000, 0.000000000000000, 0.000000000000000 ) );
#7920 = CARTESIAN_POINT( '', ( -0.0263710883731100, 0.00672880477033900, 0.0155242311381600 ) );
#7921 = DIRECTION( '', ( -0.000000000000000, 0.000000000000000, -1.00000000000000 ) );
#7922 = DIRECTION( '', ( -0.0993594519425110, -0.995051606355009, 0.000000000000000 ) );
#7923 = CARTESIAN_POINT( '', ( -0.0275410883731100, 0.00555880477033900, 0.0155242311381600 ) );
#7924 = DIRECTION( '', ( 0.000000000000000, -0.000000000000000, 1.00000000000000 ) );
#7925 = DIRECTION( '', ( 0.286154507430575, 0.958183488626873, 0.000000000000000 ) );
#7926 = CARTESIAN_POINT( '', ( -0.0287110883731100, 0.00672880477033900, 0.0155242311381600 ) );
#7927 = DIRECTION( '', ( 0.000000000000000, -0.000000000000000, -1.00000000000000 ) );
#7928 = DIRECTION( '', ( 0.995056381350299, -0.0993116203374406, 0.000000000000000 ) );
#7929 = CARTESIAN_POINT( '', ( -0.0275410883731100, 0.00555880477033900, 0.0155242311381600 ) );
#7930 = DIRECTION( '', ( 0.000000000000000, 0.000000000000000, 1.00000000000000 ) );
#7931 = DIRECTION( '', ( -0.286154507430575, -0.958183488626873, 0.000000000000000 ) );
#7932 = CARTESIAN_POINT( '', ( -0.0263710883731100, 0.00438880477033900, 0.0155242311381600 ) );
#7933 = DIRECTION( '', ( 0.000000000000000, 0.000000000000000, -1.00000000000000 ) );
#7934 = DIRECTION( '', ( -0.995056381350300, 0.0993116203374307, 0.000000000000000 ) );
#7935 = DIRECTION( '', ( 0.000000000000000, 0.000000000000000, -1.00000000000000 ) );
#7936 = CARTESIAN_POINT( '', ( -0.0218354230530100, 0.00569580477033800, 0.0126542311381600 ) );
#7937 = DIRECTION( '', ( 0.000000000000000, 0.000000000000000, -1.00000000000000 ) );
#7938 = DIRECTION( '', ( -1.00000000000000, 0.000000000000000, 0.000000000000000 ) );
#7939 = CARTESIAN_POINT( '', ( -0.0273210883782900, 0.00696671989562100, 0.0126542311381600 ) );
#7940 = DIRECTION( '', ( 0.000000000000000, 0.000000000000000, -1.00000000000000 ) );
#7941 = DIRECTION( '', ( 0.154386120722669, 0.988010589886670, 0.000000000000000 ) );
#7942 = CARTESIAN_POINT( '', ( -0.0260480813096000, 0.00353380477033900, 0.0126542311381600 ) );
#7943 = DIRECTION( '', ( 0.000000000000000, 0.000000000000000, -1.00000000000000 ) );
#7944 = DIRECTION( '', ( 0.000000000000000, 1.00000000000000, 0.000000000000000 ) );
#7945 = DIRECTION( '', ( -1.00000000000000, 0.000000000000000, 0.000000000000000 ) );
#7946 = DIRECTION( '', ( 0.000000000000000, 0.000000000000000, -1.00000000000000 ) );
#7947 = CARTESIAN_POINT( '', ( -0.0218379910530100, -4.19522968156800E-06, 0.0126542311381600 ) );
#7948 = DIRECTION( '', ( 0.000000000000000, 0.000000000000000, -1.00000000000000 ) );
#7949 = DIRECTION( '', ( -1.00000000000000, 0.000000000000000, 0.000000000000000 ) );
#7950 = DIRECTION( '', ( 0.000000000000000, 0.000000000000000, 1.00000000000000 ) );
#7951 = DIRECTION( '', ( 0.000000000000000, 1.00000000000000, 0.000000000000000 ) );
#7952 = DIRECTION( '', ( 0.000000000000000, -1.00000000000000, 0.000000000000000 ) );
#7953 = DIRECTION( '', ( 0.000000000000000, 0.000000000000000, 1.00000000000000 ) );
#7954 = DIRECTION( '', ( 0.000000000000000, 1.00000000000000, 0.000000000000000 ) );
#7955 = DIRECTION( '', ( 0.000000000000000, 0.000000000000000, -0.999999999999989 ) );
#7956 = DIRECTION( '', ( 0.000000000000000, -1.00000000000000, 0.000000000000000 ) );
#7957 = CARTESIAN_POINT( '', ( -0.0287110883731100, 0.00672880477033900, 0.0126542311381600 ) );
#7958 = DIRECTION( '', ( -0.000000000000000, 0.000000000000000, 1.00000000000000 ) );
#7959 = DIRECTION( '', ( 0.000000000000000, -1.00000000000000, 0.000000000000000 ) );
#7960 = DIRECTION( '', ( -1.00000000000000, 0.000000000000000, 0.000000000000000 ) );
#7961 = DIRECTION( '', ( -1.00000000000000, 0.000000000000000, 0.000000000000000 ) );
#7962 = DIRECTION( '', ( 0.000000000000000, 1.00000000000000, 0.000000000000000 ) );
#7963 = DIRECTION( '', ( 0.000000000000000, -1.00000000000000, 0.000000000000000 ) );
#7964 = DIRECTION( '', ( -1.00000000000000, 0.000000000000000, 0.000000000000000 ) );
#7965 = CARTESIAN_POINT( '', ( -0.0166987654185100, 0.00353380477033900, 0.0126542311381600 ) );
#7966 = DIRECTION( '', ( 0.000000000000000, 0.000000000000000, -1.00000000000000 ) );
#7967 = DIRECTION( '', ( -1.00000000000000, 0.000000000000000, 0.000000000000000 ) );
#7968 = DIRECTION( '', ( -1.00000000000000, 0.000000000000000, 0.000000000000000 ) );
#7969 = CARTESIAN_POINT( '', ( -0.0151987654185100, 0.00555880477033900, 0.0126542311381600 ) );
#7970 = DIRECTION( '', ( -0.000000000000000, 0.000000000000000, -1.00000000000000 ) );
#7971 = DIRECTION( '', ( -0.987117014339365, -0.160000000005429, 0.000000000000000 ) );
#7972 = CARTESIAN_POINT( '', ( -0.0176995430607500, 0.00820022612653600, 0.0126542311381600 ) );
#7973 = DIRECTION( '', ( 0.000000000000000, 0.000000000000000, -1.00000000000000 ) );
#7974 = DIRECTION( '', ( -1.00000000000000, 0.000000000000000, 0.000000000000000 ) );
#7975 = CARTESIAN_POINT( '', ( -0.0263710883731100, 0.00672880477033900, 0.0126542311381600 ) );
#7976 = DIRECTION( '', ( 0.000000000000000, 0.000000000000000, 1.00000000000000 ) );
#7977 = DIRECTION( '', ( -1.00000000000000, 0.000000000000000, 0.000000000000000 ) );
#7978 = DIRECTION( '', ( 1.00000000000000, 0.000000000000000, 0.000000000000000 ) );
#7979 = CARTESIAN_POINT( '', ( -0.0263710883731100, 0.00438880477033900, 0.0126542311381600 ) );
#7980 = DIRECTION( '', ( 0.000000000000000, -0.000000000000000, 1.00000000000000 ) );
#7981 = DIRECTION( '', ( 0.000000000000000, 1.00000000000000, 0.000000000000000 ) );
#7982 = CARTESIAN_POINT( '', ( -0.0218354230530100, 0.00477180477033800, 0.0126542311381600 ) );
#7983 = DIRECTION( '', ( -0.000000000000000, -0.000000000000000, -1.00000000000000 ) );
#7984 = DIRECTION( '', ( 0.000000000000000, -1.00000000000000, 0.000000000000000 ) );
#7985 = DIRECTION( '', ( 0.000000000000000, 1.00000000000000, 0.000000000000000 ) );
#7986 = DIRECTION( '', ( 0.000000000000000, 0.000000000000000, -1.00000000000000 ) );
#7987 = DIRECTION( '', ( 1.00000000000000, 0.000000000000000, 0.000000000000000 ) );
#7988 = DIRECTION( '', ( -1.00000000000000, 0.000000000000000, 0.000000000000000 ) );
#7989 = DIRECTION( '', ( -1.00000000000000, 0.000000000000000, 0.000000000000000 ) );
#7990 = DIRECTION( '', ( 0.000000000000000, 0.000000000000000, 1.00000000000000 ) );
#7991 = DIRECTION( '', ( 0.000000000000000, 0.000000000000000, -0.999999999999985 ) );
#7992 = DIRECTION( '', ( 0.000000000000000, 0.000000000000000, -1.00000000000000 ) );
ENDSEC;
END-ISO-10303-21;

